workload,policy,budget,budget_pct,trace,rel_error,budget_satisfied,block_satisfaction_rate,energy_savings_pct,energy_ratio,latency_reduction_pct,latency_ratio,pct_EXACT,pct_APPROX1,pct_APPROX2,pct_APPROX3,total_energy_macs,baseline_energy_macs,overhead_pct,mae,rmse
fir,exact_only,0.005,0.5%,constant_low,0.0,True,1.0,0.0,1.0,0.0,1.0,100.0,0.0,0.0,0.0,393216.0,393216.0,0.0,0.0,0.0
fir,fixed_a1,0.005,0.5%,constant_low,0.0002700205694022343,True,0.96875,59.558823529411754,0.4044117647058824,37.5,0.625,0.0,100.0,0.0,0.0,159021.17647058825,393216.0,0.0,0.000541622176710505,0.0008124519119715152
fir,fixed_a2,0.005,0.5%,constant_low,0.0025165753589345865,True,0.75,84.55882352941177,0.15441176470588228,62.5,0.375,0.0,0.0,100.0,0.0,60717.17647058821,393216.0,0.0,0.0038263277563439693,0.007572002631181359
fir,fixed_a3,0.005,0.5%,constant_low,0.019019909574040657,False,0.0,92.6470588235294,0.07352941176470591,75.0,0.25,0.0,0.0,0.0,100.0,28912.9411764706,393216.0,0.0,0.03445847944959958,0.05722809167154802
fir,resource_only,0.005,0.5%,constant_low,0.0,True,1.0,-0.06510416666667407,1.0006510416666667,0.0,1.0,100.0,0.0,0.0,0.0,393472.0,393216.0,0.06506180871828238,0.0,0.0
fir,full_adaptive,0.005,0.5%,constant_low,0.00026922401728088607,True,1.0,15.881587009803921,0.8411841299019608,25.78125,0.7421875,31.25,68.75,0.0,0.0,330767.0588235294,393216.0,29.79740496244025,0.0005232289552080264,0.0008100552045821227
fir,exact_only,0.005,0.5%,constant_med,0.0,True,1.0,0.0,1.0,0.0,1.0,100.0,0.0,0.0,0.0,393216.0,393216.0,0.0,0.0,0.0
fir,fixed_a1,0.005,0.5%,constant_med,0.0002700205694022343,True,0.96875,59.558823529411754,0.4044117647058824,37.5,0.625,0.0,100.0,0.0,0.0,159021.17647058825,393216.0,0.0,0.000541622176710505,0.0008124519119715152
fir,fixed_a2,0.005,0.5%,constant_med,0.0025165753589345865,True,0.75,84.55882352941177,0.15441176470588228,62.5,0.375,0.0,0.0,100.0,0.0,60717.17647058821,393216.0,0.0,0.0038263277563439693,0.007572002631181359
fir,fixed_a3,0.005,0.5%,constant_med,0.019019909574040657,False,0.0,92.6470588235294,0.07352941176470591,75.0,0.25,0.0,0.0,0.0,100.0,28912.9411764706,393216.0,0.0,0.03445847944959958,0.05722809167154802
fir,resource_only,0.005,0.5%,constant_med,0.0,True,1.0,-0.06510416666667407,1.0006510416666667,0.0,1.0,100.0,0.0,0.0,0.0,393472.0,393216.0,0.06506180871828238,0.0,0.0
fir,full_adaptive,0.005,0.5%,constant_med,0.00039937129303092595,True,1.0,16.662837009803923,0.8333716299019608,26.5625,0.734375,31.25,65.625,3.125,0.0,327695.0588235294,393216.0,30.076742796746476,0.0006101918502082554,0.001201649086689272
fir,exact_only,0.005,0.5%,constant_high,0.0,True,1.0,0.0,1.0,0.0,1.0,100.0,0.0,0.0,0.0,393216.0,393216.0,0.0,0.0,0.0
fir,fixed_a1,0.005,0.5%,constant_high,0.0002700205694022343,True,0.96875,59.558823529411754,0.4044117647058824,37.5,0.625,0.0,100.0,0.0,0.0,159021.17647058825,393216.0,0.0,0.000541622176710505,0.0008124519119715152
fir,fixed_a2,0.005,0.5%,constant_high,0.0025165753589345865,True,0.75,84.55882352941177,0.15441176470588228,62.5,0.375,0.0,0.0,100.0,0.0,60717.17647058821,393216.0,0.0,0.0038263277563439693,0.007572002631181359
fir,fixed_a3,0.005,0.5%,constant_high,0.019019909574040657,False,0.0,92.6470588235294,0.07352941176470591,75.0,0.25,0.0,0.0,0.0,100.0,28912.9411764706,393216.0,0.0,0.03445847944959958,0.05722809167154802
fir,resource_only,0.005,0.5%,constant_high,0.0,True,1.0,-0.06510416666667407,1.0006510416666667,0.0,1.0,100.0,0.0,0.0,0.0,393472.0,393216.0,0.06506180871828238,0.0,0.0
fir,full_adaptive,0.005,0.5%,constant_high,0.0023211638939168054,True,1.0,28.381587009803923,0.7161841299019608,38.28125,0.6171875,31.25,18.75,50.0,0.0,281615.0588235294,393216.0,34.99812844232929,0.0030485846254040476,0.006984038467094468
fir,exact_only,0.005,0.5%,oscillating,0.0,True,1.0,0.0,1.0,0.0,1.0,100.0,0.0,0.0,0.0,393216.0,393216.0,0.0,0.0,0.0
fir,fixed_a1,0.005,0.5%,oscillating,0.0002700205694022343,True,0.96875,59.558823529411754,0.4044117647058824,37.5,0.625,0.0,100.0,0.0,0.0,159021.17647058825,393216.0,0.0,0.000541622176710505,0.0008124519119715152
fir,fixed_a2,0.005,0.5%,oscillating,0.0025165753589345865,True,0.75,84.55882352941177,0.15441176470588228,62.5,0.375,0.0,0.0,100.0,0.0,60717.17647058821,393216.0,0.0,0.0038263277563439693,0.007572002631181359
fir,fixed_a3,0.005,0.5%,oscillating,0.019019909574040657,False,0.0,92.6470588235294,0.07352941176470591,75.0,0.25,0.0,0.0,0.0,100.0,28912.9411764706,393216.0,0.0,0.03445847944959958,0.05722809167154802
fir,resource_only,0.005,0.5%,oscillating,0.0,True,1.0,-0.06510416666667407,1.0006510416666667,0.0,1.0,100.0,0.0,0.0,0.0,393472.0,393216.0,0.06506180871828238,0.0,0.0
fir,full_adaptive,0.005,0.5%,oscillating,0.0013121079455559357,True,1.0,19.006587009803923,0.8099341299019608,28.90625,0.7109375,31.25,56.25,12.5,0.0,318479.0588235294,393216.0,30.947089696912382,0.0012907895139312286,0.0039479385272013865
fir,exact_only,0.005,0.5%,rising,0.0,True,1.0,0.0,1.0,0.0,1.0,100.0,0.0,0.0,0.0,393216.0,393216.0,0.0,0.0,0.0
fir,fixed_a1,0.005,0.5%,rising,0.0002700205694022343,True,0.96875,59.558823529411754,0.4044117647058824,37.5,0.625,0.0,100.0,0.0,0.0,159021.17647058825,393216.0,0.0,0.000541622176710505,0.0008124519119715152
fir,fixed_a2,0.005,0.5%,rising,0.0025165753589345865,True,0.75,84.55882352941177,0.15441176470588228,62.5,0.375,0.0,0.0,100.0,0.0,60717.17647058821,393216.0,0.0,0.0038263277563439693,0.007572002631181359
fir,fixed_a3,0.005,0.5%,rising,0.019019909574040657,False,0.0,92.6470588235294,0.07352941176470591,75.0,0.25,0.0,0.0,0.0,100.0,28912.9411764706,393216.0,0.0,0.03445847944959958,0.05722809167154802
fir,resource_only,0.005,0.5%,rising,0.0,True,1.0,-0.06510416666667407,1.0006510416666667,0.0,1.0,100.0,0.0,0.0,0.0,393472.0,393216.0,0.06506180871828238,0.0,0.0
fir,full_adaptive,0.005,0.5%,rising,0.0006649248379565174,True,1.0,19.787837009803923,0.8021216299019608,29.6875,0.703125,31.25,53.125,15.625,0.0,315407.0588235294,393216.0,31.248507997135356,0.0008720777698516902,0.0020006603834331906
fir,exact_only,0.005,0.5%,random,0.0,True,1.0,0.0,1.0,0.0,1.0,100.0,0.0,0.0,0.0,393216.0,393216.0,0.0,0.0,0.0
fir,fixed_a1,0.005,0.5%,random,0.0002700205694022343,True,0.96875,59.558823529411754,0.4044117647058824,37.5,0.625,0.0,100.0,0.0,0.0,159021.17647058825,393216.0,0.0,0.000541622176710505,0.0008124519119715152
fir,fixed_a2,0.005,0.5%,random,0.0025165753589345865,True,0.75,84.55882352941177,0.15441176470588228,62.5,0.375,0.0,0.0,100.0,0.0,60717.17647058821,393216.0,0.0,0.0038263277563439693,0.007572002631181359
fir,fixed_a3,0.005,0.5%,random,0.019019909574040657,False,0.0,92.6470588235294,0.07352941176470591,75.0,0.25,0.0,0.0,0.0,100.0,28912.9411764706,393216.0,0.0,0.03445847944959958,0.05722809167154802
fir,resource_only,0.005,0.5%,random,0.0,True,1.0,-0.06510416666667407,1.0006510416666667,0.0,1.0,100.0,0.0,0.0,0.0,393472.0,393216.0,0.06506180871828238,0.0,0.0
fir,full_adaptive,0.005,0.5%,random,0.00026922401728088607,True,1.0,15.881587009803921,0.8411841299019608,25.78125,0.7421875,31.25,68.75,0.0,0.0,330767.0588235294,393216.0,29.79740496244025,0.0005232289552080264,0.0008100552045821227
fir,exact_only,0.01,1.0%,constant_low,0.0,True,1.0,0.0,1.0,0.0,1.0,100.0,0.0,0.0,0.0,393216.0,393216.0,0.0,0.0,0.0
fir,fixed_a1,0.01,1.0%,constant_low,0.0002700205694022343,True,1.0,59.558823529411754,0.4044117647058824,37.5,0.625,0.0,100.0,0.0,0.0,159021.17647058825,393216.0,0.0,0.000541622176710505,0.0008124519119715152
fir,fixed_a2,0.01,1.0%,constant_low,0.0025165753589345865,True,0.875,84.55882352941177,0.15441176470588228,62.5,0.375,0.0,0.0,100.0,0.0,60717.17647058821,393216.0,0.0,0.0038263277563439693,0.007572002631181359
fir,fixed_a3,0.01,1.0%,constant_low,0.019019909574040657,False,0.125,92.6470588235294,0.07352941176470591,75.0,0.25,0.0,0.0,0.0,100.0,28912.9411764706,393216.0,0.0,0.03445847944959958,0.05722809167154802
fir,resource_only,0.01,1.0%,constant_low,0.0,True,1.0,-0.06510416666667407,1.0006510416666667,0.0,1.0,100.0,0.0,0.0,0.0,393472.0,393216.0,0.06506180871828238,0.0,0.0
fir,full_adaptive,0.01,1.0%,constant_low,0.00039937129303092595,True,1.0,16.662837009803923,0.8333716299019608,26.5625,0.734375,31.25,65.625,3.125,0.0,327695.0588235294,393216.0,30.076742796746476,0.0006101918502082554,0.001201649086689272
fir,exact_only,0.01,1.0%,constant_med,0.0,True,1.0,0.0,1.0,0.0,1.0,100.0,0.0,0.0,0.0,393216.0,393216.0,0.0,0.0,0.0
fir,fixed_a1,0.01,1.0%,constant_med,0.0002700205694022343,True,1.0,59.558823529411754,0.4044117647058824,37.5,0.625,0.0,100.0,0.0,0.0,159021.17647058825,393216.0,0.0,0.000541622176710505,0.0008124519119715152
fir,fixed_a2,0.01,1.0%,constant_med,0.0025165753589345865,True,0.875,84.55882352941177,0.15441176470588228,62.5,0.375,0.0,0.0,100.0,0.0,60717.17647058821,393216.0,0.0,0.0038263277563439693,0.007572002631181359
fir,fixed_a3,0.01,1.0%,constant_med,0.019019909574040657,False,0.125,92.6470588235294,0.07352941176470591,75.0,0.25,0.0,0.0,0.0,100.0,28912.9411764706,393216.0,0.0,0.03445847944959958,0.05722809167154802
fir,resource_only,0.01,1.0%,constant_med,0.0,True,1.0,-0.06510416666667407,1.0006510416666667,0.0,1.0,100.0,0.0,0.0,0.0,393472.0,393216.0,0.06506180871828238,0.0,0.0
fir,full_adaptive,0.01,1.0%,constant_med,0.0014337432986454945,True,1.0,19.006587009803923,0.8099341299019608,28.90625,0.7109375,31.25,56.25,12.5,0.0,318479.0588235294,393216.0,30.947089696912382,0.0013950975268764488,0.004313921294365068
fir,exact_only,0.01,1.0%,constant_high,0.0,True,1.0,0.0,1.0,0.0,1.0,100.0,0.0,0.0,0.0,393216.0,393216.0,0.0,0.0,0.0
fir,fixed_a1,0.01,1.0%,constant_high,0.0002700205694022343,True,1.0,59.558823529411754,0.4044117647058824,37.5,0.625,0.0,100.0,0.0,0.0,159021.17647058825,393216.0,0.0,0.000541622176710505,0.0008124519119715152
fir,fixed_a2,0.01,1.0%,constant_high,0.0025165753589345865,True,0.875,84.55882352941177,0.15441176470588228,62.5,0.375,0.0,0.0,100.0,0.0,60717.17647058821,393216.0,0.0,0.0038263277563439693,0.007572002631181359
fir,fixed_a3,0.01,1.0%,constant_high,0.019019909574040657,False,0.125,92.6470588235294,0.07352941176470591,75.0,0.25,0.0,0.0,0.0,100.0,28912.9411764706,393216.0,0.0,0.03445847944959958,0.05722809167154802
fir,resource_only,0.01,1.0%,constant_high,0.0,True,1.0,-0.06510416666667407,1.0006510416666667,0.0,1.0,100.0,0.0,0.0,0.0,393472.0,393216.0,0.06506180871828238,0.0,0.0
fir,full_adaptive,0.01,1.0%,constant_high,0.002500984260811781,True,1.0,32.287837009803944,0.6771216299019606,42.1875,0.578125,31.25,3.125,65.625,0.0,266255.05882352934,393216.0,37.01713703976021,0.0035222441780900036,0.0075250913254699065
fir,exact_only,0.01,1.0%,oscillating,0.0,True,1.0,0.0,1.0,0.0,1.0,100.0,0.0,0.0,0.0,393216.0,393216.0,0.0,0.0,0.0
fir,fixed_a1,0.01,1.0%,oscillating,0.0002700205694022343,True,1.0,59.558823529411754,0.4044117647058824,37.5,0.625,0.0,100.0,0.0,0.0,159021.17647058825,393216.0,0.0,0.000541622176710505,0.0008124519119715152
fir,fixed_a2,0.01,1.0%,oscillating,0.0025165753589345865,True,0.875,84.55882352941177,0.15441176470588228,62.5,0.375,0.0,0.0,100.0,0.0,60717.17647058821,393216.0,0.0,0.0038263277563439693,0.007572002631181359
fir,fixed_a3,0.01,1.0%,oscillating,0.019019909574040657,False,0.125,92.6470588235294,0.07352941176470591,75.0,0.25,0.0,0.0,0.0,100.0,28912.9411764706,393216.0,0.0,0.03445847944959958,0.05722809167154802
fir,resource_only,0.01,1.0%,oscillating,0.0,True,1.0,-0.06510416666667407,1.0006510416666667,0.0,1.0,100.0,0.0,0.0,0.0,393472.0,393216.0,0.06506180871828238,0.0,0.0
fir,full_adaptive,0.01,1.0%,oscillating,0.0017371314039896903,True,1.0,22.131587009803923,0.7786841299019608,32.03125,0.6796875,31.25,43.75,25.0,0.0,306191.0588235294,393216.0,32.189052279545564,0.0018215876870056862,0.0052267711813273
fir,exact_only,0.01,1.0%,rising,0.0,True,1.0,0.0,1.0,0.0,1.0,100.0,0.0,0.0,0.0,393216.0,393216.0,0.0,0.0,0.0
fir,fixed_a1,0.01,1.0%,rising,0.0002700205694022343,True,1.0,59.558823529411754,0.4044117647058824,37.5,0.625,0.0,100.0,0.0,0.0,159021.17647058825,393216.0,0.0,0.000541622176710505,0.0008124519119715152
fir,fixed_a2,0.01,1.0%,rising,0.0025165753589345865,True,0.875,84.55882352941177,0.15441176470588228,62.5,0.375,0.0,0.0,100.0,0.0,60717.17647058821,393216.0,0.0,0.0038263277563439693,0.007572002631181359
fir,fixed_a3,0.01,1.0%,rising,0.019019909574040657,False,0.125,92.6470588235294,0.07352941176470591,75.0,0.25,0.0,0.0,0.0,100.0,28912.9411764706,393216.0,0.0,0.03445847944959958,0.05722809167154802
fir,resource_only,0.01,1.0%,rising,0.0,True,1.0,-0.06510416666667407,1.0006510416666667,0.0,1.0,100.0,0.0,0.0,0.0,393472.0,393216.0,0.06506180871828238,0.0,0.0
fir,full_adaptive,0.01,1.0%,rising,0.0031877715354539176,True,1.0,23.16559436274511,0.7683440563725489,33.203125,0.66796875,31.25,40.625,25.0,3.125,302125.1764705882,393216.0,32.62223994417585,0.003035259985282359,0.009591532543766563
fir,exact_only,0.01,1.0%,random,0.0,True,1.0,0.0,1.0,0.0,1.0,100.0,0.0,0.0,0.0,393216.0,393216.0,0.0,0.0,0.0
fir,fixed_a1,0.01,1.0%,random,0.0002700205694022343,True,1.0,59.558823529411754,0.4044117647058824,37.5,0.625,0.0,100.0,0.0,0.0,159021.17647058825,393216.0,0.0,0.000541622176710505,0.0008124519119715152
fir,fixed_a2,0.01,1.0%,random,0.0025165753589345865,True,0.875,84.55882352941177,0.15441176470588228,62.5,0.375,0.0,0.0,100.0,0.0,60717.17647058821,393216.0,0.0,0.0038263277563439693,0.007572002631181359
fir,fixed_a3,0.01,1.0%,random,0.019019909574040657,False,0.125,92.6470588235294,0.07352941176470591,75.0,0.25,0.0,0.0,0.0,100.0,28912.9411764706,393216.0,0.0,0.03445847944959958,0.05722809167154802
fir,resource_only,0.01,1.0%,random,0.0,True,1.0,-0.06510416666667407,1.0006510416666667,0.0,1.0,100.0,0.0,0.0,0.0,393472.0,393216.0,0.06506180871828238,0.0,0.0
fir,full_adaptive,0.01,1.0%,random,0.0006953235285118661,True,1.0,17.444087009803923,0.8255591299019608,27.34375,0.7265625,31.25,62.5,6.25,0.0,324623.0588235294,393216.0,30.361367537226887,0.0008093583662640424,0.0020921255422460846
fir,exact_only,0.02,2.0%,constant_low,0.0,True,1.0,0.0,1.0,0.0,1.0,100.0,0.0,0.0,0.0,393216.0,393216.0,0.0,0.0,0.0
fir,fixed_a1,0.02,2.0%,constant_low,0.0002700205694022343,True,1.0,59.558823529411754,0.4044117647058824,37.5,0.625,0.0,100.0,0.0,0.0,159021.17647058825,393216.0,0.0,0.000541622176710505,0.0008124519119715152
fir,fixed_a2,0.02,2.0%,constant_low,0.0025165753589345865,True,0.90625,84.55882352941177,0.15441176470588228,62.5,0.375,0.0,0.0,100.0,0.0,60717.17647058821,393216.0,0.0,0.0038263277563439693,0.007572002631181359
fir,fixed_a3,0.02,2.0%,constant_low,0.019019909574040657,True,0.46875,92.6470588235294,0.07352941176470591,75.0,0.25,0.0,0.0,0.0,100.0,28912.9411764706,393216.0,0.0,0.03445847944959958,0.05722809167154802
fir,resource_only,0.02,2.0%,constant_low,0.0,True,1.0,-0.06510416666667407,1.0006510416666667,0.0,1.0,100.0,0.0,0.0,0.0,393472.0,393216.0,0.06506180871828238,0.0,0.0
fir,full_adaptive,0.02,2.0%,constant_low,0.0018458737741053912,True,1.0,22.131587009803923,0.7786841299019608,32.03125,0.6796875,31.25,43.75,25.0,0.0,306191.0588235294,393216.0,32.189052279545564,0.002011020253190282,0.005553960871758655
fir,exact_only,0.02,2.0%,constant_med,0.0,True,1.0,0.0,1.0,0.0,1.0,100.0,0.0,0.0,0.0,393216.0,393216.0,0.0,0.0,0.0
fir,fixed_a1,0.02,2.0%,constant_med,0.0002700205694022343,True,1.0,59.558823529411754,0.4044117647058824,37.5,0.625,0.0,100.0,0.0,0.0,159021.17647058825,393216.0,0.0,0.000541622176710505,0.0008124519119715152
fir,fixed_a2,0.02,2.0%,constant_med,0.0025165753589345865,True,0.90625,84.55882352941177,0.15441176470588228,62.5,0.375,0.0,0.0,100.0,0.0,60717.17647058821,393216.0,0.0,0.0038263277563439693,0.007572002631181359
fir,fixed_a3,0.02,2.0%,constant_med,0.019019909574040657,True,0.46875,92.6470588235294,0.07352941176470591,75.0,0.25,0.0,0.0,0.0,100.0,28912.9411764706,393216.0,0.0,0.03445847944959958,0.05722809167154802
fir,resource_only,0.02,2.0%,constant_med,0.0,True,1.0,-0.06510416666667407,1.0006510416666667,0.0,1.0,100.0,0.0,0.0,0.0,393472.0,393216.0,0.06506180871828238,0.0,0.0
fir,full_adaptive,0.02,2.0%,constant_med,0.0023302390973528185,True,1.0,29.162837009803923,0.7083716299019608,39.0625,0.609375,31.25,15.625,53.125,0.0,278543.0588235294,393216.0,35.38411634319079,0.0031072731159378655,0.007011344410487751
fir,exact_only,0.02,2.0%,constant_high,0.0,True,1.0,0.0,1.0,0.0,1.0,100.0,0.0,0.0,0.0,393216.0,393216.0,0.0,0.0,0.0
fir,fixed_a1,0.02,2.0%,constant_high,0.0002700205694022343,True,1.0,59.558823529411754,0.4044117647058824,37.5,0.625,0.0,100.0,0.0,0.0,159021.17647058825,393216.0,0.0,0.000541622176710505,0.0008124519119715152
fir,fixed_a2,0.02,2.0%,constant_high,0.0025165753589345865,True,0.90625,84.55882352941177,0.15441176470588228,62.5,0.375,0.0,0.0,100.0,0.0,60717.17647058821,393216.0,0.0,0.0038263277563439693,0.007572002631181359
fir,fixed_a3,0.02,2.0%,constant_high,0.019019909574040657,True,0.46875,92.6470588235294,0.07352941176470591,75.0,0.25,0.0,0.0,0.0,100.0,28912.9411764706,393216.0,0.0,0.03445847944959958,0.05722809167154802
fir,resource_only,0.02,2.0%,constant_high,0.0002700205694022343,True,1.0,59.493719362745104,0.40506280637254904,37.5,0.625,0.0,100.0,0.0,0.0,159277.17647058825,393216.0,0.1607261038101541,0.000541622176710505,0.0008124519119715152
fir,full_adaptive,0.02,2.0%,constant_high,0.0076850409604962205,True,0.96875,38.90548406862745,0.6109451593137255,46.875,0.53125,21.875,9.375,65.625,3.125,240233.41176470587,393216.0,41.026766125493644,0.006955933216900205,0.023123150342793476
fir,exact_only,0.02,2.0%,oscillating,0.0,True,1.0,0.0,1.0,0.0,1.0,100.0,0.0,0.0,0.0,393216.0,393216.0,0.0,0.0,0.0
fir,fixed_a1,0.02,2.0%,oscillating,0.0002700205694022343,True,1.0,59.558823529411754,0.4044117647058824,37.5,0.625,0.0,100.0,0.0,0.0,159021.17647058825,393216.0,0.0,0.000541622176710505,0.0008124519119715152
fir,fixed_a2,0.02,2.0%,oscillating,0.0025165753589345865,True,0.90625,84.55882352941177,0.15441176470588228,62.5,0.375,0.0,0.0,100.0,0.0,60717.17647058821,393216.0,0.0,0.0038263277563439693,0.007572002631181359
fir,fixed_a3,0.02,2.0%,oscillating,0.019019909574040657,True,0.46875,92.6470588235294,0.07352941176470591,75.0,0.25,0.0,0.0,0.0,100.0,28912.9411764706,393216.0,0.0,0.03445847944959958,0.05722809167154802
fir,resource_only,0.02,2.0%,oscillating,0.0001476983974647926,True,1.0,24.130667892156886,0.7586933210784311,15.234375,0.84765625,59.375,40.625,0.0,0.0,298330.3529411764,393216.0,0.08581091312906973,0.00016281610449313033,0.00044440260859033133
fir,full_adaptive,0.02,2.0%,oscillating,0.005976519305314483,True,0.96875,28.933057598039234,0.7106694240196076,38.28125,0.6171875,28.125,28.125,40.625,3.125,279446.58823529404,393216.0,35.269709543568474,0.00534823622603542,0.017982461659445878
fir,exact_only,0.02,2.0%,rising,0.0,True,1.0,0.0,1.0,0.0,1.0,100.0,0.0,0.0,0.0,393216.0,393216.0,0.0,0.0,0.0
fir,fixed_a1,0.02,2.0%,rising,0.0002700205694022343,True,1.0,59.558823529411754,0.4044117647058824,37.5,0.625,0.0,100.0,0.0,0.0,159021.17647058825,393216.0,0.0,0.000541622176710505,0.0008124519119715152
fir,fixed_a2,0.02,2.0%,rising,0.0025165753589345865,True,0.90625,84.55882352941177,0.15441176470588228,62.5,0.375,0.0,0.0,100.0,0.0,60717.17647058821,393216.0,0.0,0.0038263277563439693,0.007572002631181359
fir,fixed_a3,0.02,2.0%,rising,0.019019909574040657,True,0.46875,92.6470588235294,0.07352941176470591,75.0,0.25,0.0,0.0,0.0,100.0,28912.9411764706,393216.0,0.0,0.03445847944959958,0.05722809167154802
fir,resource_only,0.02,2.0%,rising,0.0001487210879823219,True,1.0,16.685814950980348,0.8331418504901965,10.546875,0.89453125,71.875,28.125,0.0,0.0,327604.7058823531,393216.0,0.07814295564238102,0.0001641677985663235,0.0004474797329300112
fir,full_adaptive,0.02,2.0%,rising,0.0035107991212102578,True,1.0,28.63434436274511,0.7136565563725489,38.671875,0.61328125,31.25,18.75,46.875,3.125,280621.1764705882,393216.0,35.12208210356856,0.004186042252676599,0.010563474719313687
fir,exact_only,0.02,2.0%,random,0.0,True,1.0,0.0,1.0,0.0,1.0,100.0,0.0,0.0,0.0,393216.0,393216.0,0.0,0.0,0.0
fir,fixed_a1,0.02,2.0%,random,0.0002700205694022343,True,1.0,59.558823529411754,0.4044117647058824,37.5,0.625,0.0,100.0,0.0,0.0,159021.17647058825,393216.0,0.0,0.000541622176710505,0.0008124519119715152
fir,fixed_a2,0.02,2.0%,random,0.0025165753589345865,True,0.90625,84.55882352941177,0.15441176470588228,62.5,0.375,0.0,0.0,100.0,0.0,60717.17647058821,393216.0,0.0,0.0038263277563439693,0.007572002631181359
fir,fixed_a3,0.02,2.0%,random,0.019019909574040657,True,0.46875,92.6470588235294,0.07352941176470591,75.0,0.25,0.0,0.0,0.0,100.0,28912.9411764706,393216.0,0.0,0.03445847944959958,0.05722809167154802
fir,resource_only,0.02,2.0%,random,2.0593953012485223e-05,True,1.0,16.685814950980404,0.833141850490196,10.546875,0.89453125,71.875,28.125,0.0,0.0,327604.7058823529,393216.0,0.07814295564238107,1.7412883901798626e-05,6.196415531263122e-05
fir,full_adaptive,0.02,2.0%,random,0.0018314203405418754,True,1.0,26.336550245098056,0.7366344975490194,35.546875,0.64453125,28.125,37.5,34.375,0.0,289656.47058823524,393216.0,34.026514166883295,0.0020501104724432256,0.0055104726302545835
fir,exact_only,0.05,5.0%,constant_low,0.0,True,1.0,0.0,1.0,0.0,1.0,100.0,0.0,0.0,0.0,393216.0,393216.0,0.0,0.0,0.0
fir,fixed_a1,0.05,5.0%,constant_low,0.0002700205694022343,True,1.0,59.558823529411754,0.4044117647058824,37.5,0.625,0.0,100.0,0.0,0.0,159021.17647058825,393216.0,0.0,0.000541622176710505,0.0008124519119715152
fir,fixed_a2,0.05,5.0%,constant_low,0.0025165753589345865,True,0.96875,84.55882352941177,0.15441176470588228,62.5,0.375,0.0,0.0,100.0,0.0,60717.17647058821,393216.0,0.0,0.0038263277563439693,0.007572002631181359
fir,fixed_a3,0.05,5.0%,constant_low,0.019019909574040657,True,0.90625,92.6470588235294,0.07352941176470591,75.0,0.25,0.0,0.0,0.0,100.0,28912.9411764706,393216.0,0.0,0.03445847944959958,0.05722809167154802
fir,resource_only,0.05,5.0%,constant_low,0.0,True,1.0,-0.06510416666667407,1.0006510416666667,0.0,1.0,100.0,0.0,0.0,0.0,393472.0,393216.0,0.06506180871828238,0.0,0.0
fir,full_adaptive,0.05,5.0%,constant_low,0.002500984260811781,True,1.0,32.287837009803944,0.6771216299019606,42.1875,0.578125,31.25,3.125,65.625,0.0,266255.05882352934,393216.0,37.01713703976021,0.0035222441780900036,0.0075250913254699065
fir,exact_only,0.05,5.0%,constant_med,0.0,True,1.0,0.0,1.0,0.0,1.0,100.0,0.0,0.0,0.0,393216.0,393216.0,0.0,0.0,0.0
fir,fixed_a1,0.05,5.0%,constant_med,0.0002700205694022343,True,1.0,59.558823529411754,0.4044117647058824,37.5,0.625,0.0,100.0,0.0,0.0,159021.17647058825,393216.0,0.0,0.000541622176710505,0.0008124519119715152
fir,fixed_a2,0.05,5.0%,constant_med,0.0025165753589345865,True,0.96875,84.55882352941177,0.15441176470588228,62.5,0.375,0.0,0.0,100.0,0.0,60717.17647058821,393216.0,0.0,0.0038263277563439693,0.007572002631181359
fir,fixed_a3,0.05,5.0%,constant_med,0.019019909574040657,True,0.90625,92.6470588235294,0.07352941176470591,75.0,0.25,0.0,0.0,0.0,100.0,28912.9411764706,393216.0,0.0,0.03445847944959958,0.05722809167154802
fir,resource_only,0.05,5.0%,constant_med,0.0002700205694022343,True,1.0,59.493719362745104,0.40506280637254904,37.5,0.625,0.0,100.0,0.0,0.0,159277.17647058825,393216.0,0.1607261038101541,0.000541622176710505,0.0008124519119715152
fir,full_adaptive,0.05,5.0%,constant_med,0.007685040204870982,True,1.0,35.18305759803923,0.6481694240196078,44.53125,0.5546875,28.125,3.125,65.625,3.125,254870.58823529407,393216.0,38.67060561299853,0.006953897795965341,0.023123148069229015
fir,exact_only,0.05,5.0%,constant_high,0.0,True,1.0,0.0,1.0,0.0,1.0,100.0,0.0,0.0,0.0,393216.0,393216.0,0.0,0.0,0.0
fir,fixed_a1,0.05,5.0%,constant_high,0.0002700205694022343,True,1.0,59.558823529411754,0.4044117647058824,37.5,0.625,0.0,100.0,0.0,0.0,159021.17647058825,393216.0,0.0,0.000541622176710505,0.0008124519119715152
fir,fixed_a2,0.05,5.0%,constant_high,0.0025165753589345865,True,0.96875,84.55882352941177,0.15441176470588228,62.5,0.375,0.0,0.0,100.0,0.0,60717.17647058821,393216.0,0.0,0.0038263277563439693,0.007572002631181359
fir,fixed_a3,0.05,5.0%,constant_high,0.019019909574040657,True,0.90625,92.6470588235294,0.07352941176470591,75.0,0.25,0.0,0.0,0.0,100.0,28912.9411764706,393216.0,0.0,0.03445847944959958,0.05722809167154802
fir,resource_only,0.05,5.0%,constant_high,0.0002700205694022343,True,1.0,59.493719362745104,0.40506280637254904,37.5,0.625,0.0,100.0,0.0,0.0,159277.17647058825,393216.0,0.1607261038101541,0.000541622176710505,0.0008124519119715152
fir,full_adaptive,0.05,5.0%,constant_high,0.017141161061616957,True,1.0,52.002910539215705,0.479970894607843,58.59375,0.4140625,6.25,25.0,18.75,50.0,188732.2352941176,393216.0,52.22213356738212,0.027063285672003244,0.051575215579880734
fir,exact_only,0.05,5.0%,oscillating,0.0,True,1.0,0.0,1.0,0.0,1.0,100.0,0.0,0.0,0.0,393216.0,393216.0,0.0,0.0,0.0
fir,fixed_a1,0.05,5.0%,oscillating,0.0002700205694022343,True,1.0,59.558823529411754,0.4044117647058824,37.5,0.625,0.0,100.0,0.0,0.0,159021.17647058825,393216.0,0.0,0.000541622176710505,0.0008124519119715152
fir,fixed_a2,0.05,5.0%,oscillating,0.0025165753589345865,True,0.96875,84.55882352941177,0.15441176470588228,62.5,0.375,0.0,0.0,100.0,0.0,60717.17647058821,393216.0,0.0,0.0038263277563439693,0.007572002631181359
fir,fixed_a3,0.05,5.0%,oscillating,0.019019909574040657,True,0.90625,92.6470588235294,0.07352941176470591,75.0,0.25,0.0,0.0,0.0,100.0,28912.9411764706,393216.0,0.0,0.03445847944959958,0.05722809167154802
fir,resource_only,0.05,5.0%,oscillating,0.00023785715280685483,True,1.0,42.74280024509805,0.5725719975490194,26.953125,0.73046875,28.125,71.875,0.0,0.0,225144.47058823524,393216.0,0.1137047689117785,0.00040080666409890957,0.000715676953803324
fir,full_adaptive,0.05,5.0%,oscillating,0.010778331130591946,True,1.0,40.74371936274509,0.5925628063725491,48.4375,0.515625,18.75,15.625,53.125,12.5,233005.17647058825,393216.0,42.299489433206226,0.012020672366435003,0.032430402447847985
fir,exact_only,0.05,5.0%,rising,0.0,True,1.0,0.0,1.0,0.0,1.0,100.0,0.0,0.0,0.0,393216.0,393216.0,0.0,0.0,0.0
fir,fixed_a1,0.05,5.0%,rising,0.0002700205694022343,True,1.0,59.558823529411754,0.4044117647058824,37.5,0.625,0.0,100.0,0.0,0.0,159021.17647058825,393216.0,0.0,0.000541622176710505,0.0008124519119715152
fir,fixed_a2,0.05,5.0%,rising,0.0025165753589345865,True,0.96875,84.55882352941177,0.15441176470588228,62.5,0.375,0.0,0.0,100.0,0.0,60717.17647058821,393216.0,0.0,0.0038263277563439693,0.007572002631181359
fir,fixed_a3,0.05,5.0%,rising,0.019019909574040657,True,0.90625,92.6470588235294,0.07352941176470591,75.0,0.25,0.0,0.0,0.0,100.0,28912.9411764706,393216.0,0.0,0.03445847944959958,0.05722809167154802
fir,resource_only,0.05,5.0%,rising,0.0002513360388615013,True,1.0,52.04886642156863,0.47951133578431365,32.8125,0.671875,12.5,87.5,0.0,0.0,188551.52941176467,393216.0,0.13577190320261961,0.00046186392419879466,0.0007562329261523443
fir,full_adaptive,0.05,5.0%,rising,0.008964740629969787,True,1.0,34.585631127451,0.65414368872549,45.3125,0.546875,31.25,0.0,50.0,18.75,257219.7647058823,393216.0,38.317428721971794,0.010670043432478266,0.02697357716588613
fir,exact_only,0.05,5.0%,random,0.0,True,1.0,0.0,1.0,0.0,1.0,100.0,0.0,0.0,0.0,393216.0,393216.0,0.0,0.0,0.0
fir,fixed_a1,0.05,5.0%,random,0.0002700205694022343,True,1.0,59.558823529411754,0.4044117647058824,37.5,0.625,0.0,100.0,0.0,0.0,159021.17647058825,393216.0,0.0,0.000541622176710505,0.0008124519119715152
fir,fixed_a2,0.05,5.0%,random,0.0025165753589345865,True,0.96875,84.55882352941177,0.15441176470588228,62.5,0.375,0.0,0.0,100.0,0.0,60717.17647058821,393216.0,0.0,0.0038263277563439693,0.007572002631181359
fir,fixed_a3,0.05,5.0%,random,0.019019909574040657,True,0.90625,92.6470588235294,0.07352941176470591,75.0,0.25,0.0,0.0,0.0,100.0,28912.9411764706,393216.0,0.0,0.03445847944959958,0.05722809167154802
fir,resource_only,0.05,5.0%,random,0.00017854846572059403,True,1.0,42.742800245098046,0.5725719975490196,26.953125,0.73046875,28.125,71.875,0.0,0.0,225144.47058823527,393216.0,0.1137047689117785,0.0002522603310345479,0.0005372258960693712
fir,full_adaptive,0.05,5.0%,random,0.002505770361688953,True,1.0,46.09757965686273,0.5390242034313727,51.171875,0.48828125,9.375,21.875,68.75,0.0,211952.94117647066,393216.0,46.500888099467126,0.003591782825785884,0.007539491994341747
fir,exact_only,0.1,10.0%,constant_low,0.0,True,1.0,0.0,1.0,0.0,1.0,100.0,0.0,0.0,0.0,393216.0,393216.0,0.0,0.0,0.0
fir,fixed_a1,0.1,10.0%,constant_low,0.0002700205694022343,True,1.0,59.558823529411754,0.4044117647058824,37.5,0.625,0.0,100.0,0.0,0.0,159021.17647058825,393216.0,0.0,0.000541622176710505,0.0008124519119715152
fir,fixed_a2,0.1,10.0%,constant_low,0.0025165753589345865,True,1.0,84.55882352941177,0.15441176470588228,62.5,0.375,0.0,0.0,100.0,0.0,60717.17647058821,393216.0,0.0,0.0038263277563439693,0.007572002631181359
fir,fixed_a3,0.1,10.0%,constant_low,0.019019909574040657,True,0.90625,92.6470588235294,0.07352941176470591,75.0,0.25,0.0,0.0,0.0,100.0,28912.9411764706,393216.0,0.0,0.03445847944959958,0.05722809167154802
fir,resource_only,0.1,10.0%,constant_low,0.0002700205694022343,True,1.0,59.493719362745104,0.40506280637254904,37.5,0.625,0.0,100.0,0.0,0.0,159277.17647058825,393216.0,0.1607261038101541,0.000541622176710505,0.0008124519119715152
fir,full_adaptive,0.1,10.0%,constant_low,0.0076850480318163905,True,1.0,40.76669730392156,0.5923330269607844,48.046875,0.51953125,18.75,12.5,65.625,3.125,232914.8235294118,393216.0,42.31589836425938,0.00695854473156992,0.023123171619348834
fir,exact_only,0.1,10.0%,constant_med,0.0,True,1.0,0.0,1.0,0.0,1.0,100.0,0.0,0.0,0.0,393216.0,393216.0,0.0,0.0,0.0
fir,fixed_a1,0.1,10.0%,constant_med,0.0002700205694022343,True,1.0,59.558823529411754,0.4044117647058824,37.5,0.625,0.0,100.0,0.0,0.0,159021.17647058825,393216.0,0.0,0.000541622176710505,0.0008124519119715152
fir,fixed_a2,0.1,10.0%,constant_med,0.0025165753589345865,True,1.0,84.55882352941177,0.15441176470588228,62.5,0.375,0.0,0.0,100.0,0.0,60717.17647058821,393216.0,0.0,0.0038263277563439693,0.007572002631181359
fir,fixed_a3,0.1,10.0%,constant_med,0.019019909574040657,True,0.90625,92.6470588235294,0.07352941176470591,75.0,0.25,0.0,0.0,0.0,100.0,28912.9411764706,393216.0,0.0,0.03445847944959958,0.05722809167154802
fir,resource_only,0.1,10.0%,constant_med,0.0002700205694022343,True,1.0,59.493719362745104,0.40506280637254904,37.5,0.625,0.0,100.0,0.0,0.0,159277.17647058825,393216.0,0.1607261038101541,0.000541622176710505,0.0008124519119715152
fir,full_adaptive,0.1,10.0%,constant_med,0.011827469078995177,True,1.0,47.10860906862744,0.5289139093137256,52.734375,0.47265625,9.375,21.875,56.25,12.5,207977.41176470593,393216.0,47.38976178408514,0.012901109119282623,0.03558710319101377
fir,exact_only,0.1,10.0%,constant_high,0.0,True,1.0,0.0,1.0,0.0,1.0,100.0,0.0,0.0,0.0,393216.0,393216.0,0.0,0.0,0.0
fir,fixed_a1,0.1,10.0%,constant_high,0.0002700205694022343,True,1.0,59.558823529411754,0.4044117647058824,37.5,0.625,0.0,100.0,0.0,0.0,159021.17647058825,393216.0,0.0,0.000541622176710505,0.0008124519119715152
fir,fixed_a2,0.1,10.0%,constant_high,0.0025165753589345865,True,1.0,84.55882352941177,0.15441176470588228,62.5,0.375,0.0,0.0,100.0,0.0,60717.17647058821,393216.0,0.0,0.0038263277563439693,0.007572002631181359
fir,fixed_a3,0.1,10.0%,constant_high,0.019019909574040657,True,0.90625,92.6470588235294,0.07352941176470591,75.0,0.25,0.0,0.0,0.0,100.0,28912.9411764706,393216.0,0.0,0.03445847944959958,0.05722809167154802
fir,resource_only,0.1,10.0%,constant_high,0.0002700205694022343,True,1.0,59.493719362745104,0.40506280637254904,37.5,0.625,0.0,100.0,0.0,0.0,159277.17647058825,393216.0,0.1607261038101541,0.000541622176710505,0.0008124519119715152
fir,full_adaptive,0.1,10.0%,constant_high,0.01892168081230029,True,1.0,56.98912377450982,0.43010876225490186,62.890625,0.37109375,0.0,31.25,3.125,65.625,169125.6470588235,393216.0,58.276199804113624,0.03305640887708701,0.05693253587199085
fir,exact_only,0.1,10.0%,oscillating,0.0,True,1.0,0.0,1.0,0.0,1.0,100.0,0.0,0.0,0.0,393216.0,393216.0,0.0,0.0,0.0
fir,fixed_a1,0.1,10.0%,oscillating,0.0002700205694022343,True,1.0,59.558823529411754,0.4044117647058824,37.5,0.625,0.0,100.0,0.0,0.0,159021.17647058825,393216.0,0.0,0.000541622176710505,0.0008124519119715152
fir,fixed_a2,0.1,10.0%,oscillating,0.0025165753589345865,True,1.0,84.55882352941177,0.15441176470588228,62.5,0.375,0.0,0.0,100.0,0.0,60717.17647058821,393216.0,0.0,0.0038263277563439693,0.007572002631181359
fir,fixed_a3,0.1,10.0%,oscillating,0.019019909574040657,True,0.90625,92.6470588235294,0.07352941176470591,75.0,0.25,0.0,0.0,0.0,100.0,28912.9411764706,393216.0,0.0,0.03445847944959958,0.05722809167154802
fir,resource_only,0.1,10.0%,oscillating,0.0002700205694022343,True,1.0,59.493719362745104,0.40506280637254904,37.5,0.625,0.0,100.0,0.0,0.0,159277.17647058825,393216.0,0.1607261038101541,0.000541622176710505,0.0008124519119715152
fir,full_adaptive,0.1,10.0%,oscillating,0.014005618011784855,True,1.0,51.84206495098038,0.4815793504901961,56.640625,0.43359375,3.125,28.125,43.75,25.0,189364.70588235295,393216.0,52.04771371769383,0.01783022936177013,0.04214083081599169
fir,exact_only,0.1,10.0%,rising,0.0,True,1.0,0.0,1.0,0.0,1.0,100.0,0.0,0.0,0.0,393216.0,393216.0,0.0,0.0,0.0
fir,fixed_a1,0.1,10.0%,rising,0.0002700205694022343,True,1.0,59.558823529411754,0.4044117647058824,37.5,0.625,0.0,100.0,0.0,0.0,159021.17647058825,393216.0,0.0,0.000541622176710505,0.0008124519119715152
fir,fixed_a2,0.1,10.0%,rising,0.0025165753589345865,True,1.0,84.55882352941177,0.15441176470588228,62.5,0.375,0.0,0.0,100.0,0.0,60717.17647058821,393216.0,0.0,0.0038263277563439693,0.007572002631181359
fir,fixed_a3,0.1,10.0%,rising,0.019019909574040657,True,0.90625,92.6470588235294,0.07352941176470591,75.0,0.25,0.0,0.0,0.0,100.0,28912.9411764706,393216.0,0.0,0.03445847944959958,0.05722809167154802
fir,resource_only,0.1,10.0%,rising,0.0002700205694022343,True,1.0,59.493719362745104,0.40506280637254904,37.5,0.625,0.0,100.0,0.0,0.0,159277.17647058825,393216.0,0.1607261038101541,0.000541622176710505,0.0008124519119715152
fir,full_adaptive,0.1,10.0%,rising,0.013113434413452963,True,1.0,50.23360906862746,0.4976639093137254,55.859375,0.44140625,6.25,25.0,40.625,28.125,195689.41176470584,393216.0,50.36552520200078,0.016621609101966625,0.039456382472300516
fir,exact_only,0.1,10.0%,random,0.0,True,1.0,0.0,1.0,0.0,1.0,100.0,0.0,0.0,0.0,393216.0,393216.0,0.0,0.0,0.0
fir,fixed_a1,0.1,10.0%,random,0.0002700205694022343,True,1.0,59.558823529411754,0.4044117647058824,37.5,0.625,0.0,100.0,0.0,0.0,159021.17647058825,393216.0,0.0,0.000541622176710505,0.0008124519119715152
fir,fixed_a2,0.1,10.0%,random,0.0025165753589345865,True,1.0,84.55882352941177,0.15441176470588228,62.5,0.375,0.0,0.0,100.0,0.0,60717.17647058821,393216.0,0.0,0.0038263277563439693,0.007572002631181359
fir,fixed_a3,0.1,10.0%,random,0.019019909574040657,True,0.90625,92.6470588235294,0.07352941176470591,75.0,0.25,0.0,0.0,0.0,100.0,28912.9411764706,393216.0,0.0,0.03445847944959958,0.05722809167154802
fir,resource_only,0.1,10.0%,random,0.0002700205694022343,True,1.0,59.493719362745104,0.40506280637254904,37.5,0.625,0.0,100.0,0.0,0.0,159277.17647058825,393216.0,0.1607261038101541,0.000541622176710505,0.0008124519119715152
fir,full_adaptive,0.1,10.0%,random,0.008571616780368732,True,1.0,52.18673406862744,0.4781326593137256,55.46875,0.4453125,0.0,31.25,62.5,6.25,188009.41176470593,393216.0,52.422907488986766,0.008598718264666268,0.02579072571143195
matmul,exact_only,0.005,0.5%,constant_low,0.0,True,1.0,0.0,1.0,0.0,1.0,100.0,0.0,0.0,0.0,5898240.0,5898240.0,0.0,0.0,0.0
matmul,fixed_a1,0.005,0.5%,constant_low,8.201230599590366e-05,True,1.0,59.55882352941176,0.40441176470588236,37.5,0.625,0.0,100.0,0.0,0.0,2385317.6470588236,5898240.0,0.0,0.023649864019003052,0.040052805488583594
matmul,fixed_a2,0.005,0.5%,constant_low,0.001172619580488907,True,0.6875,84.55882352941177,0.1544117647058823,62.5,0.375,0.0,0.0,100.0,0.0,910757.6470588233,5898240.0,0.0,0.30929562240689795,0.5726787388684397
matmul,fixed_a3,0.005,0.5%,constant_low,0.010462672440649764,False,0.21875,92.6470588235294,0.07352941176470594,75.0,0.25,0.0,0.0,0.0,100.0,433694.11764705915,5898240.0,0.0,3.0363861336239824,5.109713463940891
matmul,resource_only,0.005,0.5%,constant_low,0.0,True,1.0,-0.004340277777781232,1.0000434027777778,0.0,1.0,100.0,0.0,0.0,0.0,5898496.0,5898240.0,0.0043400894058417605,0.0,0.0
matmul,full_adaptive,0.005,0.5%,constant_low,8.175843435915673e-05,True,1.0,36.602073120915,0.63397926879085,25.78125,0.7421875,31.25,68.75,0.0,0.0,3739361.882352943,5898240.0,6.852933951360556,0.022267115780612703,0.03992882078699258
matmul,exact_only,0.005,0.5%,constant_med,0.0,True,1.0,0.0,1.0,0.0,1.0,100.0,0.0,0.0,0.0,5898240.0,5898240.0,0.0,0.0,0.0
matmul,fixed_a1,0.005,0.5%,constant_med,8.201230599590366e-05,True,1.0,59.55882352941176,0.40441176470588236,37.5,0.625,0.0,100.0,0.0,0.0,2385317.6470588236,5898240.0,0.0,0.023649864019003052,0.040052805488583594
matmul,fixed_a2,0.005,0.5%,constant_med,0.001172619580488907,True,0.6875,84.55882352941177,0.1544117647058823,62.5,0.375,0.0,0.0,100.0,0.0,910757.6470588233,5898240.0,0.0,0.30929562240689795,0.5726787388684397
matmul,fixed_a3,0.005,0.5%,constant_med,0.010462672440649764,False,0.21875,92.6470588235294,0.07352941176470594,75.0,0.25,0.0,0.0,0.0,100.0,433694.11764705915,5898240.0,0.0,3.0363861336239824,5.109713463940891
matmul,resource_only,0.005,0.5%,constant_med,0.0,True,1.0,-0.004340277777781232,1.0000434027777778,0.0,1.0,100.0,0.0,0.0,0.0,5898496.0,5898240.0,0.0043400894058417605,0.0,0.0
matmul,full_adaptive,0.005,0.5%,constant_med,8.175843435915673e-05,True,1.0,36.602073120915,0.63397926879085,25.78125,0.7421875,31.25,68.75,0.0,0.0,3739361.882352943,5898240.0,6.852933951360556,0.022267115780612703,0.03992882078699258
matmul,exact_only,0.005,0.5%,constant_high,0.0,True,1.0,0.0,1.0,0.0,1.0,100.0,0.0,0.0,0.0,5898240.0,5898240.0,0.0,0.0,0.0
matmul,fixed_a1,0.005,0.5%,constant_high,8.201230599590366e-05,True,1.0,59.55882352941176,0.40441176470588236,37.5,0.625,0.0,100.0,0.0,0.0,2385317.6470588236,5898240.0,0.0,0.023649864019003052,0.040052805488583594
matmul,fixed_a2,0.005,0.5%,constant_high,0.001172619580488907,True,0.6875,84.55882352941177,0.1544117647058823,62.5,0.375,0.0,0.0,100.0,0.0,910757.6470588233,5898240.0,0.0,0.30929562240689795,0.5726787388684397
matmul,fixed_a3,0.005,0.5%,constant_high,0.010462672440649764,False,0.21875,92.6470588235294,0.07352941176470594,75.0,0.25,0.0,0.0,0.0,100.0,433694.11764705915,5898240.0,0.0,3.0363861336239824,5.109713463940891
matmul,resource_only,0.005,0.5%,constant_high,0.0,True,1.0,-0.004340277777781232,1.0000434027777778,0.0,1.0,100.0,0.0,0.0,0.0,5898496.0,5898240.0,0.0043400894058417605,0.0,0.0
matmul,full_adaptive,0.005,0.5%,constant_high,0.001168875959008472,True,1.0,53.789573120915016,0.4621042687908498,42.96875,0.5703125,31.25,0.0,68.75,0.0,2725601.882352942,5898240.0,9.40181328972303,0.28916086270103575,0.570850445648807
matmul,exact_only,0.005,0.5%,oscillating,0.0,True,1.0,0.0,1.0,0.0,1.0,100.0,0.0,0.0,0.0,5898240.0,5898240.0,0.0,0.0,0.0
matmul,fixed_a1,0.005,0.5%,oscillating,8.201230599590366e-05,True,1.0,59.55882352941176,0.40441176470588236,37.5,0.625,0.0,100.0,0.0,0.0,2385317.6470588236,5898240.0,0.0,0.023649864019003052,0.040052805488583594
matmul,fixed_a2,0.005,0.5%,oscillating,0.001172619580488907,True,0.6875,84.55882352941177,0.1544117647058823,62.5,0.375,0.0,0.0,100.0,0.0,910757.6470588233,5898240.0,0.0,0.30929562240689795,0.5726787388684397
matmul,fixed_a3,0.005,0.5%,oscillating,0.010462672440649764,False,0.21875,92.6470588235294,0.07352941176470594,75.0,0.25,0.0,0.0,0.0,100.0,433694.11764705915,5898240.0,0.0,3.0363861336239824,5.109713463940891
matmul,resource_only,0.005,0.5%,oscillating,0.0,True,1.0,-0.004340277777781232,1.0000434027777778,0.0,1.0,100.0,0.0,0.0,0.0,5898496.0,5898240.0,0.0043400894058417605,0.0,0.0
matmul,full_adaptive,0.005,0.5%,oscillating,0.0033155900911071043,True,0.96875,42.32358047385618,0.5767641952614382,31.640625,0.68359375,31.25,46.875,18.75,3.125,3401893.647058825,5898240.0,7.532745775916635,0.3509001327402131,1.6192531521503737
matmul,exact_only,0.005,0.5%,rising,0.0,True,1.0,0.0,1.0,0.0,1.0,100.0,0.0,0.0,0.0,5898240.0,5898240.0,0.0,0.0,0.0
matmul,fixed_a1,0.005,0.5%,rising,8.201230599590366e-05,True,1.0,59.55882352941176,0.40441176470588236,37.5,0.625,0.0,100.0,0.0,0.0,2385317.6470588236,5898240.0,0.0,0.023649864019003052,0.040052805488583594
matmul,fixed_a2,0.005,0.5%,rising,0.001172619580488907,True,0.6875,84.55882352941177,0.1544117647058823,62.5,0.375,0.0,0.0,100.0,0.0,910757.6470588233,5898240.0,0.0,0.30929562240689795,0.5726787388684397
matmul,fixed_a3,0.005,0.5%,rising,0.010462672440649764,False,0.21875,92.6470588235294,0.07352941176470594,75.0,0.25,0.0,0.0,0.0,100.0,433694.11764705915,5898240.0,0.0,3.0363861336239824,5.109713463940891
matmul,resource_only,0.005,0.5%,rising,0.0,True,1.0,-0.004340277777781232,1.0000434027777778,0.0,1.0,100.0,0.0,0.0,0.0,5898496.0,5898240.0,0.0043400894058417605,0.0,0.0
matmul,full_adaptive,0.005,0.5%,rising,0.003187761166687803,True,0.96875,44.66733047385618,0.5533266952614382,33.984375,0.66015625,31.25,37.5,28.125,3.125,3263653.647058825,5898240.0,7.851813571913048,0.3407331430778435,1.5568246301937196
matmul,exact_only,0.005,0.5%,random,0.0,True,1.0,0.0,1.0,0.0,1.0,100.0,0.0,0.0,0.0,5898240.0,5898240.0,0.0,0.0,0.0
matmul,fixed_a1,0.005,0.5%,random,8.201230599590366e-05,True,1.0,59.55882352941176,0.40441176470588236,37.5,0.625,0.0,100.0,0.0,0.0,2385317.6470588236,5898240.0,0.0,0.023649864019003052,0.040052805488583594
matmul,fixed_a2,0.005,0.5%,random,0.001172619580488907,True,0.6875,84.55882352941177,0.1544117647058823,62.5,0.375,0.0,0.0,100.0,0.0,910757.6470588233,5898240.0,0.0,0.30929562240689795,0.5726787388684397
matmul,fixed_a3,0.005,0.5%,random,0.010462672440649764,False,0.21875,92.6470588235294,0.07352941176470594,75.0,0.25,0.0,0.0,0.0,100.0,433694.11764705915,5898240.0,0.0,3.0363861336239824,5.109713463940891
matmul,resource_only,0.005,0.5%,random,0.0,True,1.0,-0.004340277777781232,1.0000434027777778,0.0,1.0,100.0,0.0,0.0,0.0,5898496.0,5898240.0,0.0043400894058417605,0.0,0.0
matmul,full_adaptive,0.005,0.5%,random,0.000110490549161508,True,1.0,37.383323120915,0.62616676879085,26.5625,0.734375,31.25,65.625,3.125,0.0,3693281.882352943,5898240.0,6.938436007942685,0.02608390686928167,0.053960883310776614
matmul,exact_only,0.01,1.0%,constant_low,0.0,True,1.0,0.0,1.0,0.0,1.0,100.0,0.0,0.0,0.0,5898240.0,5898240.0,0.0,0.0,0.0
matmul,fixed_a1,0.01,1.0%,constant_low,8.201230599590366e-05,True,1.0,59.55882352941176,0.40441176470588236,37.5,0.625,0.0,100.0,0.0,0.0,2385317.6470588236,5898240.0,0.0,0.023649864019003052,0.040052805488583594
matmul,fixed_a2,0.01,1.0%,constant_low,0.001172619580488907,True,0.6875,84.55882352941177,0.1544117647058823,62.5,0.375,0.0,0.0,100.0,0.0,910757.6470588233,5898240.0,0.0,0.30929562240689795,0.5726787388684397
matmul,fixed_a3,0.01,1.0%,constant_low,0.010462672440649764,False,0.375,92.6470588235294,0.07352941176470594,75.0,0.25,0.0,0.0,0.0,100.0,433694.11764705915,5898240.0,0.0,3.0363861336239824,5.109713463940891
matmul,resource_only,0.01,1.0%,constant_low,0.0,True,1.0,-0.004340277777781232,1.0000434027777778,0.0,1.0,100.0,0.0,0.0,0.0,5898496.0,5898240.0,0.0043400894058417605,0.0,0.0
matmul,full_adaptive,0.01,1.0%,constant_low,0.00030196868455686064,True,1.0,37.383323120915,0.62616676879085,26.5625,0.734375,31.25,65.625,3.125,0.0,3693281.882352943,5898240.0,6.938436007942685,0.03654692569352756,0.1474741240272344
matmul,exact_only,0.01,1.0%,constant_med,0.0,True,1.0,0.0,1.0,0.0,1.0,100.0,0.0,0.0,0.0,5898240.0,5898240.0,0.0,0.0,0.0
matmul,fixed_a1,0.01,1.0%,constant_med,8.201230599590366e-05,True,1.0,59.55882352941176,0.40441176470588236,37.5,0.625,0.0,100.0,0.0,0.0,2385317.6470588236,5898240.0,0.0,0.023649864019003052,0.040052805488583594
matmul,fixed_a2,0.01,1.0%,constant_med,0.001172619580488907,True,0.6875,84.55882352941177,0.1544117647058823,62.5,0.375,0.0,0.0,100.0,0.0,910757.6470588233,5898240.0,0.0,0.30929562240689795,0.5726787388684397
matmul,fixed_a3,0.01,1.0%,constant_med,0.010462672440649764,False,0.375,92.6470588235294,0.07352941176470594,75.0,0.25,0.0,0.0,0.0,100.0,433694.11764705915,5898240.0,0.0,3.0363861336239824,5.109713463940891
matmul,resource_only,0.01,1.0%,constant_med,0.0,True,1.0,-0.004340277777781232,1.0000434027777778,0.0,1.0,100.0,0.0,0.0,0.0,5898496.0,5898240.0,0.0043400894058417605,0.0,0.0
matmul,full_adaptive,0.01,1.0%,constant_med,0.001168875959008472,True,1.0,53.789573120915016,0.4621042687908498,42.96875,0.5703125,31.25,0.0,68.75,0.0,2725601.882352942,5898240.0,9.40181328972303,0.28916086270103575,0.570850445648807
matmul,exact_only,0.01,1.0%,constant_high,0.0,True,1.0,0.0,1.0,0.0,1.0,100.0,0.0,0.0,0.0,5898240.0,5898240.0,0.0,0.0,0.0
matmul,fixed_a1,0.01,1.0%,constant_high,8.201230599590366e-05,True,1.0,59.55882352941176,0.40441176470588236,37.5,0.625,0.0,100.0,0.0,0.0,2385317.6470588236,5898240.0,0.0,0.023649864019003052,0.040052805488583594
matmul,fixed_a2,0.01,1.0%,constant_high,0.001172619580488907,True,0.6875,84.55882352941177,0.1544117647058823,62.5,0.375,0.0,0.0,100.0,0.0,910757.6470588233,5898240.0,0.0,0.30929562240689795,0.5726787388684397
matmul,fixed_a3,0.01,1.0%,constant_high,0.010462672440649764,False,0.375,92.6470588235294,0.07352941176470594,75.0,0.25,0.0,0.0,0.0,100.0,433694.11764705915,5898240.0,0.0,3.0363861336239824,5.109713463940891
matmul,resource_only,0.01,1.0%,constant_high,0.0,True,1.0,-0.004340277777781232,1.0000434027777778,0.0,1.0,100.0,0.0,0.0,0.0,5898496.0,5898240.0,0.0043400894058417605,0.0,0.0
matmul,full_adaptive,0.01,1.0%,constant_high,0.001168875959008472,True,1.0,53.789573120915016,0.4621042687908498,42.96875,0.5703125,31.25,0.0,68.75,0.0,2725601.882352942,5898240.0,9.40181328972303,0.28916086270103575,0.570850445648807
matmul,exact_only,0.01,1.0%,oscillating,0.0,True,1.0,0.0,1.0,0.0,1.0,100.0,0.0,0.0,0.0,5898240.0,5898240.0,0.0,0.0,0.0
matmul,fixed_a1,0.01,1.0%,oscillating,8.201230599590366e-05,True,1.0,59.55882352941176,0.40441176470588236,37.5,0.625,0.0,100.0,0.0,0.0,2385317.6470588236,5898240.0,0.0,0.023649864019003052,0.040052805488583594
matmul,fixed_a2,0.01,1.0%,oscillating,0.001172619580488907,True,0.6875,84.55882352941177,0.1544117647058823,62.5,0.375,0.0,0.0,100.0,0.0,910757.6470588233,5898240.0,0.0,0.30929562240689795,0.5726787388684397
matmul,fixed_a3,0.01,1.0%,oscillating,0.010462672440649764,False,0.375,92.6470588235294,0.07352941176470594,75.0,0.25,0.0,0.0,0.0,100.0,433694.11764705915,5898240.0,0.0,3.0363861336239824,5.109713463940891
matmul,resource_only,0.01,1.0%,oscillating,0.0,True,1.0,-0.004340277777781232,1.0000434027777778,0.0,1.0,100.0,0.0,0.0,0.0,5898496.0,5898240.0,0.0043400894058417605,0.0,0.0
matmul,full_adaptive,0.01,1.0%,oscillating,0.0034028952545187797,True,0.96875,48.57358047385618,0.5142641952614382,37.890625,0.62109375,31.25,21.875,43.75,3.125,3033253.647058825,5898240.0,8.448221936483188,0.4573102966801077,1.6618908598189217
matmul,exact_only,0.01,1.0%,rising,0.0,True,1.0,0.0,1.0,0.0,1.0,100.0,0.0,0.0,0.0,5898240.0,5898240.0,0.0,0.0,0.0
matmul,fixed_a1,0.01,1.0%,rising,8.201230599590366e-05,True,1.0,59.55882352941176,0.40441176470588236,37.5,0.625,0.0,100.0,0.0,0.0,2385317.6470588236,5898240.0,0.0,0.023649864019003052,0.040052805488583594
matmul,fixed_a2,0.01,1.0%,rising,0.001172619580488907,True,0.6875,84.55882352941177,0.1544117647058823,62.5,0.375,0.0,0.0,100.0,0.0,910757.6470588233,5898240.0,0.0,0.30929562240689795,0.5726787388684397
matmul,fixed_a3,0.01,1.0%,rising,0.010462672440649764,False,0.375,92.6470588235294,0.07352941176470594,75.0,0.25,0.0,0.0,0.0,100.0,433694.11764705915,5898240.0,0.0,3.0363861336239824,5.109713463940891
matmul,resource_only,0.01,1.0%,rising,0.0,True,1.0,-0.004340277777781232,1.0000434027777778,0.0,1.0,100.0,0.0,0.0,0.0,5898496.0,5898240.0,0.0043400894058417605,0.0,0.0
matmul,full_adaptive,0.01,1.0%,rising,0.0032554823008083974,True,0.96875,49.35483047385619,0.5064516952614381,38.671875,0.61328125,31.25,18.75,46.875,3.125,2987173.6470588245,5898240.0,8.578543810210364,0.4209751160155911,1.5898979766806958
matmul,exact_only,0.01,1.0%,random,0.0,True,1.0,0.0,1.0,0.0,1.0,100.0,0.0,0.0,0.0,5898240.0,5898240.0,0.0,0.0,0.0
matmul,fixed_a1,0.01,1.0%,random,8.201230599590366e-05,True,1.0,59.55882352941176,0.40441176470588236,37.5,0.625,0.0,100.0,0.0,0.0,2385317.6470588236,5898240.0,0.0,0.023649864019003052,0.040052805488583594
matmul,fixed_a2,0.01,1.0%,random,0.001172619580488907,True,0.6875,84.55882352941177,0.1544117647058823,62.5,0.375,0.0,0.0,100.0,0.0,910757.6470588233,5898240.0,0.0,0.30929562240689795,0.5726787388684397
matmul,fixed_a3,0.01,1.0%,random,0.010462672440649764,False,0.375,92.6470588235294,0.07352941176470594,75.0,0.25,0.0,0.0,0.0,100.0,433694.11764705915,5898240.0,0.0,3.0363861336239824,5.109713463940891
matmul,resource_only,0.01,1.0%,random,0.0,True,1.0,-0.004340277777781232,1.0000434027777778,0.0,1.0,100.0,0.0,0.0,0.0,5898496.0,5898240.0,0.0043400894058417605,0.0,0.0
matmul,full_adaptive,0.01,1.0%,random,0.0005884187022564896,True,1.0,45.195823120915,0.54804176879085,34.375,0.65625,31.25,34.375,34.375,0.0,3232481.882352943,5898240.0,7.9275308981305015,0.10999598644657821,0.28736931050934145
matmul,exact_only,0.02,2.0%,constant_low,0.0,True,1.0,0.0,1.0,0.0,1.0,100.0,0.0,0.0,0.0,5898240.0,5898240.0,0.0,0.0,0.0
matmul,fixed_a1,0.02,2.0%,constant_low,8.201230599590366e-05,True,1.0,59.55882352941176,0.40441176470588236,37.5,0.625,0.0,100.0,0.0,0.0,2385317.6470588236,5898240.0,0.0,0.023649864019003052,0.040052805488583594
matmul,fixed_a2,0.02,2.0%,constant_low,0.001172619580488907,True,0.71875,84.55882352941177,0.1544117647058823,62.5,0.375,0.0,0.0,100.0,0.0,910757.6470588233,5898240.0,0.0,0.30929562240689795,0.5726787388684397
matmul,fixed_a3,0.02,2.0%,constant_low,0.010462672440649764,True,0.6875,92.6470588235294,0.07352941176470594,75.0,0.25,0.0,0.0,0.0,100.0,433694.11764705915,5898240.0,0.0,3.0363861336239824,5.109713463940891
matmul,resource_only,0.02,2.0%,constant_low,0.0,True,1.0,-0.004340277777781232,1.0000434027777778,0.0,1.0,100.0,0.0,0.0,0.0,5898496.0,5898240.0,0.0043400894058417605,0.0,0.0
matmul,full_adaptive,0.02,2.0%,constant_low,0.001168875959008472,True,1.0,53.789573120915016,0.4621042687908498,42.96875,0.5703125,31.25,0.0,68.75,0.0,2725601.882352942,5898240.0,9.40181328972303,0.28916086270103575,0.570850445648807
matmul,exact_only,0.02,2.0%,constant_med,0.0,True,1.0,0.0,1.0,0.0,1.0,100.0,0.0,0.0,0.0,5898240.0,5898240.0,0.0,0.0,0.0
matmul,fixed_a1,0.02,2.0%,constant_med,8.201230599590366e-05,True,1.0,59.55882352941176,0.40441176470588236,37.5,0.625,0.0,100.0,0.0,0.0,2385317.6470588236,5898240.0,0.0,0.023649864019003052,0.040052805488583594
matmul,fixed_a2,0.02,2.0%,constant_med,0.001172619580488907,True,0.71875,84.55882352941177,0.1544117647058823,62.5,0.375,0.0,0.0,100.0,0.0,910757.6470588233,5898240.0,0.0,0.30929562240689795,0.5726787388684397
matmul,fixed_a3,0.02,2.0%,constant_med,0.010462672440649764,True,0.6875,92.6470588235294,0.07352941176470594,75.0,0.25,0.0,0.0,0.0,100.0,433694.11764705915,5898240.0,0.0,3.0363861336239824,5.109713463940891
matmul,resource_only,0.02,2.0%,constant_med,0.0,True,1.0,-0.004340277777781232,1.0000434027777778,0.0,1.0,100.0,0.0,0.0,0.0,5898496.0,5898240.0,0.0043400894058417605,0.0,0.0
matmul,full_adaptive,0.02,2.0%,constant_med,0.001168875959008472,True,1.0,53.789573120915016,0.4621042687908498,42.96875,0.5703125,31.25,0.0,68.75,0.0,2725601.882352942,5898240.0,9.40181328972303,0.28916086270103575,0.570850445648807
matmul,exact_only,0.02,2.0%,constant_high,0.0,True,1.0,0.0,1.0,0.0,1.0,100.0,0.0,0.0,0.0,5898240.0,5898240.0,0.0,0.0,0.0
matmul,fixed_a1,0.02,2.0%,constant_high,8.201230599590366e-05,True,1.0,59.55882352941176,0.40441176470588236,37.5,0.625,0.0,100.0,0.0,0.0,2385317.6470588236,5898240.0,0.0,0.023649864019003052,0.040052805488583594
matmul,fixed_a2,0.02,2.0%,constant_high,0.001172619580488907,True,0.71875,84.55882352941177,0.1544117647058823,62.5,0.375,0.0,0.0,100.0,0.0,910757.6470588233,5898240.0,0.0,0.30929562240689795,0.5726787388684397
matmul,fixed_a3,0.02,2.0%,constant_high,0.010462672440649764,True,0.6875,92.6470588235294,0.07352941176470594,75.0,0.25,0.0,0.0,0.0,100.0,433694.11764705915,5898240.0,0.0,3.0363861336239824,5.109713463940891
matmul,resource_only,0.02,2.0%,constant_high,8.201230599590366e-05,True,1.0,59.55448325163398,0.40445516748366017,37.5,0.625,0.0,100.0,0.0,0.0,2385573.6470588236,5898240.0,0.010731171528308199,0.023649864019003052,0.040052805488583594
matmul,full_adaptive,0.02,2.0%,constant_high,0.006038712563762442,True,1.0,55.55887459150327,0.4444112540849673,45.703125,0.54296875,31.25,0.0,46.875,21.875,2621244.2352941176,5898240.0,9.77612068915992,1.174977399305118,2.949159602095859
matmul,exact_only,0.02,2.0%,oscillating,0.0,True,1.0,0.0,1.0,0.0,1.0,100.0,0.0,0.0,0.0,5898240.0,5898240.0,0.0,0.0,0.0
matmul,fixed_a1,0.02,2.0%,oscillating,8.201230599590366e-05,True,1.0,59.55882352941176,0.40441176470588236,37.5,0.625,0.0,100.0,0.0,0.0,2385317.6470588236,5898240.0,0.0,0.023649864019003052,0.040052805488583594
matmul,fixed_a2,0.02,2.0%,oscillating,0.001172619580488907,True,0.71875,84.55882352941177,0.1544117647058823,62.5,0.375,0.0,0.0,100.0,0.0,910757.6470588233,5898240.0,0.0,0.30929562240689795,0.5726787388684397
matmul,fixed_a3,0.02,2.0%,oscillating,0.010462672440649764,True,0.6875,92.6470588235294,0.07352941176470594,75.0,0.25,0.0,0.0,0.0,100.0,433694.11764705915,5898240.0,0.0,3.0363861336239824,5.109713463940891
matmul,resource_only,0.02,2.0%,oscillating,4.115107310455566e-05,True,1.0,24.191431781045736,0.7580856821895426,15.234375,0.84765625,59.375,40.625,0.0,0.0,4471371.294117648,5898240.0,0.005725312955709651,0.006741061670494851,0.020097178181839887
matmul,full_adaptive,0.02,2.0%,oscillating,0.005117205587625995,True,1.0,54.547845179738545,0.4545215482026146,44.140625,0.55859375,31.25,0.0,59.375,9.375,2680877.1764705894,5898240.0,9.558662450077794,0.862021142941456,2.499118120840479
matmul,exact_only,0.02,2.0%,rising,0.0,True,1.0,0.0,1.0,0.0,1.0,100.0,0.0,0.0,0.0,5898240.0,5898240.0,0.0,0.0,0.0
matmul,fixed_a1,0.02,2.0%,rising,8.201230599590366e-05,True,1.0,59.55882352941176,0.40441176470588236,37.5,0.625,0.0,100.0,0.0,0.0,2385317.6470588236,5898240.0,0.0,0.023649864019003052,0.040052805488583594
matmul,fixed_a2,0.02,2.0%,rising,0.001172619580488907,True,0.71875,84.55882352941177,0.1544117647058823,62.5,0.375,0.0,0.0,100.0,0.0,910757.6470588233,5898240.0,0.0,0.30929562240689795,0.5726787388684397
matmul,fixed_a3,0.02,2.0%,rising,0.010462672440649764,True,0.6875,92.6470588235294,0.07352941176470594,75.0,0.25,0.0,0.0,0.0,100.0,433694.11764705915,5898240.0,0.0,3.0363861336239824,5.109713463940891
matmul,resource_only,0.02,2.0%,rising,4.3606665288890326e-05,True,1.0,16.74657883986932,0.8325342116013068,10.546875,0.89453125,71.875,28.125,0.0,0.0,4910486.588235292,5898240.0,0.005213332638222317,0.00700244277069091,0.02129642937864631
matmul,full_adaptive,0.02,2.0%,rising,0.004189824895977336,True,1.0,54.547845179738566,0.4545215482026143,44.140625,0.55859375,31.25,0.0,59.375,9.375,2680877.176470588,5898240.0,9.558662450077799,0.6621836972911486,2.0462080605096893
matmul,exact_only,0.02,2.0%,random,0.0,True,1.0,0.0,1.0,0.0,1.0,100.0,0.0,0.0,0.0,5898240.0,5898240.0,0.0,0.0,0.0
matmul,fixed_a1,0.02,2.0%,random,8.201230599590366e-05,True,1.0,59.55882352941176,0.40441176470588236,37.5,0.625,0.0,100.0,0.0,0.0,2385317.6470588236,5898240.0,0.0,0.023649864019003052,0.040052805488583594
matmul,fixed_a2,0.02,2.0%,random,0.001172619580488907,True,0.71875,84.55882352941177,0.1544117647058823,62.5,0.375,0.0,0.0,100.0,0.0,910757.6470588233,5898240.0,0.0,0.30929562240689795,0.5726787388684397
matmul,fixed_a3,0.02,2.0%,random,0.010462672440649764,True,0.6875,92.6470588235294,0.07352941176470594,75.0,0.25,0.0,0.0,0.0,100.0,433694.11764705915,5898240.0,0.0,3.0363861336239824,5.109713463940891
matmul,resource_only,0.02,2.0%,random,6.22333900886975e-06,True,1.0,16.746578839869276,0.8325342116013073,10.546875,0.89453125,71.875,28.125,0.0,0.0,4910486.588235294,5898240.0,0.005213332638222315,0.0012678885168914762,0.0030393266447626137
matmul,full_adaptive,0.02,2.0%,random,0.001168875959008472,True,1.0,53.789573120915016,0.4621042687908498,42.96875,0.5703125,31.25,0.0,68.75,0.0,2725601.882352942,5898240.0,9.40181328972303,0.28916086270103575,0.570850445648807
matmul,exact_only,0.05,5.0%,constant_low,0.0,True,1.0,0.0,1.0,0.0,1.0,100.0,0.0,0.0,0.0,5898240.0,5898240.0,0.0,0.0,0.0
matmul,fixed_a1,0.05,5.0%,constant_low,8.201230599590366e-05,True,1.0,59.55882352941176,0.40441176470588236,37.5,0.625,0.0,100.0,0.0,0.0,2385317.6470588236,5898240.0,0.0,0.023649864019003052,0.040052805488583594
matmul,fixed_a2,0.05,5.0%,constant_low,0.001172619580488907,True,1.0,84.55882352941177,0.1544117647058823,62.5,0.375,0.0,0.0,100.0,0.0,910757.6470588233,5898240.0,0.0,0.30929562240689795,0.5726787388684397
matmul,fixed_a3,0.05,5.0%,constant_low,0.010462672440649764,True,0.6875,92.6470588235294,0.07352941176470594,75.0,0.25,0.0,0.0,0.0,100.0,433694.11764705915,5898240.0,0.0,3.0363861336239824,5.109713463940891
matmul,resource_only,0.05,5.0%,constant_low,0.0,True,1.0,-0.004340277777781232,1.0000434027777778,0.0,1.0,100.0,0.0,0.0,0.0,5898496.0,5898240.0,0.0043400894058417605,0.0,0.0
matmul,full_adaptive,0.05,5.0%,constant_low,0.001168875959008472,True,1.0,53.789573120915016,0.4621042687908498,42.96875,0.5703125,31.25,0.0,68.75,0.0,2725601.882352942,5898240.0,9.40181328972303,0.28916086270103575,0.570850445648807
matmul,exact_only,0.05,5.0%,constant_med,0.0,True,1.0,0.0,1.0,0.0,1.0,100.0,0.0,0.0,0.0,5898240.0,5898240.0,0.0,0.0,0.0
matmul,fixed_a1,0.05,5.0%,constant_med,8.201230599590366e-05,True,1.0,59.55882352941176,0.40441176470588236,37.5,0.625,0.0,100.0,0.0,0.0,2385317.6470588236,5898240.0,0.0,0.023649864019003052,0.040052805488583594
matmul,fixed_a2,0.05,5.0%,constant_med,0.001172619580488907,True,1.0,84.55882352941177,0.1544117647058823,62.5,0.375,0.0,0.0,100.0,0.0,910757.6470588233,5898240.0,0.0,0.30929562240689795,0.5726787388684397
matmul,fixed_a3,0.05,5.0%,constant_med,0.010462672440649764,True,0.6875,92.6470588235294,0.07352941176470594,75.0,0.25,0.0,0.0,0.0,100.0,433694.11764705915,5898240.0,0.0,3.0363861336239824,5.109713463940891
matmul,resource_only,0.05,5.0%,constant_med,8.201230599590366e-05,True,1.0,59.55448325163398,0.40445516748366017,37.5,0.625,0.0,100.0,0.0,0.0,2385573.6470588236,5898240.0,0.010731171528308199,0.023649864019003052,0.040052805488583594
matmul,full_adaptive,0.05,5.0%,constant_med,0.001168875959008472,True,1.0,53.789573120915016,0.4621042687908498,42.96875,0.5703125,31.25,0.0,68.75,0.0,2725601.882352942,5898240.0,9.40181328972303,0.28916086270103575,0.570850445648807
matmul,exact_only,0.05,5.0%,constant_high,0.0,True,1.0,0.0,1.0,0.0,1.0,100.0,0.0,0.0,0.0,5898240.0,5898240.0,0.0,0.0,0.0
matmul,fixed_a1,0.05,5.0%,constant_high,8.201230599590366e-05,True,1.0,59.55882352941176,0.40441176470588236,37.5,0.625,0.0,100.0,0.0,0.0,2385317.6470588236,5898240.0,0.0,0.023649864019003052,0.040052805488583594
matmul,fixed_a2,0.05,5.0%,constant_high,0.001172619580488907,True,1.0,84.55882352941177,0.1544117647058823,62.5,0.375,0.0,0.0,100.0,0.0,910757.6470588233,5898240.0,0.0,0.30929562240689795,0.5726787388684397
matmul,fixed_a3,0.05,5.0%,constant_high,0.010462672440649764,True,0.6875,92.6470588235294,0.07352941176470594,75.0,0.25,0.0,0.0,0.0,100.0,433694.11764705915,5898240.0,0.0,3.0363861336239824,5.109713463940891
matmul,resource_only,0.05,5.0%,constant_high,8.201230599590366e-05,True,1.0,59.55448325163398,0.40445516748366017,37.5,0.625,0.0,100.0,0.0,0.0,2385573.6470588236,5898240.0,0.010731171528308199,0.023649864019003052,0.040052805488583594
matmul,full_adaptive,0.05,5.0%,constant_high,0.010456454253035645,True,1.0,76.10115400326796,0.2389884599673203,62.109375,0.37890625,3.125,28.125,0.0,68.75,1409611.2941176472,5898240.0,18.17919600029912,2.961603357920522,5.106676653111401
matmul,exact_only,0.05,5.0%,oscillating,0.0,True,1.0,0.0,1.0,0.0,1.0,100.0,0.0,0.0,0.0,5898240.0,5898240.0,0.0,0.0,0.0
matmul,fixed_a1,0.05,5.0%,oscillating,8.201230599590366e-05,True,1.0,59.55882352941176,0.40441176470588236,37.5,0.625,0.0,100.0,0.0,0.0,2385317.6470588236,5898240.0,0.0,0.023649864019003052,0.040052805488583594
matmul,fixed_a2,0.05,5.0%,oscillating,0.001172619580488907,True,1.0,84.55882352941177,0.1544117647058823,62.5,0.375,0.0,0.0,100.0,0.0,910757.6470588233,5898240.0,0.0,0.30929562240689795,0.5726787388684397
matmul,fixed_a3,0.05,5.0%,oscillating,0.010462672440649764,True,0.6875,92.6470588235294,0.07352941176470594,75.0,0.25,0.0,0.0,0.0,100.0,433694.11764705915,5898240.0,0.0,3.0363861336239824,5.109713463940891
matmul,resource_only,0.05,5.0%,oscillating,7.161050988021722e-05,True,1.0,42.8035641339869,0.571964358660131,26.953125,0.73046875,28.125,71.875,0.0,0.0,3373583.0588235306,5898240.0,0.0075883710445615905,0.017605331882022606,0.034972822533656044
matmul,full_adaptive,0.05,5.0%,oscillating,0.006421416654568819,True,1.0,63.00372753267974,0.36996272467320257,50.390625,0.49609375,18.75,12.5,46.875,21.875,2182128.9411764704,5898240.0,11.74339403893532,1.2622243070995518,3.136062924988873
matmul,exact_only,0.05,5.0%,rising,0.0,True,1.0,0.0,1.0,0.0,1.0,100.0,0.0,0.0,0.0,5898240.0,5898240.0,0.0,0.0,0.0
matmul,fixed_a1,0.05,5.0%,rising,8.201230599590366e-05,True,1.0,59.55882352941176,0.40441176470588236,37.5,0.625,0.0,100.0,0.0,0.0,2385317.6470588236,5898240.0,0.0,0.023649864019003052,0.040052805488583594
matmul,fixed_a2,0.05,5.0%,rising,0.001172619580488907,True,1.0,84.55882352941177,0.1544117647058823,62.5,0.375,0.0,0.0,100.0,0.0,910757.6470588233,5898240.0,0.0,0.30929562240689795,0.5726787388684397
matmul,fixed_a3,0.05,5.0%,rising,0.010462672440649764,True,0.6875,92.6470588235294,0.07352941176470594,75.0,0.25,0.0,0.0,0.0,100.0,433694.11764705915,5898240.0,0.0,3.0363861336239824,5.109713463940891
matmul,resource_only,0.05,5.0%,rising,7.665602182835436e-05,True,1.0,52.1096303104575,0.47890369689542506,32.8125,0.671875,12.5,87.5,0.0,0.0,2824688.9411764718,5898240.0,0.009062944817328347,0.020425963865417503,0.03743692723349408
matmul,full_adaptive,0.05,5.0%,rising,0.0063106352160995915,True,1.0,56.31714665032683,0.43682853349673173,46.875,0.53125,31.25,0.0,37.5,31.25,2576519.529411763,5898240.0,9.945820207250865,1.2500526603452282,3.081959978450885
matmul,exact_only,0.05,5.0%,random,0.0,True,1.0,0.0,1.0,0.0,1.0,100.0,0.0,0.0,0.0,5898240.0,5898240.0,0.0,0.0,0.0
matmul,fixed_a1,0.05,5.0%,random,8.201230599590366e-05,True,1.0,59.55882352941176,0.40441176470588236,37.5,0.625,0.0,100.0,0.0,0.0,2385317.6470588236,5898240.0,0.0,0.023649864019003052,0.040052805488583594
matmul,fixed_a2,0.05,5.0%,random,0.001172619580488907,True,1.0,84.55882352941177,0.1544117647058823,62.5,0.375,0.0,0.0,100.0,0.0,910757.6470588233,5898240.0,0.0,0.30929562240689795,0.5726787388684397
matmul,fixed_a3,0.05,5.0%,random,0.010462672440649764,True,0.6875,92.6470588235294,0.07352941176470594,75.0,0.25,0.0,0.0,0.0,100.0,433694.11764705915,5898240.0,0.0,3.0363861336239824,5.109713463940891
matmul,resource_only,0.05,5.0%,random,5.410907534142862e-05,True,1.0,42.8035641339869,0.571964358660131,26.953125,0.73046875,28.125,71.875,0.0,0.0,3373583.058823531,5898240.0,0.007588371044561589,0.011911889889952891,0.026425549720862664
matmul,full_adaptive,0.05,5.0%,random,0.0012039411694143758,True,1.0,67.07082312091505,0.32929176879084954,51.5625,0.484375,9.375,21.875,65.625,3.125,1942241.8823529403,5898240.0,13.193825255665745,0.30252391807519047,0.5879754372552385
matmul,exact_only,0.1,10.0%,constant_low,0.0,True,1.0,0.0,1.0,0.0,1.0,100.0,0.0,0.0,0.0,5898240.0,5898240.0,0.0,0.0,0.0
matmul,fixed_a1,0.1,10.0%,constant_low,8.201230599590366e-05,True,1.0,59.55882352941176,0.40441176470588236,37.5,0.625,0.0,100.0,0.0,0.0,2385317.6470588236,5898240.0,0.0,0.023649864019003052,0.040052805488583594
matmul,fixed_a2,0.1,10.0%,constant_low,0.001172619580488907,True,1.0,84.55882352941177,0.1544117647058823,62.5,0.375,0.0,0.0,100.0,0.0,910757.6470588233,5898240.0,0.0,0.30929562240689795,0.5726787388684397
matmul,fixed_a3,0.1,10.0%,constant_low,0.010462672440649764,True,0.9375,92.6470588235294,0.07352941176470594,75.0,0.25,0.0,0.0,0.0,100.0,433694.11764705915,5898240.0,0.0,3.0363861336239824,5.109713463940891
matmul,resource_only,0.1,10.0%,constant_low,8.201230599590366e-05,True,1.0,59.55448325163398,0.40445516748366017,37.5,0.625,0.0,100.0,0.0,0.0,2385573.6470588236,5898240.0,0.010731171528308199,0.023649864019003052,0.040052805488583594
matmul,full_adaptive,0.1,10.0%,constant_low,0.002994729478369824,True,1.0,54.04233047385619,0.4595766952614381,43.359375,0.56640625,31.25,0.0,65.625,3.125,2710693.6470588245,5898240.0,9.45352125195131,0.47928881812120455,1.462552672205865
matmul,exact_only,0.1,10.0%,constant_med,0.0,True,1.0,0.0,1.0,0.0,1.0,100.0,0.0,0.0,0.0,5898240.0,5898240.0,0.0,0.0,0.0
matmul,fixed_a1,0.1,10.0%,constant_med,8.201230599590366e-05,True,1.0,59.55882352941176,0.40441176470588236,37.5,0.625,0.0,100.0,0.0,0.0,2385317.6470588236,5898240.0,0.0,0.023649864019003052,0.040052805488583594
matmul,fixed_a2,0.1,10.0%,constant_med,0.001172619580488907,True,1.0,84.55882352941177,0.1544117647058823,62.5,0.375,0.0,0.0,100.0,0.0,910757.6470588233,5898240.0,0.0,0.30929562240689795,0.5726787388684397
matmul,fixed_a3,0.1,10.0%,constant_med,0.010462672440649764,True,0.9375,92.6470588235294,0.07352941176470594,75.0,0.25,0.0,0.0,0.0,100.0,433694.11764705915,5898240.0,0.0,3.0363861336239824,5.109713463940891
matmul,resource_only,0.1,10.0%,constant_med,8.201230599590366e-05,True,1.0,59.55448325163398,0.40445516748366017,37.5,0.625,0.0,100.0,0.0,0.0,2385573.6470588236,5898240.0,0.010731171528308199,0.023649864019003052,0.040052805488583594
matmul,full_adaptive,0.1,10.0%,constant_med,0.010456453840571141,True,1.0,72.37872753267973,0.2762127246732026,59.765625,0.40234375,9.375,21.875,0.0,68.75,1629168.9411764706,5898240.0,15.72924658230656,2.9613180873785145,5.106676451673819
matmul,exact_only,0.1,10.0%,constant_high,0.0,True,1.0,0.0,1.0,0.0,1.0,100.0,0.0,0.0,0.0,5898240.0,5898240.0,0.0,0.0,0.0
matmul,fixed_a1,0.1,10.0%,constant_high,8.201230599590366e-05,True,1.0,59.55882352941176,0.40441176470588236,37.5,0.625,0.0,100.0,0.0,0.0,2385317.6470588236,5898240.0,0.0,0.023649864019003052,0.040052805488583594
matmul,fixed_a2,0.1,10.0%,constant_high,0.001172619580488907,True,1.0,84.55882352941177,0.1544117647058823,62.5,0.375,0.0,0.0,100.0,0.0,910757.6470588233,5898240.0,0.0,0.30929562240689795,0.5726787388684397
matmul,fixed_a3,0.1,10.0%,constant_high,0.010462672440649764,True,0.9375,92.6470588235294,0.07352941176470594,75.0,0.25,0.0,0.0,0.0,100.0,433694.11764705915,5898240.0,0.0,3.0363861336239824,5.109713463940891
matmul,resource_only,0.1,10.0%,constant_high,8.201230599590366e-05,True,1.0,59.55448325163398,0.40445516748366017,37.5,0.625,0.0,100.0,0.0,0.0,2385573.6470588236,5898240.0,0.010731171528308199,0.023649864019003052,0.040052805488583594
matmul,full_adaptive,0.1,10.0%,constant_high,0.010456454537623307,True,1.0,77.9623672385621,0.22037632761437911,63.28125,0.3671875,0.0,31.25,0.0,68.75,1299832.4705882354,5898240.0,19.714540588760034,2.9617749225457866,5.106676792097058
matmul,exact_only,0.1,10.0%,oscillating,0.0,True,1.0,0.0,1.0,0.0,1.0,100.0,0.0,0.0,0.0,5898240.0,5898240.0,0.0,0.0,0.0
matmul,fixed_a1,0.1,10.0%,oscillating,8.201230599590366e-05,True,1.0,59.55882352941176,0.40441176470588236,37.5,0.625,0.0,100.0,0.0,0.0,2385317.6470588236,5898240.0,0.0,0.023649864019003052,0.040052805488583594
matmul,fixed_a2,0.1,10.0%,oscillating,0.001172619580488907,True,1.0,84.55882352941177,0.1544117647058823,62.5,0.375,0.0,0.0,100.0,0.0,910757.6470588233,5898240.0,0.0,0.30929562240689795,0.5726787388684397
matmul,fixed_a3,0.1,10.0%,oscillating,0.010462672440649764,True,0.9375,92.6470588235294,0.07352941176470594,75.0,0.25,0.0,0.0,0.0,100.0,433694.11764705915,5898240.0,0.0,3.0363861336239824,5.109713463940891
matmul,resource_only,0.1,10.0%,oscillating,8.201230599590366e-05,True,1.0,59.55448325163398,0.40445516748366017,37.5,0.625,0.0,100.0,0.0,0.0,2385573.6470588236,5898240.0,0.010731171528308199,0.023649864019003052,0.040052805488583594
matmul,full_adaptive,0.1,10.0%,oscillating,0.009469167823159179,True,1.0,72.47063929738562,0.27529360702614375,58.203125,0.41796875,6.25,25.0,21.875,46.875,1623747.7647058822,5898240.0,15.78176152540644,2.403655845309718,4.624510094603274
matmul,exact_only,0.1,10.0%,rising,0.0,True,1.0,0.0,1.0,0.0,1.0,100.0,0.0,0.0,0.0,5898240.0,5898240.0,0.0,0.0,0.0
matmul,fixed_a1,0.1,10.0%,rising,8.201230599590366e-05,True,1.0,59.55882352941176,0.40441176470588236,37.5,0.625,0.0,100.0,0.0,0.0,2385317.6470588236,5898240.0,0.0,0.023649864019003052,0.040052805488583594
matmul,fixed_a2,0.1,10.0%,rising,0.001172619580488907,True,1.0,84.55882352941177,0.1544117647058823,62.5,0.375,0.0,0.0,100.0,0.0,910757.6470588233,5898240.0,0.0,0.30929562240689795,0.5726787388684397
matmul,fixed_a3,0.1,10.0%,rising,0.010462672440649764,True,0.9375,92.6470588235294,0.07352941176470594,75.0,0.25,0.0,0.0,0.0,100.0,433694.11764705915,5898240.0,0.0,3.0363861336239824,5.109713463940891
matmul,resource_only,0.1,10.0%,rising,8.201230599590366e-05,True,1.0,59.55448325163398,0.40445516748366017,37.5,0.625,0.0,100.0,0.0,0.0,2385573.6470588236,5898240.0,0.010731171528308199,0.023649864019003052,0.040052805488583594
matmul,full_adaptive,0.1,10.0%,rising,0.00881927021096712,True,1.0,67.39251429738562,0.32607485702614375,55.46875,0.4453125,15.625,15.625,15.625,53.125,1923267.7647058822,5898240.0,13.323989758606922,2.193945550273369,4.307115987310112
matmul,exact_only,0.1,10.0%,random,0.0,True,1.0,0.0,1.0,0.0,1.0,100.0,0.0,0.0,0.0,5898240.0,5898240.0,0.0,0.0,0.0
matmul,fixed_a1,0.1,10.0%,random,8.201230599590366e-05,True,1.0,59.55882352941176,0.40441176470588236,37.5,0.625,0.0,100.0,0.0,0.0,2385317.6470588236,5898240.0,0.0,0.023649864019003052,0.040052805488583594
matmul,fixed_a2,0.1,10.0%,random,0.001172619580488907,True,1.0,84.55882352941177,0.1544117647058823,62.5,0.375,0.0,0.0,100.0,0.0,910757.6470588233,5898240.0,0.0,0.30929562240689795,0.5726787388684397
matmul,fixed_a3,0.1,10.0%,random,0.010462672440649764,True,0.9375,92.6470588235294,0.07352941176470594,75.0,0.25,0.0,0.0,0.0,100.0,433694.11764705915,5898240.0,0.0,3.0363861336239824,5.109713463940891
matmul,resource_only,0.1,10.0%,random,8.201230599590366e-05,True,1.0,59.55448325163398,0.40445516748366017,37.5,0.625,0.0,100.0,0.0,0.0,2385573.6470588236,5898240.0,0.010731171528308199,0.023649864019003052,0.040052805488583594
matmul,full_adaptive,0.1,10.0%,random,0.004887711425775041,True,1.0,75.18203635620915,0.24817963643790847,58.984375,0.41015625,0.0,31.25,34.375,34.375,1463823.0588235292,5898240.0,17.50594093017993,0.9272135051159298,2.3870387820905004
conv,exact_only,0.005,0.5%,constant_low,0.0,True,1.0,0.0,1.0,0.0,1.0,100.0,0.0,0.0,0.0,604500.0,604500.0,0.0,0.0,0.0
conv,fixed_a1,0.005,0.5%,constant_low,0.00021667272294443338,True,1.0,59.5588235294118,0.4044117647058821,37.5,0.625,0.0,100.0,0.0,0.0,244466.91176470573,604500.0,0.0,0.00043821190843549055,0.0006246883088580168
conv,fixed_a2,0.005,0.5%,constant_low,0.005210780909391974,False,0.25806451612903225,84.55882352941177,0.15441176470588225,62.5,0.375,0.0,0.0,100.0,0.0,93341.91176470582,604500.0,0.0,0.010395343637557192,0.015023182751769356
conv,fixed_a3,0.005,0.5%,constant_low,0.018543545693224153,False,0.0,92.64705882352942,0.07352941176470587,75.0,0.25,0.0,0.0,0.0,100.0,44448.5294117647,604500.0,0.0,0.03446741089017286,0.053462826524325845
conv,resource_only,0.005,0.5%,constant_low,0.00021667272294443338,True,1.0,59.51779788838615,0.4048220211161385,37.5,0.625,0.0,100.0,0.0,0.0,244714.91176470573,604500.0,0.10134241440850687,0.00043821190843549055,0.0006246883088580168
conv,full_adaptive,0.005,0.5%,constant_low,0.00021646728585999163,True,1.0,43.501279618547194,0.564987203814528,31.45161290322581,0.6854838709677419,16.129032258064516,83.87096774193549,0.0,0.0,341534.76470588223,604500.0,11.418456927388844,0.0004294394904677762,0.0006240960139760739
conv,exact_only,0.005,0.5%,constant_med,0.0,True,1.0,0.0,1.0,0.0,1.0,100.0,0.0,0.0,0.0,604500.0,604500.0,0.0,0.0,0.0
conv,fixed_a1,0.005,0.5%,constant_med,0.00021667272294443338,True,1.0,59.5588235294118,0.4044117647058821,37.5,0.625,0.0,100.0,0.0,0.0,244466.91176470573,604500.0,0.0,0.00043821190843549055,0.0006246883088580168
conv,fixed_a2,0.005,0.5%,constant_med,0.005210780909391974,False,0.25806451612903225,84.55882352941177,0.15441176470588225,62.5,0.375,0.0,0.0,100.0,0.0,93341.91176470582,604500.0,0.0,0.010395343637557192,0.015023182751769356
conv,fixed_a3,0.005,0.5%,constant_med,0.018543545693224153,False,0.0,92.64705882352942,0.07352941176470587,75.0,0.25,0.0,0.0,0.0,100.0,44448.5294117647,604500.0,0.0,0.03446741089017286,0.053462826524325845
conv,resource_only,0.005,0.5%,constant_med,0.00021667272294443338,True,1.0,59.51779788838615,0.4048220211161385,37.5,0.625,0.0,100.0,0.0,0.0,244714.91176470573,604500.0,0.10134241440850687,0.00043821190843549055,0.0006246883088580168
conv,full_adaptive,0.005,0.5%,constant_med,0.0002165449539341476,True,1.0,47.34378436238021,0.5265621563761979,33.87096774193549,0.6612903225806451,9.67741935483871,90.32258064516128,0.0,0.0,318306.82352941163,604500.0,12.251700911588085,0.00043283964635272836,0.0006243199385072166
conv,exact_only,0.005,0.5%,constant_high,0.0,True,1.0,0.0,1.0,0.0,1.0,100.0,0.0,0.0,0.0,604500.0,604500.0,0.0,0.0,0.0
conv,fixed_a1,0.005,0.5%,constant_high,0.00021667272294443338,True,1.0,59.5588235294118,0.4044117647058821,37.5,0.625,0.0,100.0,0.0,0.0,244466.91176470573,604500.0,0.0,0.00043821190843549055,0.0006246883088580168
conv,fixed_a2,0.005,0.5%,constant_high,0.005210780909391974,False,0.25806451612903225,84.55882352941177,0.15441176470588225,62.5,0.375,0.0,0.0,100.0,0.0,93341.91176470582,604500.0,0.0,0.010395343637557192,0.015023182751769356
conv,fixed_a3,0.005,0.5%,constant_high,0.018543545693224153,False,0.0,92.64705882352942,0.07352941176470587,75.0,0.25,0.0,0.0,0.0,100.0,44448.5294117647,604500.0,0.0,0.03446741089017286,0.053462826524325845
conv,resource_only,0.005,0.5%,constant_high,0.00021667272294443338,True,1.0,59.51779788838615,0.4048220211161385,37.5,0.625,0.0,100.0,0.0,0.0,244714.91176470573,604500.0,0.10134241440850687,0.00043821190843549055,0.0006246883088580168
conv,full_adaptive,0.005,0.5%,constant_high,0.00021667272294443338,True,1.0,53.10754147812974,0.4689245852187026,37.5,0.625,0.0,100.0,0.0,0.0,283464.9117647057,604500.0,13.757611041598993,0.00043821190843549055,0.0006246883088580168
conv,exact_only,0.005,0.5%,oscillating,0.0,True,1.0,0.0,1.0,0.0,1.0,100.0,0.0,0.0,0.0,604500.0,604500.0,0.0,0.0,0.0
conv,fixed_a1,0.005,0.5%,oscillating,0.00021667272294443338,True,1.0,59.5588235294118,0.4044117647058821,37.5,0.625,0.0,100.0,0.0,0.0,244466.91176470573,604500.0,0.0,0.00043821190843549055,0.0006246883088580168
conv,fixed_a2,0.005,0.5%,oscillating,0.005210780909391974,False,0.25806451612903225,84.55882352941177,0.15441176470588225,62.5,0.375,0.0,0.0,100.0,0.0,93341.91176470582,604500.0,0.0,0.010395343637557192,0.015023182751769356
conv,fixed_a3,0.005,0.5%,oscillating,0.018543545693224153,False,0.0,92.64705882352942,0.07352941176470587,75.0,0.25,0.0,0.0,0.0,100.0,44448.5294117647,604500.0,0.0,0.03446741089017286,0.053462826524325845
conv,resource_only,0.005,0.5%,oscillating,0.00021667272294443338,True,1.0,59.51779788838615,0.4048220211161385,37.5,0.625,0.0,100.0,0.0,0.0,244714.91176470573,604500.0,0.10134241440850687,0.00043821190843549055,0.0006246883088580168
conv,full_adaptive,0.005,0.5%,oscillating,0.0002166329430603885,True,1.0,51.18628910621324,0.4881371089378677,36.29032258064516,0.6370967741935484,3.225806451612903,96.7741935483871,0.0,0.0,295078.88235294103,604500.0,13.21612705356355,0.0004364803017842147,0.000624573619624629
conv,exact_only,0.005,0.5%,rising,0.0,True,1.0,0.0,1.0,0.0,1.0,100.0,0.0,0.0,0.0,604500.0,604500.0,0.0,0.0,0.0
conv,fixed_a1,0.005,0.5%,rising,0.00021667272294443338,True,1.0,59.5588235294118,0.4044117647058821,37.5,0.625,0.0,100.0,0.0,0.0,244466.91176470573,604500.0,0.0,0.00043821190843549055,0.0006246883088580168
conv,fixed_a2,0.005,0.5%,rising,0.005210780909391974,False,0.25806451612903225,84.55882352941177,0.15441176470588225,62.5,0.375,0.0,0.0,100.0,0.0,93341.91176470582,604500.0,0.0,0.010395343637557192,0.015023182751769356
conv,fixed_a3,0.005,0.5%,rising,0.018543545693224153,False,0.0,92.64705882352942,0.07352941176470587,75.0,0.25,0.0,0.0,0.0,100.0,44448.5294117647,604500.0,0.0,0.03446741089017286,0.053462826524325845
conv,resource_only,0.005,0.5%,rising,0.00021667272294443338,True,1.0,59.51779788838615,0.4048220211161385,37.5,0.625,0.0,100.0,0.0,0.0,244714.91176470573,604500.0,0.10134241440850687,0.00043821190843549055,0.0006246883088580168
conv,full_adaptive,0.005,0.5%,rising,0.0002165112139131188,True,1.0,45.422531990463696,0.545774680095363,32.66129032258065,0.6733870967741935,12.903225806451612,87.09677419354838,0.0,0.0,329920.79411764693,604500.0,11.820412867366477,0.0004312365089059488,0.0006242226627800697
conv,exact_only,0.005,0.5%,random,0.0,True,1.0,0.0,1.0,0.0,1.0,100.0,0.0,0.0,0.0,604500.0,604500.0,0.0,0.0,0.0
conv,fixed_a1,0.005,0.5%,random,0.00021667272294443338,True,1.0,59.5588235294118,0.4044117647058821,37.5,0.625,0.0,100.0,0.0,0.0,244466.91176470573,604500.0,0.0,0.00043821190843549055,0.0006246883088580168
conv,fixed_a2,0.005,0.5%,random,0.005210780909391974,False,0.25806451612903225,84.55882352941177,0.15441176470588225,62.5,0.375,0.0,0.0,100.0,0.0,93341.91176470582,604500.0,0.0,0.010395343637557192,0.015023182751769356
conv,fixed_a3,0.005,0.5%,random,0.018543545693224153,False,0.0,92.64705882352942,0.07352941176470587,75.0,0.25,0.0,0.0,0.0,100.0,44448.5294117647,604500.0,0.0,0.03446741089017286,0.053462826524325845
conv,resource_only,0.005,0.5%,random,0.00021667272294443338,True,1.0,59.51779788838615,0.4048220211161385,37.5,0.625,0.0,100.0,0.0,0.0,244714.91176470573,604500.0,0.10134241440850687,0.00043821190843549055,0.0006246883088580168
conv,full_adaptive,0.005,0.5%,random,0.00021667272294443338,True,1.0,53.10754147812974,0.4689245852187026,37.5,0.625,0.0,100.0,0.0,0.0,283464.9117647057,604500.0,13.757611041598993,0.00043821190843549055,0.0006246883088580168
conv,exact_only,0.01,1.0%,constant_low,0.0,True,1.0,0.0,1.0,0.0,1.0,100.0,0.0,0.0,0.0,604500.0,604500.0,0.0,0.0,0.0
conv,fixed_a1,0.01,1.0%,constant_low,0.00021667272294443338,True,1.0,59.5588235294118,0.4044117647058821,37.5,0.625,0.0,100.0,0.0,0.0,244466.91176470573,604500.0,0.0,0.00043821190843549055,0.0006246883088580168
conv,fixed_a2,0.01,1.0%,constant_low,0.005210780909391974,True,0.8387096774193549,84.55882352941177,0.15441176470588225,62.5,0.375,0.0,0.0,100.0,0.0,93341.91176470582,604500.0,0.0,0.010395343637557192,0.015023182751769356
conv,fixed_a3,0.01,1.0%,constant_low,0.018543545693224153,False,0.0,92.64705882352942,0.07352941176470587,75.0,0.25,0.0,0.0,0.0,100.0,44448.5294117647,604500.0,0.0,0.03446741089017286,0.053462826524325845
conv,resource_only,0.01,1.0%,constant_low,0.00021667272294443338,True,1.0,59.51779788838615,0.4048220211161385,37.5,0.625,0.0,100.0,0.0,0.0,244714.91176470573,604500.0,0.10134241440850687,0.00043821190843549055,0.0006246883088580168
conv,full_adaptive,0.01,1.0%,constant_low,0.00021667272294443338,True,1.0,53.10754147812974,0.4689245852187026,37.5,0.625,0.0,100.0,0.0,0.0,283464.9117647057,604500.0,13.757611041598993,0.00043821190843549055,0.0006246883088580168
conv,exact_only,0.01,1.0%,constant_med,0.0,True,1.0,0.0,1.0,0.0,1.0,100.0,0.0,0.0,0.0,604500.0,604500.0,0.0,0.0,0.0
conv,fixed_a1,0.01,1.0%,constant_med,0.00021667272294443338,True,1.0,59.5588235294118,0.4044117647058821,37.5,0.625,0.0,100.0,0.0,0.0,244466.91176470573,604500.0,0.0,0.00043821190843549055,0.0006246883088580168
conv,fixed_a2,0.01,1.0%,constant_med,0.005210780909391974,True,0.8387096774193549,84.55882352941177,0.15441176470588225,62.5,0.375,0.0,0.0,100.0,0.0,93341.91176470582,604500.0,0.0,0.010395343637557192,0.015023182751769356
conv,fixed_a3,0.01,1.0%,constant_med,0.018543545693224153,False,0.0,92.64705882352942,0.07352941176470587,75.0,0.25,0.0,0.0,0.0,100.0,44448.5294117647,604500.0,0.0,0.03446741089017286,0.053462826524325845
conv,resource_only,0.01,1.0%,constant_med,0.00021667272294443338,True,1.0,59.51779788838615,0.4048220211161385,37.5,0.625,0.0,100.0,0.0,0.0,244714.91176470573,604500.0,0.10134241440850687,0.00043821190843549055,0.0006246883088580168
conv,full_adaptive,0.01,1.0%,constant_med,0.00021667272294443338,True,1.0,53.10754147812974,0.4689245852187026,37.5,0.625,0.0,100.0,0.0,0.0,283464.9117647057,604500.0,13.757611041598993,0.00043821190843549055,0.0006246883088580168
conv,exact_only,0.01,1.0%,constant_high,0.0,True,1.0,0.0,1.0,0.0,1.0,100.0,0.0,0.0,0.0,604500.0,604500.0,0.0,0.0,0.0
conv,fixed_a1,0.01,1.0%,constant_high,0.00021667272294443338,True,1.0,59.5588235294118,0.4044117647058821,37.5,0.625,0.0,100.0,0.0,0.0,244466.91176470573,604500.0,0.0,0.00043821190843549055,0.0006246883088580168
conv,fixed_a2,0.01,1.0%,constant_high,0.005210780909391974,True,0.8387096774193549,84.55882352941177,0.15441176470588225,62.5,0.375,0.0,0.0,100.0,0.0,93341.91176470582,604500.0,0.0,0.010395343637557192,0.015023182751769356
conv,fixed_a3,0.01,1.0%,constant_high,0.018543545693224153,False,0.0,92.64705882352942,0.07352941176470587,75.0,0.25,0.0,0.0,0.0,100.0,44448.5294117647,604500.0,0.0,0.03446741089017286,0.053462826524325845
conv,resource_only,0.01,1.0%,constant_high,0.00021667272294443338,True,1.0,59.51779788838615,0.4048220211161385,37.5,0.625,0.0,100.0,0.0,0.0,244714.91176470573,604500.0,0.10134241440850687,0.00043821190843549055,0.0006246883088580168
conv,full_adaptive,0.01,1.0%,constant_high,0.00021667272294443338,True,1.0,53.10754147812974,0.4689245852187026,37.5,0.625,0.0,100.0,0.0,0.0,283464.9117647057,604500.0,13.757611041598993,0.00043821190843549055,0.0006246883088580168
conv,exact_only,0.01,1.0%,oscillating,0.0,True,1.0,0.0,1.0,0.0,1.0,100.0,0.0,0.0,0.0,604500.0,604500.0,0.0,0.0,0.0
conv,fixed_a1,0.01,1.0%,oscillating,0.00021667272294443338,True,1.0,59.5588235294118,0.4044117647058821,37.5,0.625,0.0,100.0,0.0,0.0,244466.91176470573,604500.0,0.0,0.00043821190843549055,0.0006246883088580168
conv,fixed_a2,0.01,1.0%,oscillating,0.005210780909391974,True,0.8387096774193549,84.55882352941177,0.15441176470588225,62.5,0.375,0.0,0.0,100.0,0.0,93341.91176470582,604500.0,0.0,0.010395343637557192,0.015023182751769356
conv,fixed_a3,0.01,1.0%,oscillating,0.018543545693224153,False,0.0,92.64705882352942,0.07352941176470587,75.0,0.25,0.0,0.0,0.0,100.0,44448.5294117647,604500.0,0.0,0.03446741089017286,0.053462826524325845
conv,resource_only,0.01,1.0%,oscillating,0.00021667272294443338,True,1.0,59.51779788838615,0.4048220211161385,37.5,0.625,0.0,100.0,0.0,0.0,244714.91176470573,604500.0,0.10134241440850687,0.00043821190843549055,0.0006246883088580168
conv,full_adaptive,0.01,1.0%,oscillating,0.0020494814375373836,True,1.0,56.33334792974265,0.43666652070257356,40.7258064516129,0.592741935483871,0.0,87.09677419354838,12.903225806451612,0.0,263964.9117647057,604500.0,14.773933300181282,0.0019396155076019375,0.005908852188927632
conv,exact_only,0.01,1.0%,rising,0.0,True,1.0,0.0,1.0,0.0,1.0,100.0,0.0,0.0,0.0,604500.0,604500.0,0.0,0.0,0.0
conv,fixed_a1,0.01,1.0%,rising,0.00021667272294443338,True,1.0,59.5588235294118,0.4044117647058821,37.5,0.625,0.0,100.0,0.0,0.0,244466.91176470573,604500.0,0.0,0.00043821190843549055,0.0006246883088580168
conv,fixed_a2,0.01,1.0%,rising,0.005210780909391974,True,0.8387096774193549,84.55882352941177,0.15441176470588225,62.5,0.375,0.0,0.0,100.0,0.0,93341.91176470582,604500.0,0.0,0.010395343637557192,0.015023182751769356
conv,fixed_a3,0.01,1.0%,rising,0.018543545693224153,False,0.0,92.64705882352942,0.07352941176470587,75.0,0.25,0.0,0.0,0.0,100.0,44448.5294117647,604500.0,0.0,0.03446741089017286,0.053462826524325845
conv,resource_only,0.01,1.0%,rising,0.00021667272294443338,True,1.0,59.51779788838615,0.4048220211161385,37.5,0.625,0.0,100.0,0.0,0.0,244714.91176470573,604500.0,0.10134241440850687,0.00043821190843549055,0.0006246883088580168
conv,full_adaptive,0.01,1.0%,rising,0.0015325356913491331,True,1.0,53.913993091032964,0.46086006908967037,38.306451612903224,0.6169354838709677,0.0,96.7741935483871,3.225806451612903,0.0,278589.9117647057,604500.0,13.998353261598833,0.0010998202102640378,0.00441844786128875
conv,exact_only,0.01,1.0%,random,0.0,True,1.0,0.0,1.0,0.0,1.0,100.0,0.0,0.0,0.0,604500.0,604500.0,0.0,0.0,0.0
conv,fixed_a1,0.01,1.0%,random,0.00021667272294443338,True,1.0,59.5588235294118,0.4044117647058821,37.5,0.625,0.0,100.0,0.0,0.0,244466.91176470573,604500.0,0.0,0.00043821190843549055,0.0006246883088580168
conv,fixed_a2,0.01,1.0%,random,0.005210780909391974,True,0.8387096774193549,84.55882352941177,0.15441176470588225,62.5,0.375,0.0,0.0,100.0,0.0,93341.91176470582,604500.0,0.0,0.010395343637557192,0.015023182751769356
conv,fixed_a3,0.01,1.0%,random,0.018543545693224153,False,0.0,92.64705882352942,0.07352941176470587,75.0,0.25,0.0,0.0,0.0,100.0,44448.5294117647,604500.0,0.0,0.03446741089017286,0.053462826524325845
conv,resource_only,0.01,1.0%,random,0.00021667272294443338,True,1.0,59.51779788838615,0.4048220211161385,37.5,0.625,0.0,100.0,0.0,0.0,244714.91176470573,604500.0,0.10134241440850687,0.00043821190843549055,0.0006246883088580168
conv,full_adaptive,0.01,1.0%,random,0.0008638358776929161,True,1.0,53.913993091032964,0.46086006908967037,38.306451612903224,0.6169354838709677,0.0,96.7741935483871,3.225806451612903,0.0,278589.9117647057,604500.0,13.998353261598833,0.0007103806706527091,0.002490521955111343
conv,exact_only,0.02,2.0%,constant_low,0.0,True,1.0,0.0,1.0,0.0,1.0,100.0,0.0,0.0,0.0,604500.0,604500.0,0.0,0.0,0.0
conv,fixed_a1,0.02,2.0%,constant_low,0.00021667272294443338,True,1.0,59.5588235294118,0.4044117647058821,37.5,0.625,0.0,100.0,0.0,0.0,244466.91176470573,604500.0,0.0,0.00043821190843549055,0.0006246883088580168
conv,fixed_a2,0.02,2.0%,constant_low,0.005210780909391974,True,0.9354838709677419,84.55882352941177,0.15441176470588225,62.5,0.375,0.0,0.0,100.0,0.0,93341.91176470582,604500.0,0.0,0.010395343637557192,0.015023182751769356
conv,fixed_a3,0.02,2.0%,constant_low,0.018543545693224153,True,0.5806451612903226,92.64705882352942,0.07352941176470587,75.0,0.25,0.0,0.0,0.0,100.0,44448.5294117647,604500.0,0.0,0.03446741089017286,0.053462826524325845
conv,resource_only,0.02,2.0%,constant_low,0.00021667272294443338,True,1.0,59.51779788838615,0.4048220211161385,37.5,0.625,0.0,100.0,0.0,0.0,244714.91176470573,604500.0,0.10134241440850687,0.00043821190843549055,0.0006246883088580168
conv,full_adaptive,0.02,2.0%,constant_low,0.00021667272294443338,True,1.0,53.10754147812974,0.4689245852187026,37.5,0.625,0.0,100.0,0.0,0.0,283464.9117647057,604500.0,13.757611041598993,0.00043821190843549055,0.0006246883088580168
conv,exact_only,0.02,2.0%,constant_med,0.0,True,1.0,0.0,1.0,0.0,1.0,100.0,0.0,0.0,0.0,604500.0,604500.0,0.0,0.0,0.0
conv,fixed_a1,0.02,2.0%,constant_med,0.00021667272294443338,True,1.0,59.5588235294118,0.4044117647058821,37.5,0.625,0.0,100.0,0.0,0.0,244466.91176470573,604500.0,0.0,0.00043821190843549055,0.0006246883088580168
conv,fixed_a2,0.02,2.0%,constant_med,0.005210780909391974,True,0.9354838709677419,84.55882352941177,0.15441176470588225,62.5,0.375,0.0,0.0,100.0,0.0,93341.91176470582,604500.0,0.0,0.010395343637557192,0.015023182751769356
conv,fixed_a3,0.02,2.0%,constant_med,0.018543545693224153,True,0.5806451612903226,92.64705882352942,0.07352941176470587,75.0,0.25,0.0,0.0,0.0,100.0,44448.5294117647,604500.0,0.0,0.03446741089017286,0.053462826524325845
conv,resource_only,0.02,2.0%,constant_med,0.00021667272294443338,True,1.0,59.51779788838615,0.4048220211161385,37.5,0.625,0.0,100.0,0.0,0.0,244714.91176470573,604500.0,0.10134241440850687,0.00043821190843549055,0.0006246883088580168
conv,full_adaptive,0.02,2.0%,constant_med,0.00021667272294443338,True,1.0,53.10754147812974,0.4689245852187026,37.5,0.625,0.0,100.0,0.0,0.0,283464.9117647057,604500.0,13.757611041598993,0.00043821190843549055,0.0006246883088580168
conv,exact_only,0.02,2.0%,constant_high,0.0,True,1.0,0.0,1.0,0.0,1.0,100.0,0.0,0.0,0.0,604500.0,604500.0,0.0,0.0,0.0
conv,fixed_a1,0.02,2.0%,constant_high,0.00021667272294443338,True,1.0,59.5588235294118,0.4044117647058821,37.5,0.625,0.0,100.0,0.0,0.0,244466.91176470573,604500.0,0.0,0.00043821190843549055,0.0006246883088580168
conv,fixed_a2,0.02,2.0%,constant_high,0.005210780909391974,True,0.9354838709677419,84.55882352941177,0.15441176470588225,62.5,0.375,0.0,0.0,100.0,0.0,93341.91176470582,604500.0,0.0,0.010395343637557192,0.015023182751769356
conv,fixed_a3,0.02,2.0%,constant_high,0.018543545693224153,True,0.5806451612903226,92.64705882352942,0.07352941176470587,75.0,0.25,0.0,0.0,0.0,100.0,44448.5294117647,604500.0,0.0,0.03446741089017286,0.053462826524325845
conv,resource_only,0.02,2.0%,constant_high,0.00021667272294443338,True,1.0,59.51779788838615,0.4048220211161385,37.5,0.625,0.0,100.0,0.0,0.0,244714.91176470573,604500.0,0.10134241440850687,0.00043821190843549055,0.0006246883088580168
conv,full_adaptive,0.02,2.0%,constant_high,0.005208819699218955,True,1.0,74.0752834136136,0.259247165863864,58.46774193548387,0.4153225806451613,0.0,16.129032258064516,83.87096774193549,0.0,156714.9117647058,604500.0,24.88467725301866,0.01027268519902328,0.01501752839412964
conv,exact_only,0.02,2.0%,oscillating,0.0,True,1.0,0.0,1.0,0.0,1.0,100.0,0.0,0.0,0.0,604500.0,604500.0,0.0,0.0,0.0
conv,fixed_a1,0.02,2.0%,oscillating,0.00021667272294443338,True,1.0,59.5588235294118,0.4044117647058821,37.5,0.625,0.0,100.0,0.0,0.0,244466.91176470573,604500.0,0.0,0.00043821190843549055,0.0006246883088580168
conv,fixed_a2,0.02,2.0%,oscillating,0.005210780909391974,True,0.9354838709677419,84.55882352941177,0.15441176470588225,62.5,0.375,0.0,0.0,100.0,0.0,93341.91176470582,604500.0,0.0,0.010395343637557192,0.015023182751769356
conv,fixed_a3,0.02,2.0%,oscillating,0.018543545693224153,True,0.5806451612903226,92.64705882352942,0.07352941176470587,75.0,0.25,0.0,0.0,0.0,100.0,44448.5294117647,604500.0,0.0,0.03446741089017286,0.053462826524325845
conv,resource_only,0.02,2.0%,oscillating,0.0021773579170248935,True,0.967741935483871,65.96941079161195,0.3403058920838805,43.951612903225815,0.5604838709677419,0.0,74.19354838709677,25.806451612903224,0.0,205714.91176470576,604500.0,0.12055518866987117,0.0022523946808707517,0.006277532383777337
conv,full_adaptive,0.02,2.0%,oscillating,0.0027193064538940962,True,1.0,58.752702768452316,0.41247297231547686,43.14516129032258,0.5685483870967742,0.0,77.41935483870968,22.58064516129032,0.0,249339.91176470576,604500.0,15.640496430752403,0.003092547880985093,0.007840022162759442
conv,exact_only,0.02,2.0%,rising,0.0,True,1.0,0.0,1.0,0.0,1.0,100.0,0.0,0.0,0.0,604500.0,604500.0,0.0,0.0,0.0
conv,fixed_a1,0.02,2.0%,rising,0.00021667272294443338,True,1.0,59.5588235294118,0.4044117647058821,37.5,0.625,0.0,100.0,0.0,0.0,244466.91176470573,604500.0,0.0,0.00043821190843549055,0.0006246883088580168
conv,fixed_a2,0.02,2.0%,rising,0.005210780909391974,True,0.9354838709677419,84.55882352941177,0.15441176470588225,62.5,0.375,0.0,0.0,100.0,0.0,93341.91176470582,604500.0,0.0,0.010395343637557192,0.015023182751769356
conv,fixed_a3,0.02,2.0%,rising,0.018543545693224153,True,0.5806451612903226,92.64705882352942,0.07352941176470587,75.0,0.25,0.0,0.0,0.0,100.0,44448.5294117647,604500.0,0.0,0.03446741089017286,0.053462826524325845
conv,resource_only,0.02,2.0%,rising,0.0018036804135622409,True,1.0,61.1307011141926,0.388692988858074,39.11290322580645,0.6088709677419355,0.0,93.54838709677419,6.451612903225806,0.0,234964.91176470573,604500.0,0.10554767438993087,0.0014622039698491912,0.0052001841854245855
conv,full_adaptive,0.02,2.0%,rising,0.0018810191635107863,True,1.0,56.33334792974265,0.43666652070257356,40.7258064516129,0.592741935483871,0.0,87.09677419354838,12.903225806451612,0.0,263964.9117647057,604500.0,14.773933300181282,0.0017795008769618073,0.005423159243189193
conv,exact_only,0.02,2.0%,random,0.0,True,1.0,0.0,1.0,0.0,1.0,100.0,0.0,0.0,0.0,604500.0,604500.0,0.0,0.0,0.0
conv,fixed_a1,0.02,2.0%,random,0.00021667272294443338,True,1.0,59.5588235294118,0.4044117647058821,37.5,0.625,0.0,100.0,0.0,0.0,244466.91176470573,604500.0,0.0,0.00043821190843549055,0.0006246883088580168
conv,fixed_a2,0.02,2.0%,random,0.005210780909391974,True,0.9354838709677419,84.55882352941177,0.15441176470588225,62.5,0.375,0.0,0.0,100.0,0.0,93341.91176470582,604500.0,0.0,0.010395343637557192,0.015023182751769356
conv,fixed_a3,0.02,2.0%,random,0.018543545693224153,True,0.5806451612903226,92.64705882352942,0.07352941176470587,75.0,0.25,0.0,0.0,0.0,100.0,44448.5294117647,604500.0,0.0,0.03446741089017286,0.053462826524325845
conv,resource_only,0.02,2.0%,random,0.0008714679026655728,True,0.967741935483871,62.743604339999045,0.3725639566000095,40.7258064516129,0.592741935483871,0.0,87.09677419354838,12.903225806451612,0.0,225214.91176470576,604500.0,0.1101170424536982,0.0007861028381493197,0.002512525817473629
conv,full_adaptive,0.02,2.0%,random,0.0016233647037349865,True,1.0,56.33334792974265,0.43666652070257356,40.7258064516129,0.592741935483871,0.0,87.09677419354838,12.903225806451612,0.0,263964.9117647057,604500.0,14.773933300181282,0.0014951275753481432,0.0046803166437155725
conv,exact_only,0.05,5.0%,constant_low,0.0,True,1.0,0.0,1.0,0.0,1.0,100.0,0.0,0.0,0.0,604500.0,604500.0,0.0,0.0,0.0
conv,fixed_a1,0.05,5.0%,constant_low,0.00021667272294443338,True,1.0,59.5588235294118,0.4044117647058821,37.5,0.625,0.0,100.0,0.0,0.0,244466.91176470573,604500.0,0.0,0.00043821190843549055,0.0006246883088580168
conv,fixed_a2,0.05,5.0%,constant_low,0.005210780909391974,True,1.0,84.55882352941177,0.15441176470588225,62.5,0.375,0.0,0.0,100.0,0.0,93341.91176470582,604500.0,0.0,0.010395343637557192,0.015023182751769356
conv,fixed_a3,0.05,5.0%,constant_low,0.018543545693224153,True,0.8387096774193549,92.64705882352942,0.07352941176470587,75.0,0.25,0.0,0.0,0.0,100.0,44448.5294117647,604500.0,0.0,0.03446741089017286,0.053462826524325845
conv,resource_only,0.05,5.0%,constant_low,0.00021667272294443338,True,1.0,59.51779788838615,0.4048220211161385,37.5,0.625,0.0,100.0,0.0,0.0,244714.91176470573,604500.0,0.10134241440850687,0.00043821190843549055,0.0006246883088580168
conv,full_adaptive,0.05,5.0%,constant_low,0.00021667272294443338,True,1.0,53.10754147812974,0.4689245852187026,37.5,0.625,0.0,100.0,0.0,0.0,283464.9117647057,604500.0,13.757611041598993,0.00043821190843549055,0.0006246883088580168
conv,exact_only,0.05,5.0%,constant_med,0.0,True,1.0,0.0,1.0,0.0,1.0,100.0,0.0,0.0,0.0,604500.0,604500.0,0.0,0.0,0.0
conv,fixed_a1,0.05,5.0%,constant_med,0.00021667272294443338,True,1.0,59.5588235294118,0.4044117647058821,37.5,0.625,0.0,100.0,0.0,0.0,244466.91176470573,604500.0,0.0,0.00043821190843549055,0.0006246883088580168
conv,fixed_a2,0.05,5.0%,constant_med,0.005210780909391974,True,1.0,84.55882352941177,0.15441176470588225,62.5,0.375,0.0,0.0,100.0,0.0,93341.91176470582,604500.0,0.0,0.010395343637557192,0.015023182751769356
conv,fixed_a3,0.05,5.0%,constant_med,0.018543545693224153,True,0.8387096774193549,92.64705882352942,0.07352941176470587,75.0,0.25,0.0,0.0,0.0,100.0,44448.5294117647,604500.0,0.0,0.03446741089017286,0.053462826524325845
conv,resource_only,0.05,5.0%,constant_med,0.00021667272294443338,True,1.0,59.51779788838615,0.4048220211161385,37.5,0.625,0.0,100.0,0.0,0.0,244714.91176470573,604500.0,0.10134241440850687,0.00043821190843549055,0.0006246883088580168
conv,full_adaptive,0.05,5.0%,constant_med,0.004031763876459402,True,1.0,66.81721889748458,0.3318278110251543,51.20967741935484,0.4879032258064516,0.0,45.16129032258064,54.83870967741935,0.0,200589.91176470576,604500.0,19.441655692906977,0.006582537283844617,0.011623963198847927
conv,exact_only,0.05,5.0%,constant_high,0.0,True,1.0,0.0,1.0,0.0,1.0,100.0,0.0,0.0,0.0,604500.0,604500.0,0.0,0.0,0.0
conv,fixed_a1,0.05,5.0%,constant_high,0.00021667272294443338,True,1.0,59.5588235294118,0.4044117647058821,37.5,0.625,0.0,100.0,0.0,0.0,244466.91176470573,604500.0,0.0,0.00043821190843549055,0.0006246883088580168
conv,fixed_a2,0.05,5.0%,constant_high,0.005210780909391974,True,1.0,84.55882352941177,0.15441176470588225,62.5,0.375,0.0,0.0,100.0,0.0,93341.91176470582,604500.0,0.0,0.010395343637557192,0.015023182751769356
conv,fixed_a3,0.05,5.0%,constant_high,0.018543545693224153,True,0.8387096774193549,92.64705882352942,0.07352941176470587,75.0,0.25,0.0,0.0,0.0,100.0,44448.5294117647,604500.0,0.0,0.03446741089017286,0.053462826524325845
conv,resource_only,0.05,5.0%,constant_high,0.005210780909391974,True,1.0,84.51779788838614,0.15482202111613866,62.5,0.375,0.0,0.0,100.0,0.0,93589.91176470582,604500.0,0.2649858252067768,0.010395343637557192,0.015023182751769356
conv,full_adaptive,0.05,5.0%,constant_high,0.005209601045691316,True,1.0,75.68818663942005,0.24311813360579948,60.08064516129033,0.39919354838709675,0.0,9.67741935483871,90.32258064516128,0.0,146964.9117647058,604500.0,26.53558562498013,0.010321805138607117,0.015019781091191915
conv,exact_only,0.05,5.0%,oscillating,0.0,True,1.0,0.0,1.0,0.0,1.0,100.0,0.0,0.0,0.0,604500.0,604500.0,0.0,0.0,0.0
conv,fixed_a1,0.05,5.0%,oscillating,0.00021667272294443338,True,1.0,59.5588235294118,0.4044117647058821,37.5,0.625,0.0,100.0,0.0,0.0,244466.91176470573,604500.0,0.0,0.00043821190843549055,0.0006246883088580168
conv,fixed_a2,0.05,5.0%,oscillating,0.005210780909391974,True,1.0,84.55882352941177,0.15441176470588225,62.5,0.375,0.0,0.0,100.0,0.0,93341.91176470582,604500.0,0.0,0.010395343637557192,0.015023182751769356
conv,fixed_a3,0.05,5.0%,oscillating,0.018543545693224153,True,0.8387096774193549,92.64705882352942,0.07352941176470587,75.0,0.25,0.0,0.0,0.0,100.0,44448.5294117647,604500.0,0.0,0.03446741089017286,0.053462826524325845
conv,resource_only,0.05,5.0%,oscillating,0.005472173574180382,True,0.967741935483871,71.59085291684914,0.2840914708315086,50.0,0.5,0.0,54.83870967741935,35.483870967741936,9.67741935483871,171733.29411764696,604500.0,0.1444099708645349,0.006029927007289818,0.01577680295599062
conv,full_adaptive,0.05,5.0%,oscillating,0.0054787103946807095,True,1.0,64.91968569065345,0.35080314309346555,49.596774193548384,0.5040322580645161,0.0,54.83870967741935,38.70967741935484,6.451612903225806,212060.4999999999,604500.0,18.39003491928012,0.006090194863653662,0.015795649238476785
conv,exact_only,0.05,5.0%,rising,0.0,True,1.0,0.0,1.0,0.0,1.0,100.0,0.0,0.0,0.0,604500.0,604500.0,0.0,0.0,0.0
conv,fixed_a1,0.05,5.0%,rising,0.00021667272294443338,True,1.0,59.5588235294118,0.4044117647058821,37.5,0.625,0.0,100.0,0.0,0.0,244466.91176470573,604500.0,0.0,0.00043821190843549055,0.0006246883088580168
conv,fixed_a2,0.05,5.0%,rising,0.005210780909391974,True,1.0,84.55882352941177,0.15441176470588225,62.5,0.375,0.0,0.0,100.0,0.0,93341.91176470582,604500.0,0.0,0.010395343637557192,0.015023182751769356
conv,fixed_a3,0.05,5.0%,rising,0.018543545693224153,True,0.8387096774193549,92.64705882352942,0.07352941176470587,75.0,0.25,0.0,0.0,0.0,100.0,44448.5294117647,604500.0,0.0,0.03446741089017286,0.053462826524325845
conv,resource_only,0.05,5.0%,rising,0.0056097460913256784,True,1.0,69.45612805916413,0.30543871940835865,47.58064516129033,0.5241935483870968,0.0,61.29032258064516,35.483870967741936,3.225806451612903,184637.7058823528,604500.0,0.13431709347494833,0.005762633838530025,0.016173437760376563
conv,full_adaptive,0.05,5.0%,rising,0.005792135772500879,True,1.0,64.65877487471417,0.35341225125285824,49.193548387096776,0.5080645161290323,0.0,54.83870967741935,41.935483870967744,3.225806451612903,213637.7058823528,604500.0,18.25426828982878,0.006503261468956535,0.016699284761042668
conv,exact_only,0.05,5.0%,random,0.0,True,1.0,0.0,1.0,0.0,1.0,100.0,0.0,0.0,0.0,604500.0,604500.0,0.0,0.0,0.0
conv,fixed_a1,0.05,5.0%,random,0.00021667272294443338,True,1.0,59.5588235294118,0.4044117647058821,37.5,0.625,0.0,100.0,0.0,0.0,244466.91176470573,604500.0,0.0,0.00043821190843549055,0.0006246883088580168
conv,fixed_a2,0.05,5.0%,random,0.005210780909391974,True,1.0,84.55882352941177,0.15441176470588225,62.5,0.375,0.0,0.0,100.0,0.0,93341.91176470582,604500.0,0.0,0.010395343637557192,0.015023182751769356
conv,fixed_a3,0.05,5.0%,random,0.018543545693224153,True,0.8387096774193549,92.64705882352942,0.07352941176470587,75.0,0.25,0.0,0.0,0.0,100.0,44448.5294117647,604500.0,0.0,0.03446741089017286,0.053462826524325845
conv,resource_only,0.05,5.0%,random,0.0016923964313661204,True,0.967741935483871,67.84322483335768,0.32156775166642315,45.96774193548387,0.5403225806451613,0.0,67.74193548387096,29.03225806451613,3.225806451612903,194387.7058823528,604500.0,0.12758008479718075,0.0018583394629118294,0.0048793417568236
conv,full_adaptive,0.05,5.0%,random,0.0021050029768260895,True,1.0,61.97850922006523,0.3802149077993478,46.37096774193549,0.5362903225806451,0.0,64.51612903225806,35.483870967741936,0.0,229839.91176470576,604500.0,16.96746213508969,0.0025131321636551423,0.006068926129071683
conv,exact_only,0.1,10.0%,constant_low,0.0,True,1.0,0.0,1.0,0.0,1.0,100.0,0.0,0.0,0.0,604500.0,604500.0,0.0,0.0,0.0
conv,fixed_a1,0.1,10.0%,constant_low,0.00021667272294443338,True,1.0,59.5588235294118,0.4044117647058821,37.5,0.625,0.0,100.0,0.0,0.0,244466.91176470573,604500.0,0.0,0.00043821190843549055,0.0006246883088580168
conv,fixed_a2,0.1,10.0%,constant_low,0.005210780909391974,True,1.0,84.55882352941177,0.15441176470588225,62.5,0.375,0.0,0.0,100.0,0.0,93341.91176470582,604500.0,0.0,0.010395343637557192,0.015023182751769356
conv,fixed_a3,0.1,10.0%,constant_low,0.018543545693224153,True,1.0,92.64705882352942,0.07352941176470587,75.0,0.25,0.0,0.0,0.0,100.0,44448.5294117647,604500.0,0.0,0.03446741089017286,0.053462826524325845
conv,resource_only,0.1,10.0%,constant_low,0.00021667272294443338,True,1.0,59.51779788838615,0.4048220211161385,37.5,0.625,0.0,100.0,0.0,0.0,244714.91176470573,604500.0,0.10134241440850687,0.00043821190843549055,0.0006246883088580168
conv,full_adaptive,0.1,10.0%,constant_low,0.005111809571141307,True,1.0,72.46238018780716,0.27537619812192854,56.85483870967742,0.4314516129032258,0.0,22.58064516129032,77.41935483870968,0.0,166464.9117647058,604500.0,23.427159265324786,0.009793351588893497,0.014737838860406161
conv,exact_only,0.1,10.0%,constant_med,0.0,True,1.0,0.0,1.0,0.0,1.0,100.0,0.0,0.0,0.0,604500.0,604500.0,0.0,0.0,0.0
conv,fixed_a1,0.1,10.0%,constant_med,0.00021667272294443338,True,1.0,59.5588235294118,0.4044117647058821,37.5,0.625,0.0,100.0,0.0,0.0,244466.91176470573,604500.0,0.0,0.00043821190843549055,0.0006246883088580168
conv,fixed_a2,0.1,10.0%,constant_med,0.005210780909391974,True,1.0,84.55882352941177,0.15441176470588225,62.5,0.375,0.0,0.0,100.0,0.0,93341.91176470582,604500.0,0.0,0.010395343637557192,0.015023182751769356
conv,fixed_a3,0.1,10.0%,constant_med,0.018543545693224153,True,1.0,92.64705882352942,0.07352941176470587,75.0,0.25,0.0,0.0,0.0,100.0,44448.5294117647,604500.0,0.0,0.03446741089017286,0.053462826524325845
conv,resource_only,0.1,10.0%,constant_med,0.005210780909391974,True,1.0,84.51779788838614,0.15482202111613866,62.5,0.375,0.0,0.0,100.0,0.0,93589.91176470582,604500.0,0.2649858252067768,0.010395343637557192,0.015023182751769356
conv,full_adaptive,0.1,10.0%,constant_med,0.005208819699218955,True,1.0,74.0752834136136,0.259247165863864,58.46774193548387,0.4153225806451613,0.0,16.129032258064516,83.87096774193549,0.0,156714.9117647058,604500.0,24.88467725301866,0.01027268519902328,0.01501752839412964
conv,exact_only,0.1,10.0%,constant_high,0.0,True,1.0,0.0,1.0,0.0,1.0,100.0,0.0,0.0,0.0,604500.0,604500.0,0.0,0.0,0.0
conv,fixed_a1,0.1,10.0%,constant_high,0.00021667272294443338,True,1.0,59.5588235294118,0.4044117647058821,37.5,0.625,0.0,100.0,0.0,0.0,244466.91176470573,604500.0,0.0,0.00043821190843549055,0.0006246883088580168
conv,fixed_a2,0.1,10.0%,constant_high,0.005210780909391974,True,1.0,84.55882352941177,0.15441176470588225,62.5,0.375,0.0,0.0,100.0,0.0,93341.91176470582,604500.0,0.0,0.010395343637557192,0.015023182751769356
conv,fixed_a3,0.1,10.0%,constant_high,0.018543545693224153,True,1.0,92.64705882352942,0.07352941176470587,75.0,0.25,0.0,0.0,0.0,100.0,44448.5294117647,604500.0,0.0,0.03446741089017286,0.053462826524325845
conv,resource_only,0.1,10.0%,constant_high,0.005210780909391974,True,1.0,84.51779788838614,0.15482202111613866,62.5,0.375,0.0,0.0,100.0,0.0,93589.91176470582,604500.0,0.2649858252067768,0.010395343637557192,0.015023182751769356
conv,full_adaptive,0.1,10.0%,constant_high,0.005210780909391974,True,1.0,78.10754147812973,0.21892458521870276,62.5,0.375,0.0,0.0,100.0,0.0,132339.91176470582,604500.0,29.46805652200874,0.010395343637557192,0.015023182751769356
conv,exact_only,0.1,10.0%,oscillating,0.0,True,1.0,0.0,1.0,0.0,1.0,100.0,0.0,0.0,0.0,604500.0,604500.0,0.0,0.0,0.0
conv,fixed_a1,0.1,10.0%,oscillating,0.00021667272294443338,True,1.0,59.5588235294118,0.4044117647058821,37.5,0.625,0.0,100.0,0.0,0.0,244466.91176470573,604500.0,0.0,0.00043821190843549055,0.0006246883088580168
conv,fixed_a2,0.1,10.0%,oscillating,0.005210780909391974,True,1.0,84.55882352941177,0.15441176470588225,62.5,0.375,0.0,0.0,100.0,0.0,93341.91176470582,604500.0,0.0,0.010395343637557192,0.015023182751769356
conv,fixed_a3,0.1,10.0%,oscillating,0.018543545693224153,True,1.0,92.64705882352942,0.07352941176470587,75.0,0.25,0.0,0.0,0.0,100.0,44448.5294117647,604500.0,0.0,0.03446741089017286,0.053462826524325845
conv,resource_only,0.1,10.0%,oscillating,0.0062056589207382835,True,1.0,77.49692502311099,0.22503074976889006,56.0483870967742,0.43951612903225806,0.0,32.25806451612903,54.83870967741935,12.903225806451612,136031.08823529404,604500.0,0.18231126665033545,0.009018552431766089,0.01789151178729514
conv,full_adaptive,0.1,10.0%,oscillating,0.008329728236129218,True,1.0,75.11892667737071,0.2488107332262929,60.08064516129033,0.39919354838709675,0.0,16.129032258064516,70.96774193548387,12.903225806451612,150406.08823529407,604500.0,25.928471684598197,0.013285664274851644,0.024015408005044037
conv,exact_only,0.1,10.0%,rising,0.0,True,1.0,0.0,1.0,0.0,1.0,100.0,0.0,0.0,0.0,604500.0,604500.0,0.0,0.0,0.0
conv,fixed_a1,0.1,10.0%,rising,0.00021667272294443338,True,1.0,59.5588235294118,0.4044117647058821,37.5,0.625,0.0,100.0,0.0,0.0,244466.91176470573,604500.0,0.0,0.00043821190843549055,0.0006246883088580168
conv,fixed_a2,0.1,10.0%,rising,0.005210780909391974,True,1.0,84.55882352941177,0.15441176470588225,62.5,0.375,0.0,0.0,100.0,0.0,93341.91176470582,604500.0,0.0,0.010395343637557192,0.015023182751769356
conv,fixed_a3,0.1,10.0%,rising,0.018543545693224153,True,1.0,92.64705882352942,0.07352941176470587,75.0,0.25,0.0,0.0,0.0,100.0,44448.5294117647,604500.0,0.0,0.03446741089017286,0.053462826524325845
conv,resource_only,0.1,10.0%,rising,0.006504209933821345,True,1.0,79.13354741400285,0.20866452585997156,57.258064516129025,0.4274193548387097,0.0,22.58064516129032,74.19354838709677,3.225806451612903,126137.7058823528,604500.0,0.1966105204349497,0.009524699788776823,0.018752263085087872
conv,full_adaptive,0.1,10.0%,rising,0.006961966432560915,True,1.0,74.33619422955289,0.2566380577044712,58.87096774193547,0.4112903225806452,0.0,16.129032258064516,80.64516129032258,3.225806451612903,155137.70588235284,604500.0,25.13766706694358,0.011630435488983123,0.020072019117044527
conv,exact_only,0.1,10.0%,random,0.0,True,1.0,0.0,1.0,0.0,1.0,100.0,0.0,0.0,0.0,604500.0,604500.0,0.0,0.0,0.0
conv,fixed_a1,0.1,10.0%,random,0.00021667272294443338,True,1.0,59.5588235294118,0.4044117647058821,37.5,0.625,0.0,100.0,0.0,0.0,244466.91176470573,604500.0,0.0,0.00043821190843549055,0.0006246883088580168
conv,fixed_a2,0.1,10.0%,random,0.005210780909391974,True,1.0,84.55882352941177,0.15441176470588225,62.5,0.375,0.0,0.0,100.0,0.0,93341.91176470582,604500.0,0.0,0.010395343637557192,0.015023182751769356
conv,fixed_a3,0.1,10.0%,random,0.018543545693224153,True,1.0,92.64705882352942,0.07352941176470587,75.0,0.25,0.0,0.0,0.0,100.0,44448.5294117647,604500.0,0.0,0.03446741089017286,0.053462826524325845
conv,resource_only,0.1,10.0%,random,0.0029445603908674336,True,1.0,75.1012893494867,0.2489871065051329,53.2258064516129,0.46774193548387094,0.0,38.70967741935484,58.06451612903226,3.225806451612903,150512.70588235284,604500.0,0.1647701425246101,0.0044003968274711905,0.008489450937361453
conv,full_adaptive,0.1,10.0%,random,0.005791001277292749,True,1.0,75.94909745535934,0.24050902544640668,60.483870967741936,0.3951612903225806,0.0,9.67741935483871,87.09677419354838,3.225806451612903,145387.70588235284,604500.0,26.823450967413315,0.010439731900597516,0.016696013902194617
