workload,bias,budget,trace,block_index,character,sensitivity_amp,full_mode,res_mode,full_error,res_error,full_sat,res_sat
fir,mixed,0.005,oscillating,0,med,0.11768886218697347,APPROX-1,EXACT,0.00021676889051621296,0.0,True,True
fir,mixed,0.005,oscillating,1,med,0.12259802932937322,APPROX-1,EXACT,0.00024847437269631006,0.0,True,True
fir,mixed,0.005,oscillating,2,low,0.0914093803975146,APPROX-2,EXACT,0.004066840226373329,0.0,True,True
fir,mixed,0.005,oscillating,3,low,0.15079808156631014,APPROX-2,EXACT,0.0008132299517502127,0.0,True,True
fir,mixed,0.005,oscillating,4,high,50.050409233073324,EXACT,EXACT,0.0,0.0,True,True
fir,mixed,0.005,oscillating,5,high,13.54583713629208,EXACT,EXACT,0.0,0.0,True,True
fir,mixed,0.005,oscillating,6,high,17.030964514864056,EXACT,EXACT,0.0,0.0,True,True
fir,mixed,0.005,oscillating,7,high,20.515824176428556,EXACT,EXACT,0.0,0.0,True,True
fir,mixed,0.005,oscillating,8,low,0.1816170061318479,APPROX-1,EXACT,0.00025328498974895786,0.0,True,True
fir,mixed,0.005,oscillating,9,low,0.1734710432623875,APPROX-1,EXACT,0.0002557826393576703,0.0,True,True
fir,mixed,0.005,oscillating,10,low,0.06466723781560733,APPROX-1,EXACT,0.0002507236656777117,0.0,True,True
fir,mixed,0.005,oscillating,11,high,16.288208117365993,EXACT,EXACT,0.0,0.0,True,True
fir,mixed,0.005,oscillating,12,high,16.345277957904273,EXACT,EXACT,0.0,0.0,True,True
fir,mixed,0.005,oscillating,13,low,0.09182124777416596,APPROX-1,EXACT,0.00023790280182042523,0.0,True,True
fir,mixed,0.005,oscillating,14,low,0.06678349629634789,APPROX-1,EXACT,0.0003248904337296443,0.0,True,True
fir,mixed,0.005,oscillating,15,low,0.034161566758714845,APPROX-1,EXACT,0.00024463781131543494,0.0,True,True
fir,mixed,0.005,oscillating,16,med,0.20240396894481502,APPROX-1,EXACT,0.00020973998811861928,0.0,True,True
fir,mixed,0.005,oscillating,17,high,27.747356594988034,EXACT,EXACT,0.0,0.0,True,True
fir,mixed,0.005,oscillating,18,high,79.12432955042307,EXACT,EXACT,0.0,0.0,True,True
fir,mixed,0.005,oscillating,19,low,0.13710192206024618,APPROX-2,EXACT,0.0014150479411277233,0.0,True,True
fir,mixed,0.005,oscillating,20,high,36.2784416409285,EXACT,EXACT,0.0,0.0,True,True
fir,mixed,0.005,oscillating,21,low,0.11526711102612298,APPROX-2,EXACT,0.002535268433767838,0.0,True,True
fir,mixed,0.005,oscillating,22,med,0.2371207151554314,APPROX-1,EXACT,0.00023733048663911475,0.0,True,True
fir,mixed,0.005,oscillating,23,low,0.11357632426392716,APPROX-1,EXACT,0.0003092967658082535,0.0,True,True
fir,mixed,0.005,oscillating,24,high,28.0442736948309,EXACT,EXACT,0.0,0.0,True,True
fir,mixed,0.005,oscillating,25,low,0.08333110256722318,APPROX-1,EXACT,0.00023067844362678497,0.0,True,True
fir,mixed,0.005,oscillating,26,med,0.311907423878153,APPROX-1,EXACT,0.00037892457123489304,0.0,True,True
fir,mixed,0.005,oscillating,27,med,0.10470964157335726,APPROX-1,EXACT,0.0002232972436130252,0.0,True,True
fir,mixed,0.005,oscillating,28,med,0.09589461160005804,APPROX-1,EXACT,0.0002017207489505771,0.0,True,True
fir,mixed,0.005,oscillating,29,med,0.12073983482339111,APPROX-1,EXACT,0.00022184789361699378,0.0,True,True
fir,mixed,0.005,oscillating,30,low,0.09575447591664957,APPROX-1,EXACT,0.0002949640141753693,0.0,True,True
fir,mixed,0.005,oscillating,31,low,0.13765729125044412,APPROX-1,EXACT,0.00022685030411119061,0.0,True,True
fir,mixed,0.005,rising,0,med,0.11768886218697347,APPROX-1,EXACT,0.00021676889051621296,0.0,True,True
fir,mixed,0.005,rising,1,med,0.12259802932937322,APPROX-1,EXACT,0.00024847437269631006,0.0,True,True
fir,mixed,0.005,rising,2,low,0.0914093803975146,APPROX-1,EXACT,0.0002349156736245911,0.0,True,True
fir,mixed,0.005,rising,3,low,0.15079808156631014,APPROX-1,EXACT,0.0002761539601751215,0.0,True,True
fir,mixed,0.005,rising,4,high,50.050409233073324,EXACT,EXACT,0.0,0.0,True,True
fir,mixed,0.005,rising,5,high,13.54583713629208,EXACT,EXACT,0.0,0.0,True,True
fir,mixed,0.005,rising,6,high,17.030964514864056,EXACT,EXACT,0.0,0.0,True,True
fir,mixed,0.005,rising,7,high,20.515824176428556,EXACT,EXACT,0.0,0.0,True,True
fir,mixed,0.005,rising,8,low,0.1816170061318479,APPROX-1,EXACT,0.00025328498974895786,0.0,True,True
fir,mixed,0.005,rising,9,low,0.1734710432623875,APPROX-1,EXACT,0.0002557826393576703,0.0,True,True
fir,mixed,0.005,rising,10,low,0.06466723781560733,APPROX-1,EXACT,0.0002507236656777117,0.0,True,True
fir,mixed,0.005,rising,11,high,16.288208117365993,EXACT,EXACT,0.0,0.0,True,True
fir,mixed,0.005,rising,12,high,16.345277957904273,EXACT,EXACT,0.0,0.0,True,True
fir,mixed,0.005,rising,13,low,0.09182124777416596,APPROX-1,EXACT,0.00023790280182042523,0.0,True,True
fir,mixed,0.005,rising,14,low,0.06678349629634789,APPROX-1,EXACT,0.0003248904337296443,0.0,True,True
fir,mixed,0.005,rising,15,low,0.034161566758714845,APPROX-2,EXACT,0.0010618475007657879,0.0,True,True
fir,mixed,0.005,rising,16,med,0.20240396894481502,APPROX-1,EXACT,0.00020973998811861928,0.0,True,True
fir,mixed,0.005,rising,17,high,27.747356594988034,EXACT,EXACT,0.0,0.0,True,True
fir,mixed,0.005,rising,18,high,79.12432955042307,EXACT,EXACT,0.0,0.0,True,True
fir,mixed,0.005,rising,19,low,0.13710192206024618,APPROX-1,EXACT,0.00033560250708746794,0.0,True,True
fir,mixed,0.005,rising,20,high,36.2784416409285,EXACT,EXACT,0.0,0.0,True,True
fir,mixed,0.005,rising,21,low,0.11526711102612298,APPROX-1,EXACT,0.0002662816171224257,0.0,True,True
fir,mixed,0.005,rising,22,med,0.2371207151554314,APPROX-1,EXACT,0.00023733048663911475,0.0,True,True
fir,mixed,0.005,rising,23,low,0.11357632426392716,APPROX-1,EXACT,0.0003092967658082535,0.0,True,True
fir,mixed,0.005,rising,24,high,28.0442736948309,EXACT,EXACT,0.0,0.0,True,True
fir,mixed,0.005,rising,25,low,0.08333110256722318,APPROX-1,EXACT,0.00023067844362678497,0.0,True,True
fir,mixed,0.005,rising,26,med,0.311907423878153,APPROX-1,EXACT,0.00037892457123489304,0.0,True,True
fir,mixed,0.005,rising,27,med,0.10470964157335726,APPROX-2,EXACT,0.0015392921384511052,0.0,True,True
fir,mixed,0.005,rising,28,med,0.09589461160005804,APPROX-1,EXACT,0.0002017207489505771,0.0,True,True
fir,mixed,0.005,rising,29,med,0.12073983482339111,APPROX-2,EXACT,0.00218117333492774,0.0,True,True
fir,mixed,0.005,rising,30,low,0.09575447591664957,APPROX-2,EXACT,0.0005180781799686762,0.0,True,True
fir,mixed,0.005,rising,31,low,0.13765729125044412,APPROX-2,EXACT,0.0020164343214406177,0.0,True,True
fir,mixed,0.005,constant_med,0,med,0.11768886218697347,APPROX-1,EXACT,0.00021676889051621296,0.0,True,True
fir,mixed,0.005,constant_med,1,med,0.12259802932937322,APPROX-1,EXACT,0.00024847437269631006,0.0,True,True
fir,mixed,0.005,constant_med,2,low,0.0914093803975146,APPROX-1,EXACT,0.0002349156736245911,0.0,True,True
fir,mixed,0.005,constant_med,3,low,0.15079808156631014,APPROX-1,EXACT,0.0002761539601751215,0.0,True,True
fir,mixed,0.005,constant_med,4,high,50.050409233073324,EXACT,EXACT,0.0,0.0,True,True
fir,mixed,0.005,constant_med,5,high,13.54583713629208,EXACT,EXACT,0.0,0.0,True,True
fir,mixed,0.005,constant_med,6,high,17.030964514864056,EXACT,EXACT,0.0,0.0,True,True
fir,mixed,0.005,constant_med,7,high,20.515824176428556,EXACT,EXACT,0.0,0.0,True,True
fir,mixed,0.005,constant_med,8,low,0.1816170061318479,APPROX-1,EXACT,0.00025328498974895786,0.0,True,True
fir,mixed,0.005,constant_med,9,low,0.1734710432623875,APPROX-1,EXACT,0.0002557826393576703,0.0,True,True
fir,mixed,0.005,constant_med,10,low,0.06466723781560733,APPROX-1,EXACT,0.0002507236656777117,0.0,True,True
fir,mixed,0.005,constant_med,11,high,16.288208117365993,EXACT,EXACT,0.0,0.0,True,True
fir,mixed,0.005,constant_med,12,high,16.345277957904273,EXACT,EXACT,0.0,0.0,True,True
fir,mixed,0.005,constant_med,13,low,0.09182124777416596,APPROX-1,EXACT,0.00023790280182042523,0.0,True,True
fir,mixed,0.005,constant_med,14,low,0.06678349629634789,APPROX-1,EXACT,0.0003248904337296443,0.0,True,True
fir,mixed,0.005,constant_med,15,low,0.034161566758714845,APPROX-2,EXACT,0.0010618475007657879,0.0,True,True
fir,mixed,0.005,constant_med,16,med,0.20240396894481502,APPROX-1,EXACT,0.00020973998811861928,0.0,True,True
fir,mixed,0.005,constant_med,17,high,27.747356594988034,EXACT,EXACT,0.0,0.0,True,True
fir,mixed,0.005,constant_med,18,high,79.12432955042307,EXACT,EXACT,0.0,0.0,True,True
fir,mixed,0.005,constant_med,19,low,0.13710192206024618,APPROX-1,EXACT,0.00033560250708746794,0.0,True,True
fir,mixed,0.005,constant_med,20,high,36.2784416409285,EXACT,EXACT,0.0,0.0,True,True
fir,mixed,0.005,constant_med,21,low,0.11526711102612298,APPROX-1,EXACT,0.0002662816171224257,0.0,True,True
fir,mixed,0.005,constant_med,22,med,0.2371207151554314,APPROX-1,EXACT,0.00023733048663911475,0.0,True,True
fir,mixed,0.005,constant_med,23,low,0.11357632426392716,APPROX-1,EXACT,0.0003092967658082535,0.0,True,True
fir,mixed,0.005,constant_med,24,high,28.0442736948309,EXACT,EXACT,0.0,0.0,True,True
fir,mixed,0.005,constant_med,25,low,0.08333110256722318,APPROX-1,EXACT,0.00023067844362678497,0.0,True,True
fir,mixed,0.005,constant_med,26,med,0.311907423878153,APPROX-1,EXACT,0.00037892457123489304,0.0,True,True
fir,mixed,0.005,constant_med,27,med,0.10470964157335726,APPROX-1,EXACT,0.0002232972436130252,0.0,True,True
fir,mixed,0.005,constant_med,28,med,0.09589461160005804,APPROX-1,EXACT,0.0002017207489505771,0.0,True,True
fir,mixed,0.005,constant_med,29,med,0.12073983482339111,APPROX-1,EXACT,0.00022184789361699378,0.0,True,True
fir,mixed,0.005,constant_med,30,low,0.09575447591664957,APPROX-1,EXACT,0.0002949640141753693,0.0,True,True
fir,mixed,0.005,constant_med,31,low,0.13765729125044412,APPROX-1,EXACT,0.00022685030411119061,0.0,True,True
fir,mixed,0.01,oscillating,0,med,0.11768886218697347,APPROX-1,EXACT,0.00021676889051621296,0.0,True,True
fir,mixed,0.01,oscillating,1,med,0.12259802932937322,APPROX-2,EXACT,0.0011733889995558429,0.0,True,True
fir,mixed,0.01,oscillating,2,low,0.0914093803975146,APPROX-2,EXACT,0.004066840226373329,0.0,True,True
fir,mixed,0.01,oscillating,3,low,0.15079808156631014,APPROX-2,EXACT,0.0008132299517502127,0.0,True,True
fir,mixed,0.01,oscillating,4,high,50.050409233073324,EXACT,EXACT,0.0,0.0,True,True
fir,mixed,0.01,oscillating,5,high,13.54583713629208,EXACT,EXACT,0.0,0.0,True,True
fir,mixed,0.01,oscillating,6,high,17.030964514864056,EXACT,EXACT,0.0,0.0,True,True
fir,mixed,0.01,oscillating,7,high,20.515824176428556,EXACT,EXACT,0.0,0.0,True,True
fir,mixed,0.01,oscillating,8,low,0.1816170061318479,APPROX-1,EXACT,0.00025328498974895786,0.0,True,True
fir,mixed,0.01,oscillating,9,low,0.1734710432623875,APPROX-1,EXACT,0.0002557826393576703,0.0,True,True
fir,mixed,0.01,oscillating,10,low,0.06466723781560733,APPROX-1,EXACT,0.0002507236656777117,0.0,True,True
fir,mixed,0.01,oscillating,11,high,16.288208117365993,EXACT,EXACT,0.0,0.0,True,True
fir,mixed,0.01,oscillating,12,high,16.345277957904273,EXACT,EXACT,0.0,0.0,True,True
fir,mixed,0.01,oscillating,13,low,0.09182124777416596,APPROX-1,EXACT,0.00023790280182042523,0.0,True,True
fir,mixed,0.01,oscillating,14,low,0.06678349629634789,APPROX-1,EXACT,0.0003248904337296443,0.0,True,True
fir,mixed,0.01,oscillating,15,low,0.034161566758714845,APPROX-2,EXACT,0.0010618475007657879,0.0,True,True
fir,mixed,0.01,oscillating,16,med,0.20240396894481502,APPROX-1,EXACT,0.00020973998811861928,0.0,True,True
fir,mixed,0.01,oscillating,17,high,27.747356594988034,EXACT,EXACT,0.0,0.0,True,True
fir,mixed,0.01,oscillating,18,high,79.12432955042307,EXACT,EXACT,0.0,0.0,True,True
fir,mixed,0.01,oscillating,19,low,0.13710192206024618,APPROX-2,EXACT,0.0014150479411277233,0.0,True,True
fir,mixed,0.01,oscillating,20,high,36.2784416409285,EXACT,EXACT,0.0,0.0,True,True
fir,mixed,0.01,oscillating,21,low,0.11526711102612298,APPROX-2,EXACT,0.002535268433767838,0.0,True,True
fir,mixed,0.01,oscillating,22,med,0.2371207151554314,APPROX-2,EXACT,0.0011590835419817882,0.0,True,True
fir,mixed,0.01,oscillating,23,low,0.11357632426392716,APPROX-2,EXACT,0.004186672189324686,0.0,True,True
fir,mixed,0.01,oscillating,24,high,28.0442736948309,EXACT,EXACT,0.0,0.0,True,True
fir,mixed,0.01,oscillating,25,low,0.08333110256722318,APPROX-1,EXACT,0.00023067844362678497,0.0,True,True
fir,mixed,0.01,oscillating,26,med,0.311907423878153,APPROX-1,EXACT,0.00037892457123489304,0.0,True,True
fir,mixed,0.01,oscillating,27,med,0.10470964157335726,APPROX-1,EXACT,0.0002232972436130252,0.0,True,True
fir,mixed,0.01,oscillating,28,med,0.09589461160005804,APPROX-1,EXACT,0.0002017207489505771,0.0,True,True
fir,mixed,0.01,oscillating,29,med,0.12073983482339111,APPROX-1,EXACT,0.00022184789361699378,0.0,True,True
fir,mixed,0.01,oscillating,30,low,0.09575447591664957,APPROX-1,EXACT,0.0002949640141753693,0.0,True,True
fir,mixed,0.01,oscillating,31,low,0.13765729125044412,APPROX-1,EXACT,0.00022685030411119061,0.0,True,True
fir,mixed,0.01,rising,0,med,0.11768886218697347,APPROX-1,EXACT,0.00021676889051621296,0.0,True,True
fir,mixed,0.01,rising,1,med,0.12259802932937322,APPROX-1,EXACT,0.00024847437269631006,0.0,True,True
fir,mixed,0.01,rising,2,low,0.0914093803975146,APPROX-1,EXACT,0.0002349156736245911,0.0,True,True
fir,mixed,0.01,rising,3,low,0.15079808156631014,APPROX-1,EXACT,0.0002761539601751215,0.0,True,True
fir,mixed,0.01,rising,4,high,50.050409233073324,EXACT,EXACT,0.0,0.0,True,True
fir,mixed,0.01,rising,5,high,13.54583713629208,EXACT,EXACT,0.0,0.0,True,True
fir,mixed,0.01,rising,6,high,17.030964514864056,EXACT,EXACT,0.0,0.0,True,True
fir,mixed,0.01,rising,7,high,20.515824176428556,EXACT,EXACT,0.0,0.0,True,True
fir,mixed,0.01,rising,8,low,0.1816170061318479,APPROX-1,EXACT,0.00025328498974895786,0.0,True,True
fir,mixed,0.01,rising,9,low,0.1734710432623875,APPROX-1,EXACT,0.0002557826393576703,0.0,True,True
fir,mixed,0.01,rising,10,low,0.06466723781560733,APPROX-1,EXACT,0.0002507236656777117,0.0,True,True
fir,mixed,0.01,rising,11,high,16.288208117365993,EXACT,EXACT,0.0,0.0,True,True
fir,mixed,0.01,rising,12,high,16.345277957904273,EXACT,EXACT,0.0,0.0,True,True
fir,mixed,0.01,rising,13,low,0.09182124777416596,APPROX-1,EXACT,0.00023790280182042523,0.0,True,True
fir,mixed,0.01,rising,14,low,0.06678349629634789,APPROX-2,EXACT,0.0023974962481377307,0.0,True,True
fir,mixed,0.01,rising,15,low,0.034161566758714845,APPROX-2,EXACT,0.0010618475007657879,0.0,True,True
fir,mixed,0.01,rising,16,med,0.20240396894481502,APPROX-1,EXACT,0.00020973998811861928,0.0,True,True
fir,mixed,0.01,rising,17,high,27.747356594988034,EXACT,EXACT,0.0,0.0,True,True
fir,mixed,0.01,rising,18,high,79.12432955042307,EXACT,EXACT,0.0,0.0,True,True
fir,mixed,0.01,rising,19,low,0.13710192206024618,APPROX-1,EXACT,0.00033560250708746794,0.0,True,True
fir,mixed,0.01,rising,20,high,36.2784416409285,EXACT,EXACT,0.0,0.0,True,True
fir,mixed,0.01,rising,21,low,0.11526711102612298,APPROX-1,EXACT,0.0002662816171224257,0.0,True,True
fir,mixed,0.01,rising,22,med,0.2371207151554314,APPROX-1,EXACT,0.00023733048663911475,0.0,True,True
fir,mixed,0.01,rising,23,low,0.11357632426392716,APPROX-2,EXACT,0.004186672189324686,0.0,True,True
fir,mixed,0.01,rising,24,high,28.0442736948309,EXACT,EXACT,0.0,0.0,True,True
fir,mixed,0.01,rising,25,low,0.08333110256722318,APPROX-2,EXACT,0.003771382886399134,0.0,True,True
fir,mixed,0.01,rising,26,med,0.311907423878153,APPROX-1,EXACT,0.00037892457123489304,0.0,True,True
fir,mixed,0.01,rising,27,med,0.10470964157335726,APPROX-2,EXACT,0.0015392921384511052,0.0,True,True
fir,mixed,0.01,rising,28,med,0.09589461160005804,APPROX-2,EXACT,0.0021111808459720787,0.0,True,True
fir,mixed,0.01,rising,29,med,0.12073983482339111,APPROX-2,EXACT,0.00218117333492774,0.0,True,True
fir,mixed,0.01,rising,30,low,0.09575447591664957,APPROX-3,EXACT,0.009616914000100958,0.0,True,True
fir,mixed,0.01,rising,31,low,0.13765729125044412,APPROX-2,EXACT,0.0020164343214406177,0.0,True,True
fir,mixed,0.01,constant_med,0,med,0.11768886218697347,APPROX-1,EXACT,0.00021676889051621296,0.0,True,True
fir,mixed,0.01,constant_med,1,med,0.12259802932937322,APPROX-1,EXACT,0.00024847437269631006,0.0,True,True
fir,mixed,0.01,constant_med,2,low,0.0914093803975146,APPROX-1,EXACT,0.0002349156736245911,0.0,True,True
fir,mixed,0.01,constant_med,3,low,0.15079808156631014,APPROX-1,EXACT,0.0002761539601751215,0.0,True,True
fir,mixed,0.01,constant_med,4,high,50.050409233073324,EXACT,EXACT,0.0,0.0,True,True
fir,mixed,0.01,constant_med,5,high,13.54583713629208,EXACT,EXACT,0.0,0.0,True,True
fir,mixed,0.01,constant_med,6,high,17.030964514864056,EXACT,EXACT,0.0,0.0,True,True
fir,mixed,0.01,constant_med,7,high,20.515824176428556,EXACT,EXACT,0.0,0.0,True,True
fir,mixed,0.01,constant_med,8,low,0.1816170061318479,APPROX-1,EXACT,0.00025328498974895786,0.0,True,True
fir,mixed,0.01,constant_med,9,low,0.1734710432623875,APPROX-1,EXACT,0.0002557826393576703,0.0,True,True
fir,mixed,0.01,constant_med,10,low,0.06466723781560733,APPROX-2,EXACT,0.0023717995540654888,0.0,True,True
fir,mixed,0.01,constant_med,11,high,16.288208117365993,EXACT,EXACT,0.0,0.0,True,True
fir,mixed,0.01,constant_med,12,high,16.345277957904273,EXACT,EXACT,0.0,0.0,True,True
fir,mixed,0.01,constant_med,13,low,0.09182124777416596,APPROX-1,EXACT,0.00023790280182042523,0.0,True,True
fir,mixed,0.01,constant_med,14,low,0.06678349629634789,APPROX-2,EXACT,0.0023974962481377307,0.0,True,True
fir,mixed,0.01,constant_med,15,low,0.034161566758714845,APPROX-2,EXACT,0.0010618475007657879,0.0,True,True
fir,mixed,0.01,constant_med,16,med,0.20240396894481502,APPROX-1,EXACT,0.00020973998811861928,0.0,True,True
fir,mixed,0.01,constant_med,17,high,27.747356594988034,EXACT,EXACT,0.0,0.0,True,True
fir,mixed,0.01,constant_med,18,high,79.12432955042307,EXACT,EXACT,0.0,0.0,True,True
fir,mixed,0.01,constant_med,19,low,0.13710192206024618,APPROX-1,EXACT,0.00033560250708746794,0.0,True,True
fir,mixed,0.01,constant_med,20,high,36.2784416409285,EXACT,EXACT,0.0,0.0,True,True
fir,mixed,0.01,constant_med,21,low,0.11526711102612298,APPROX-1,EXACT,0.0002662816171224257,0.0,True,True
fir,mixed,0.01,constant_med,22,med,0.2371207151554314,APPROX-1,EXACT,0.00023733048663911475,0.0,True,True
fir,mixed,0.01,constant_med,23,low,0.11357632426392716,APPROX-1,EXACT,0.0003092967658082535,0.0,True,True
fir,mixed,0.01,constant_med,24,high,28.0442736948309,EXACT,EXACT,0.0,0.0,True,True
fir,mixed,0.01,constant_med,25,low,0.08333110256722318,APPROX-2,EXACT,0.003771382886399134,0.0,True,True
fir,mixed,0.01,constant_med,26,med,0.311907423878153,APPROX-1,EXACT,0.00037892457123489304,0.0,True,True
fir,mixed,0.01,constant_med,27,med,0.10470964157335726,APPROX-1,EXACT,0.0002232972436130252,0.0,True,True
fir,mixed,0.01,constant_med,28,med,0.09589461160005804,APPROX-1,EXACT,0.0002017207489505771,0.0,True,True
fir,mixed,0.01,constant_med,29,med,0.12073983482339111,APPROX-1,EXACT,0.00022184789361699378,0.0,True,True
fir,mixed,0.01,constant_med,30,low,0.09575447591664957,APPROX-1,EXACT,0.0002949640141753693,0.0,True,True
fir,mixed,0.01,constant_med,31,low,0.13765729125044412,APPROX-1,EXACT,0.00022685030411119061,0.0,True,True
fir,mixed,0.02,oscillating,0,med,0.11768886218697347,APPROX-2,EXACT,0.0017034182071899205,0.0,True,True
fir,mixed,0.02,oscillating,1,med,0.12259802932937322,APPROX-2,APPROX-1,0.0011733889995558429,0.00024847437269631006,True,True
fir,mixed,0.02,oscillating,2,low,0.0914093803975146,APPROX-2,APPROX-1,0.004066840226373329,0.0002349156736245911,True,True
fir,mixed,0.02,oscillating,3,low,0.15079808156631014,APPROX-2,APPROX-1,0.0008132299517502127,0.0002761539601751215,True,True
fir,mixed,0.02,oscillating,4,high,50.050409233073324,EXACT,APPROX-1,0.0,0.000676532396379335,True,True
fir,mixed,0.02,oscillating,5,high,13.54583713629208,APPROX-1,APPROX-1,0.0030758581148367698,0.0030758581148367698,True,True
fir,mixed,0.02,oscillating,6,high,17.030964514864056,EXACT,APPROX-1,0.0,0.0007687509311434717,True,True
fir,mixed,0.02,oscillating,7,high,20.515824176428556,EXACT,APPROX-1,0.0,0.006243009383983243,True,True
fir,mixed,0.02,oscillating,8,low,0.1816170061318479,APPROX-1,EXACT,0.00025328498974895786,0.0,True,True
fir,mixed,0.02,oscillating,9,low,0.1734710432623875,APPROX-1,EXACT,0.0002557826393576703,0.0,True,True
fir,mixed,0.02,oscillating,10,low,0.06466723781560733,APPROX-2,EXACT,0.0023717995540654888,0.0,True,True
fir,mixed,0.02,oscillating,11,high,16.288208117365993,EXACT,EXACT,0.0,0.0,True,True
fir,mixed,0.02,oscillating,12,high,16.345277957904273,EXACT,EXACT,0.0,0.0,True,True
fir,mixed,0.02,oscillating,13,low,0.09182124777416596,APPROX-2,EXACT,0.0018956316272000714,0.0,True,True
fir,mixed,0.02,oscillating,14,low,0.06678349629634789,APPROX-2,EXACT,0.0023974962481377307,0.0,True,True
fir,mixed,0.02,oscillating,15,low,0.034161566758714845,APPROX-2,EXACT,0.0010618475007657879,0.0,True,True
fir,mixed,0.02,oscillating,16,med,0.20240396894481502,APPROX-1,EXACT,0.00020973998811861928,0.0,True,True
fir,mixed,0.02,oscillating,17,high,27.747356594988034,EXACT,APPROX-1,0.0,0.0003604732404951513,True,True
fir,mixed,0.02,oscillating,18,high,79.12432955042307,EXACT,APPROX-1,0.0,0.000674787159396853,True,True
fir,mixed,0.02,oscillating,19,low,0.13710192206024618,APPROX-3,APPROX-1,0.02145077633011735,0.00033560250708746794,False,True
fir,mixed,0.02,oscillating,20,high,36.2784416409285,EXACT,APPROX-1,0.0,0.0008753328666234761,True,True
fir,mixed,0.02,oscillating,21,low,0.11526711102612298,APPROX-2,APPROX-1,0.002535268433767838,0.0002662816171224257,True,True
fir,mixed,0.02,oscillating,22,med,0.2371207151554314,APPROX-2,APPROX-1,0.0011590835419817882,0.00023733048663911475,True,True
fir,mixed,0.02,oscillating,23,low,0.11357632426392716,APPROX-2,EXACT,0.004186672189324686,0.0,True,True
fir,mixed,0.02,oscillating,24,high,28.0442736948309,EXACT,EXACT,0.0,0.0,True,True
fir,mixed,0.02,oscillating,25,low,0.08333110256722318,APPROX-2,EXACT,0.003771382886399134,0.0,True,True
fir,mixed,0.02,oscillating,26,med,0.311907423878153,APPROX-1,EXACT,0.00037892457123489304,0.0,True,True
fir,mixed,0.02,oscillating,27,med,0.10470964157335726,APPROX-1,EXACT,0.0002232972436130252,0.0,True,True
fir,mixed,0.02,oscillating,28,med,0.09589461160005804,APPROX-1,EXACT,0.0002017207489505771,0.0,True,True
fir,mixed,0.02,oscillating,29,med,0.12073983482339111,APPROX-1,EXACT,0.00022184789361699378,0.0,True,True
fir,mixed,0.02,oscillating,30,low,0.09575447591664957,APPROX-2,EXACT,0.0005180781799686762,0.0,True,True
fir,mixed,0.02,oscillating,31,low,0.13765729125044412,APPROX-1,EXACT,0.00022685030411119061,0.0,True,True
fir,mixed,0.02,rising,0,med,0.11768886218697347,APPROX-1,EXACT,0.00021676889051621296,0.0,True,True
fir,mixed,0.02,rising,1,med,0.12259802932937322,APPROX-1,EXACT,0.00024847437269631006,0.0,True,True
fir,mixed,0.02,rising,2,low,0.0914093803975146,APPROX-2,EXACT,0.004066840226373329,0.0,True,True
fir,mixed,0.02,rising,3,low,0.15079808156631014,APPROX-1,EXACT,0.0002761539601751215,0.0,True,True
fir,mixed,0.02,rising,4,high,50.050409233073324,EXACT,EXACT,0.0,0.0,True,True
fir,mixed,0.02,rising,5,high,13.54583713629208,EXACT,EXACT,0.0,0.0,True,True
fir,mixed,0.02,rising,6,high,17.030964514864056,EXACT,EXACT,0.0,0.0,True,True
fir,mixed,0.02,rising,7,high,20.515824176428556,EXACT,EXACT,0.0,0.0,True,True
fir,mixed,0.02,rising,8,low,0.1816170061318479,APPROX-1,EXACT,0.00025328498974895786,0.0,True,True
fir,mixed,0.02,rising,9,low,0.1734710432623875,APPROX-1,EXACT,0.0002557826393576703,0.0,True,True
fir,mixed,0.02,rising,10,low,0.06466723781560733,APPROX-2,EXACT,0.0023717995540654888,0.0,True,True
fir,mixed,0.02,rising,11,high,16.288208117365993,EXACT,EXACT,0.0,0.0,True,True
fir,mixed,0.02,rising,12,high,16.345277957904273,EXACT,EXACT,0.0,0.0,True,True
fir,mixed,0.02,rising,13,low,0.09182124777416596,APPROX-2,EXACT,0.0018956316272000714,0.0,True,True
fir,mixed,0.02,rising,14,low,0.06678349629634789,APPROX-2,EXACT,0.0023974962481377307,0.0,True,True
fir,mixed,0.02,rising,15,low,0.034161566758714845,APPROX-2,EXACT,0.0010618475007657879,0.0,True,True
fir,mixed,0.02,rising,16,med,0.20240396894481502,APPROX-1,EXACT,0.00020973998811861928,0.0,True,True
fir,mixed,0.02,rising,17,high,27.747356594988034,EXACT,EXACT,0.0,0.0,True,True
fir,mixed,0.02,rising,18,high,79.12432955042307,EXACT,EXACT,0.0,0.0,True,True
fir,mixed,0.02,rising,19,low,0.13710192206024618,APPROX-2,EXACT,0.0014150479411277233,0.0,True,True
fir,mixed,0.02,rising,20,high,36.2784416409285,EXACT,EXACT,0.0,0.0,True,True
fir,mixed,0.02,rising,21,low,0.11526711102612298,APPROX-2,EXACT,0.002535268433767838,0.0,True,True
fir,mixed,0.02,rising,22,med,0.2371207151554314,APPROX-2,EXACT,0.0011590835419817882,0.0,True,True
fir,mixed,0.02,rising,23,low,0.11357632426392716,APPROX-2,APPROX-1,0.004186672189324686,0.0003092967658082535,True,True
fir,mixed,0.02,rising,24,high,28.0442736948309,EXACT,APPROX-1,0.0,0.0007015157402796053,True,True
fir,mixed,0.02,rising,25,low,0.08333110256722318,APPROX-2,APPROX-1,0.003771382886399134,0.00023067844362678497,True,True
fir,mixed,0.02,rising,26,med,0.311907423878153,APPROX-2,APPROX-1,0.0019505483585068517,0.00037892457123489304,True,True
fir,mixed,0.02,rising,27,med,0.10470964157335726,APPROX-2,APPROX-1,0.0015392921384511052,0.0002232972436130252,True,True
fir,mixed,0.02,rising,28,med,0.09589461160005804,APPROX-2,APPROX-1,0.0021111808459720787,0.0002017207489505771,True,True
fir,mixed,0.02,rising,29,med,0.12073983482339111,APPROX-2,APPROX-1,0.00218117333492774,0.00022184789361699378,True,True
fir,mixed,0.02,rising,30,low,0.09575447591664957,APPROX-3,APPROX-1,0.009616914000100958,0.0002949640141753693,True,True
fir,mixed,0.02,rising,31,low,0.13765729125044412,APPROX-2,APPROX-1,0.0020164343214406177,0.00022685030411119061,True,True
fir,mixed,0.02,constant_med,0,med,0.11768886218697347,APPROX-2,EXACT,0.0017034182071899205,0.0,True,True
fir,mixed,0.02,constant_med,1,med,0.12259802932937322,APPROX-2,EXACT,0.0011733889995558429,0.0,True,True
fir,mixed,0.02,constant_med,2,low,0.0914093803975146,APPROX-2,EXACT,0.004066840226373329,0.0,True,True
fir,mixed,0.02,constant_med,3,low,0.15079808156631014,APPROX-2,EXACT,0.0008132299517502127,0.0,True,True
fir,mixed,0.02,constant_med,4,high,50.050409233073324,EXACT,EXACT,0.0,0.0,True,True
fir,mixed,0.02,constant_med,5,high,13.54583713629208,EXACT,EXACT,0.0,0.0,True,True
fir,mixed,0.02,constant_med,6,high,17.030964514864056,EXACT,EXACT,0.0,0.0,True,True
fir,mixed,0.02,constant_med,7,high,20.515824176428556,EXACT,EXACT,0.0,0.0,True,True
fir,mixed,0.02,constant_med,8,low,0.1816170061318479,APPROX-1,EXACT,0.00025328498974895786,0.0,True,True
fir,mixed,0.02,constant_med,9,low,0.1734710432623875,APPROX-1,EXACT,0.0002557826393576703,0.0,True,True
fir,mixed,0.02,constant_med,10,low,0.06466723781560733,APPROX-2,EXACT,0.0023717995540654888,0.0,True,True
fir,mixed,0.02,constant_med,11,high,16.288208117365993,EXACT,EXACT,0.0,0.0,True,True
fir,mixed,0.02,constant_med,12,high,16.345277957904273,EXACT,EXACT,0.0,0.0,True,True
fir,mixed,0.02,constant_med,13,low,0.09182124777416596,APPROX-2,EXACT,0.0018956316272000714,0.0,True,True
fir,mixed,0.02,constant_med,14,low,0.06678349629634789,APPROX-2,EXACT,0.0023974962481377307,0.0,True,True
fir,mixed,0.02,constant_med,15,low,0.034161566758714845,APPROX-2,EXACT,0.0010618475007657879,0.0,True,True
fir,mixed,0.02,constant_med,16,med,0.20240396894481502,APPROX-1,EXACT,0.00020973998811861928,0.0,True,True
fir,mixed,0.02,constant_med,17,high,27.747356594988034,EXACT,EXACT,0.0,0.0,True,True
fir,mixed,0.02,constant_med,18,high,79.12432955042307,EXACT,EXACT,0.0,0.0,True,True
fir,mixed,0.02,constant_med,19,low,0.13710192206024618,APPROX-2,EXACT,0.0014150479411277233,0.0,True,True
fir,mixed,0.02,constant_med,20,high,36.2784416409285,EXACT,EXACT,0.0,0.0,True,True
fir,mixed,0.02,constant_med,21,low,0.11526711102612298,APPROX-2,EXACT,0.002535268433767838,0.0,True,True
fir,mixed,0.02,constant_med,22,med,0.2371207151554314,APPROX-1,EXACT,0.00023733048663911475,0.0,True,True
fir,mixed,0.02,constant_med,23,low,0.11357632426392716,APPROX-2,EXACT,0.004186672189324686,0.0,True,True
fir,mixed,0.02,constant_med,24,high,28.0442736948309,EXACT,EXACT,0.0,0.0,True,True
fir,mixed,0.02,constant_med,25,low,0.08333110256722318,APPROX-2,EXACT,0.003771382886399134,0.0,True,True
fir,mixed,0.02,constant_med,26,med,0.311907423878153,APPROX-1,EXACT,0.00037892457123489304,0.0,True,True
fir,mixed,0.02,constant_med,27,med,0.10470964157335726,APPROX-2,EXACT,0.0015392921384511052,0.0,True,True
fir,mixed,0.02,constant_med,28,med,0.09589461160005804,APPROX-2,EXACT,0.0021111808459720787,0.0,True,True
fir,mixed,0.02,constant_med,29,med,0.12073983482339111,APPROX-2,EXACT,0.00218117333492774,0.0,True,True
fir,mixed,0.02,constant_med,30,low,0.09575447591664957,APPROX-2,EXACT,0.0005180781799686762,0.0,True,True
fir,mixed,0.02,constant_med,31,low,0.13765729125044412,APPROX-2,EXACT,0.0020164343214406177,0.0,True,True
fir,mixed,0.05,oscillating,0,med,0.11768886218697347,APPROX-2,APPROX-1,0.0017034182071899205,0.00021676889051621296,True,True
fir,mixed,0.05,oscillating,1,med,0.12259802932937322,APPROX-2,APPROX-1,0.0011733889995558429,0.00024847437269631006,True,True
fir,mixed,0.05,oscillating,2,low,0.0914093803975146,APPROX-3,APPROX-1,0.025580183483127503,0.0002349156736245911,True,True
fir,mixed,0.05,oscillating,3,low,0.15079808156631014,APPROX-3,APPROX-1,0.013152689587798973,0.0002761539601751215,True,True
fir,mixed,0.05,oscillating,4,high,50.050409233073324,EXACT,APPROX-1,0.0,0.000676532396379335,True,True
fir,mixed,0.05,oscillating,5,high,13.54583713629208,APPROX-1,APPROX-1,0.0030758581148367698,0.0030758581148367698,True,True
fir,mixed,0.05,oscillating,6,high,17.030964514864056,APPROX-1,APPROX-1,0.0007687509311434717,0.0007687509311434717,True,True
fir,mixed,0.05,oscillating,7,high,20.515824176428556,APPROX-1,APPROX-1,0.006243009383983243,0.006243009383983243,True,True
fir,mixed,0.05,oscillating,8,low,0.1816170061318479,APPROX-2,APPROX-1,0.0015519712994471705,0.00025328498974895786,True,True
fir,mixed,0.05,oscillating,9,low,0.1734710432623875,APPROX-2,APPROX-1,0.002972041438942603,0.0002557826393576703,True,True
fir,mixed,0.05,oscillating,10,low,0.06466723781560733,APPROX-2,EXACT,0.0023717995540654888,0.0,True,True
fir,mixed,0.05,oscillating,11,high,16.288208117365993,EXACT,EXACT,0.0,0.0,True,True
fir,mixed,0.05,oscillating,12,high,16.345277957904273,EXACT,EXACT,0.0,0.0,True,True
fir,mixed,0.05,oscillating,13,low,0.09182124777416596,APPROX-2,EXACT,0.0018956316272000714,0.0,True,True
fir,mixed,0.05,oscillating,14,low,0.06678349629634789,APPROX-2,EXACT,0.0023974962481377307,0.0,True,True
fir,mixed,0.05,oscillating,15,low,0.034161566758714845,APPROX-2,APPROX-1,0.0010618475007657879,0.00024463781131543494,True,True
fir,mixed,0.05,oscillating,16,med,0.20240396894481502,APPROX-2,APPROX-1,0.0018970308580673408,0.00020973998811861928,True,True
fir,mixed,0.05,oscillating,17,high,27.747356594988034,EXACT,APPROX-1,0.0,0.0003604732404951513,True,True
fir,mixed,0.05,oscillating,18,high,79.12432955042307,EXACT,APPROX-1,0.0,0.000674787159396853,True,True
fir,mixed,0.05,oscillating,19,low,0.13710192206024618,APPROX-3,APPROX-1,0.02145077633011735,0.00033560250708746794,True,True
fir,mixed,0.05,oscillating,20,high,36.2784416409285,APPROX-1,APPROX-1,0.0008753328666234761,0.0008753328666234761,True,True
fir,mixed,0.05,oscillating,21,low,0.11526711102612298,APPROX-3,APPROX-1,0.020438746433269036,0.0002662816171224257,True,True
fir,mixed,0.05,oscillating,22,med,0.2371207151554314,APPROX-2,APPROX-1,0.0011590835419817882,0.00023733048663911475,True,True
fir,mixed,0.05,oscillating,23,low,0.11357632426392716,APPROX-2,APPROX-1,0.004186672189324686,0.0003092967658082535,True,True
fir,mixed,0.05,oscillating,24,high,28.0442736948309,EXACT,APPROX-1,0.0,0.0007015157402796053,True,True
fir,mixed,0.05,oscillating,25,low,0.08333110256722318,APPROX-2,APPROX-1,0.003771382886399134,0.00023067844362678497,True,True
fir,mixed,0.05,oscillating,26,med,0.311907423878153,APPROX-1,EXACT,0.00037892457123489304,0.0,True,True
fir,mixed,0.05,oscillating,27,med,0.10470964157335726,APPROX-2,EXACT,0.0015392921384511052,0.0,True,True
fir,mixed,0.05,oscillating,28,med,0.09589461160005804,APPROX-2,EXACT,0.0021111808459720787,0.0,True,True
fir,mixed,0.05,oscillating,29,med,0.12073983482339111,APPROX-2,EXACT,0.00218117333492774,0.0,True,True
fir,mixed,0.05,oscillating,30,low,0.09575447591664957,APPROX-2,APPROX-1,0.0005180781799686762,0.0002949640141753693,True,True
fir,mixed,0.05,oscillating,31,low,0.13765729125044412,APPROX-2,APPROX-1,0.0020164343214406177,0.00022685030411119061,True,True
fir,mixed,0.05,rising,0,med,0.11768886218697347,APPROX-2,EXACT,0.0017034182071899205,0.0,True,True
fir,mixed,0.05,rising,1,med,0.12259802932937322,APPROX-2,EXACT,0.0011733889995558429,0.0,True,True
fir,mixed,0.05,rising,2,low,0.0914093803975146,APPROX-2,EXACT,0.004066840226373329,0.0,True,True
fir,mixed,0.05,rising,3,low,0.15079808156631014,APPROX-2,EXACT,0.0008132299517502127,0.0,True,True
fir,mixed,0.05,rising,4,high,50.050409233073324,EXACT,APPROX-1,0.0,0.000676532396379335,True,True
fir,mixed,0.05,rising,5,high,13.54583713629208,EXACT,APPROX-1,0.0,0.0030758581148367698,True,True
fir,mixed,0.05,rising,6,high,17.030964514864056,EXACT,APPROX-1,0.0,0.0007687509311434717,True,True
fir,mixed,0.05,rising,7,high,20.515824176428556,EXACT,APPROX-1,0.0,0.006243009383983243,True,True
fir,mixed,0.05,rising,8,low,0.1816170061318479,APPROX-2,APPROX-1,0.0015519712994471705,0.00025328498974895786,True,True
fir,mixed,0.05,rising,9,low,0.1734710432623875,APPROX-2,APPROX-1,0.002972041438942603,0.0002557826393576703,True,True
fir,mixed,0.05,rising,10,low,0.06466723781560733,APPROX-2,APPROX-1,0.0023717995540654888,0.0002507236656777117,True,True
fir,mixed,0.05,rising,11,high,16.288208117365993,EXACT,APPROX-1,0.0,0.0017694709498592032,True,True
fir,mixed,0.05,rising,12,high,16.345277957904273,EXACT,APPROX-1,0.0,0.00044418566490481354,True,True
fir,mixed,0.05,rising,13,low,0.09182124777416596,APPROX-2,APPROX-1,0.0018956316272000714,0.00023790280182042523,True,True
fir,mixed,0.05,rising,14,low,0.06678349629634789,APPROX-2,APPROX-1,0.0023974962481377307,0.0003248904337296443,True,True
fir,mixed,0.05,rising,15,low,0.034161566758714845,APPROX-3,APPROX-1,0.025470488651305648,0.00024463781131543494,True,True
fir,mixed,0.05,rising,16,med,0.20240396894481502,APPROX-2,APPROX-1,0.0018970308580673408,0.00020973998811861928,True,True
fir,mixed,0.05,rising,17,high,27.747356594988034,EXACT,APPROX-1,0.0,0.0003604732404951513,True,True
fir,mixed,0.05,rising,18,high,79.12432955042307,EXACT,APPROX-1,0.0,0.000674787159396853,True,True
fir,mixed,0.05,rising,19,low,0.13710192206024618,APPROX-2,APPROX-1,0.0014150479411277233,0.00033560250708746794,True,True
fir,mixed,0.05,rising,20,high,36.2784416409285,EXACT,APPROX-1,0.0,0.0008753328666234761,True,True
fir,mixed,0.05,rising,21,low,0.11526711102612298,APPROX-2,APPROX-1,0.002535268433767838,0.0002662816171224257,True,True
fir,mixed,0.05,rising,22,med,0.2371207151554314,APPROX-2,APPROX-1,0.0011590835419817882,0.00023733048663911475,True,True
fir,mixed,0.05,rising,23,low,0.11357632426392716,APPROX-2,APPROX-1,0.004186672189324686,0.0003092967658082535,True,True
fir,mixed,0.05,rising,24,high,28.0442736948309,EXACT,APPROX-1,0.0,0.0007015157402796053,True,True
fir,mixed,0.05,rising,25,low,0.08333110256722318,APPROX-2,APPROX-1,0.003771382886399134,0.00023067844362678497,True,True
fir,mixed,0.05,rising,26,med,0.311907423878153,APPROX-2,APPROX-1,0.0019505483585068517,0.00037892457123489304,True,True
fir,mixed,0.05,rising,27,med,0.10470964157335726,APPROX-3,APPROX-1,0.012340105234463836,0.0002232972436130252,True,True
fir,mixed,0.05,rising,28,med,0.09589461160005804,APPROX-3,APPROX-1,0.01127116047001369,0.0002017207489505771,True,True
fir,mixed,0.05,rising,29,med,0.12073983482339111,APPROX-3,APPROX-1,0.020259030482644585,0.00022184789361699378,True,True
fir,mixed,0.05,rising,30,low,0.09575447591664957,APPROX-3,APPROX-1,0.009616914000100958,0.0002949640141753693,True,True
fir,mixed,0.05,rising,31,low,0.13765729125044412,APPROX-3,APPROX-1,0.013589089844560887,0.00022685030411119061,True,True
fir,mixed,0.05,constant_med,0,med,0.11768886218697347,APPROX-2,APPROX-1,0.0017034182071899205,0.00021676889051621296,True,True
fir,mixed,0.05,constant_med,1,med,0.12259802932937322,APPROX-2,APPROX-1,0.0011733889995558429,0.00024847437269631006,True,True
fir,mixed,0.05,constant_med,2,low,0.0914093803975146,APPROX-2,APPROX-1,0.004066840226373329,0.0002349156736245911,True,True
fir,mixed,0.05,constant_med,3,low,0.15079808156631014,APPROX-2,APPROX-1,0.0008132299517502127,0.0002761539601751215,True,True
fir,mixed,0.05,constant_med,4,high,50.050409233073324,EXACT,APPROX-1,0.0,0.000676532396379335,True,True
fir,mixed,0.05,constant_med,5,high,13.54583713629208,APPROX-1,APPROX-1,0.0030758581148367698,0.0030758581148367698,True,True
fir,mixed,0.05,constant_med,6,high,17.030964514864056,EXACT,APPROX-1,0.0,0.0007687509311434717,True,True
fir,mixed,0.05,constant_med,7,high,20.515824176428556,EXACT,APPROX-1,0.0,0.006243009383983243,True,True
fir,mixed,0.05,constant_med,8,low,0.1816170061318479,APPROX-2,APPROX-1,0.0015519712994471705,0.00025328498974895786,True,True
fir,mixed,0.05,constant_med,9,low,0.1734710432623875,APPROX-2,APPROX-1,0.002972041438942603,0.0002557826393576703,True,True
fir,mixed,0.05,constant_med,10,low,0.06466723781560733,APPROX-2,APPROX-1,0.0023717995540654888,0.0002507236656777117,True,True
fir,mixed,0.05,constant_med,11,high,16.288208117365993,EXACT,APPROX-1,0.0,0.0017694709498592032,True,True
fir,mixed,0.05,constant_med,12,high,16.345277957904273,EXACT,APPROX-1,0.0,0.00044418566490481354,True,True
fir,mixed,0.05,constant_med,13,low,0.09182124777416596,APPROX-2,APPROX-1,0.0018956316272000714,0.00023790280182042523,True,True
fir,mixed,0.05,constant_med,14,low,0.06678349629634789,APPROX-2,APPROX-1,0.0023974962481377307,0.0003248904337296443,True,True
fir,mixed,0.05,constant_med,15,low,0.034161566758714845,APPROX-3,APPROX-1,0.025470488651305648,0.00024463781131543494,True,True
fir,mixed,0.05,constant_med,16,med,0.20240396894481502,APPROX-2,APPROX-1,0.0018970308580673408,0.00020973998811861928,True,True
fir,mixed,0.05,constant_med,17,high,27.747356594988034,EXACT,APPROX-1,0.0,0.0003604732404951513,True,True
fir,mixed,0.05,constant_med,18,high,79.12432955042307,EXACT,APPROX-1,0.0,0.000674787159396853,True,True
fir,mixed,0.05,constant_med,19,low,0.13710192206024618,APPROX-2,APPROX-1,0.0014150479411277233,0.00033560250708746794,True,True
fir,mixed,0.05,constant_med,20,high,36.2784416409285,EXACT,APPROX-1,0.0,0.0008753328666234761,True,True
fir,mixed,0.05,constant_med,21,low,0.11526711102612298,APPROX-2,APPROX-1,0.002535268433767838,0.0002662816171224257,True,True
fir,mixed,0.05,constant_med,22,med,0.2371207151554314,APPROX-2,APPROX-1,0.0011590835419817882,0.00023733048663911475,True,True
fir,mixed,0.05,constant_med,23,low,0.11357632426392716,APPROX-2,APPROX-1,0.004186672189324686,0.0003092967658082535,True,True
fir,mixed,0.05,constant_med,24,high,28.0442736948309,EXACT,APPROX-1,0.0,0.0007015157402796053,True,True
fir,mixed,0.05,constant_med,25,low,0.08333110256722318,APPROX-2,APPROX-1,0.003771382886399134,0.00023067844362678497,True,True
fir,mixed,0.05,constant_med,26,med,0.311907423878153,APPROX-2,APPROX-1,0.0019505483585068517,0.00037892457123489304,True,True
fir,mixed,0.05,constant_med,27,med,0.10470964157335726,APPROX-2,APPROX-1,0.0015392921384511052,0.0002232972436130252,True,True
fir,mixed,0.05,constant_med,28,med,0.09589461160005804,APPROX-2,APPROX-1,0.0021111808459720787,0.0002017207489505771,True,True
fir,mixed,0.05,constant_med,29,med,0.12073983482339111,APPROX-2,APPROX-1,0.00218117333492774,0.00022184789361699378,True,True
fir,mixed,0.05,constant_med,30,low,0.09575447591664957,APPROX-2,APPROX-1,0.0005180781799686762,0.0002949640141753693,True,True
fir,mixed,0.05,constant_med,31,low,0.13765729125044412,APPROX-2,APPROX-1,0.0020164343214406177,0.00022685030411119061,True,True
fir,mixed,0.1,oscillating,0,med,0.11768886218697347,APPROX-2,APPROX-1,0.0017034182071899205,0.00021676889051621296,True,True
fir,mixed,0.1,oscillating,1,med,0.12259802932937322,APPROX-3,APPROX-1,0.012800856374847005,0.00024847437269631006,True,True
fir,mixed,0.1,oscillating,2,low,0.0914093803975146,APPROX-3,APPROX-1,0.025580183483127503,0.0002349156736245911,True,True
fir,mixed,0.1,oscillating,3,low,0.15079808156631014,APPROX-3,APPROX-1,0.013152689587798973,0.0002761539601751215,True,True
fir,mixed,0.1,oscillating,4,high,50.050409233073324,APPROX-1,APPROX-1,0.000676532396379335,0.000676532396379335,True,True
fir,mixed,0.1,oscillating,5,high,13.54583713629208,APPROX-1,APPROX-1,0.0030758581148367698,0.0030758581148367698,True,True
fir,mixed,0.1,oscillating,6,high,17.030964514864056,APPROX-1,APPROX-1,0.0007687509311434717,0.0007687509311434717,True,True
fir,mixed,0.1,oscillating,7,high,20.515824176428556,APPROX-1,APPROX-1,0.006243009383983243,0.006243009383983243,True,True
fir,mixed,0.1,oscillating,8,low,0.1816170061318479,APPROX-2,APPROX-1,0.0015519712994471705,0.00025328498974895786,True,True
fir,mixed,0.1,oscillating,9,low,0.1734710432623875,APPROX-2,APPROX-1,0.002972041438942603,0.0002557826393576703,True,True
fir,mixed,0.1,oscillating,10,low,0.06466723781560733,APPROX-2,APPROX-1,0.0023717995540654888,0.0002507236656777117,True,True
fir,mixed,0.1,oscillating,11,high,16.288208117365993,APPROX-1,APPROX-1,0.0017694709498592032,0.0017694709498592032,True,True
fir,mixed,0.1,oscillating,12,high,16.345277957904273,EXACT,APPROX-1,0.0,0.00044418566490481354,True,True
fir,mixed,0.1,oscillating,13,low,0.09182124777416596,APPROX-2,APPROX-1,0.0018956316272000714,0.00023790280182042523,True,True
fir,mixed,0.1,oscillating,14,low,0.06678349629634789,APPROX-2,APPROX-1,0.0023974962481377307,0.0003248904337296443,True,True
fir,mixed,0.1,oscillating,15,low,0.034161566758714845,APPROX-3,APPROX-1,0.025470488651305648,0.00024463781131543494,True,True
fir,mixed,0.1,oscillating,16,med,0.20240396894481502,APPROX-2,APPROX-1,0.0018970308580673408,0.00020973998811861928,True,True
fir,mixed,0.1,oscillating,17,high,27.747356594988034,APPROX-1,APPROX-1,0.0003604732404951513,0.0003604732404951513,True,True
fir,mixed,0.1,oscillating,18,high,79.12432955042307,APPROX-1,APPROX-1,0.000674787159396853,0.000674787159396853,True,True
fir,mixed,0.1,oscillating,19,low,0.13710192206024618,APPROX-3,APPROX-1,0.02145077633011735,0.00033560250708746794,True,True
fir,mixed,0.1,oscillating,20,high,36.2784416409285,APPROX-1,APPROX-1,0.0008753328666234761,0.0008753328666234761,True,True
fir,mixed,0.1,oscillating,21,low,0.11526711102612298,APPROX-3,APPROX-1,0.020438746433269036,0.0002662816171224257,True,True
fir,mixed,0.1,oscillating,22,med,0.2371207151554314,APPROX-3,APPROX-1,0.015781661299823224,0.00023733048663911475,True,True
fir,mixed,0.1,oscillating,23,low,0.11357632426392716,APPROX-3,APPROX-1,0.019607076262610466,0.0003092967658082535,True,True
fir,mixed,0.1,oscillating,24,high,28.0442736948309,APPROX-1,APPROX-1,0.0007015157402796053,0.0007015157402796053,True,True
fir,mixed,0.1,oscillating,25,low,0.08333110256722318,APPROX-2,APPROX-1,0.003771382886399134,0.00023067844362678497,True,True
fir,mixed,0.1,oscillating,26,med,0.311907423878153,APPROX-2,APPROX-1,0.0019505483585068517,0.00037892457123489304,True,True
fir,mixed,0.1,oscillating,27,med,0.10470964157335726,APPROX-2,APPROX-1,0.0015392921384511052,0.0002232972436130252,True,True
fir,mixed,0.1,oscillating,28,med,0.09589461160005804,APPROX-2,APPROX-1,0.0021111808459720787,0.0002017207489505771,True,True
fir,mixed,0.1,oscillating,29,med,0.12073983482339111,APPROX-2,APPROX-1,0.00218117333492774,0.00022184789361699378,True,True
fir,mixed,0.1,oscillating,30,low,0.09575447591664957,APPROX-2,APPROX-1,0.0005180781799686762,0.0002949640141753693,True,True
fir,mixed,0.1,oscillating,31,low,0.13765729125044412,APPROX-2,APPROX-1,0.0020164343214406177,0.00022685030411119061,True,True
fir,mixed,0.1,rising,0,med,0.11768886218697347,APPROX-2,APPROX-1,0.0017034182071899205,0.00021676889051621296,True,True
fir,mixed,0.1,rising,1,med,0.12259802932937322,APPROX-2,APPROX-1,0.0011733889995558429,0.00024847437269631006,True,True
fir,mixed,0.1,rising,2,low,0.0914093803975146,APPROX-2,APPROX-1,0.004066840226373329,0.0002349156736245911,True,True
fir,mixed,0.1,rising,3,low,0.15079808156631014,APPROX-2,APPROX-1,0.0008132299517502127,0.0002761539601751215,True,True
fir,mixed,0.1,rising,4,high,50.050409233073324,EXACT,APPROX-1,0.0,0.000676532396379335,True,True
fir,mixed,0.1,rising,5,high,13.54583713629208,APPROX-1,APPROX-1,0.0030758581148367698,0.0030758581148367698,True,True
fir,mixed,0.1,rising,6,high,17.030964514864056,APPROX-1,APPROX-1,0.0007687509311434717,0.0007687509311434717,True,True
fir,mixed,0.1,rising,7,high,20.515824176428556,APPROX-1,APPROX-1,0.006243009383983243,0.006243009383983243,True,True
fir,mixed,0.1,rising,8,low,0.1816170061318479,APPROX-2,APPROX-1,0.0015519712994471705,0.00025328498974895786,True,True
fir,mixed,0.1,rising,9,low,0.1734710432623875,APPROX-2,APPROX-1,0.002972041438942603,0.0002557826393576703,True,True
fir,mixed,0.1,rising,10,low,0.06466723781560733,APPROX-2,APPROX-1,0.0023717995540654888,0.0002507236656777117,True,True
fir,mixed,0.1,rising,11,high,16.288208117365993,APPROX-1,APPROX-1,0.0017694709498592032,0.0017694709498592032,True,True
fir,mixed,0.1,rising,12,high,16.345277957904273,APPROX-1,APPROX-1,0.00044418566490481354,0.00044418566490481354,True,True
fir,mixed,0.1,rising,13,low,0.09182124777416596,APPROX-2,APPROX-1,0.0018956316272000714,0.00023790280182042523,True,True
fir,mixed,0.1,rising,14,low,0.06678349629634789,APPROX-3,APPROX-1,0.02156145374977278,0.0003248904337296443,True,True
fir,mixed,0.1,rising,15,low,0.034161566758714845,APPROX-3,APPROX-1,0.025470488651305648,0.00024463781131543494,True,True
fir,mixed,0.1,rising,16,med,0.20240396894481502,APPROX-2,APPROX-1,0.0018970308580673408,0.00020973998811861928,True,True
fir,mixed,0.1,rising,17,high,27.747356594988034,APPROX-1,APPROX-1,0.0003604732404951513,0.0003604732404951513,True,True
fir,mixed,0.1,rising,18,high,79.12432955042307,EXACT,APPROX-1,0.0,0.000674787159396853,True,True
fir,mixed,0.1,rising,19,low,0.13710192206024618,APPROX-2,APPROX-1,0.0014150479411277233,0.00033560250708746794,True,True
fir,mixed,0.1,rising,20,high,36.2784416409285,APPROX-1,APPROX-1,0.0008753328666234761,0.0008753328666234761,True,True
fir,mixed,0.1,rising,21,low,0.11526711102612298,APPROX-2,APPROX-1,0.002535268433767838,0.0002662816171224257,True,True
fir,mixed,0.1,rising,22,med,0.2371207151554314,APPROX-2,APPROX-1,0.0011590835419817882,0.00023733048663911475,True,True
fir,mixed,0.1,rising,23,low,0.11357632426392716,APPROX-3,APPROX-1,0.019607076262610466,0.0003092967658082535,True,True
fir,mixed,0.1,rising,24,high,28.0442736948309,APPROX-1,APPROX-1,0.0007015157402796053,0.0007015157402796053,True,True
fir,mixed,0.1,rising,25,low,0.08333110256722318,APPROX-3,APPROX-1,0.020425866902148933,0.00023067844362678497,True,True
fir,mixed,0.1,rising,26,med,0.311907423878153,APPROX-2,APPROX-1,0.0019505483585068517,0.00037892457123489304,True,True
fir,mixed,0.1,rising,27,med,0.10470964157335726,APPROX-3,APPROX-1,0.012340105234463836,0.0002232972436130252,True,True
fir,mixed,0.1,rising,28,med,0.09589461160005804,APPROX-3,APPROX-1,0.01127116047001369,0.0002017207489505771,True,True
fir,mixed,0.1,rising,29,med,0.12073983482339111,APPROX-3,APPROX-1,0.020259030482644585,0.00022184789361699378,True,True
fir,mixed,0.1,rising,30,low,0.09575447591664957,APPROX-3,APPROX-1,0.009616914000100958,0.0002949640141753693,True,True
fir,mixed,0.1,rising,31,low,0.13765729125044412,APPROX-3,APPROX-1,0.013589089844560887,0.00022685030411119061,True,True
fir,mixed,0.1,constant_med,0,med,0.11768886218697347,APPROX-2,APPROX-1,0.0017034182071899205,0.00021676889051621296,True,True
fir,mixed,0.1,constant_med,1,med,0.12259802932937322,APPROX-2,APPROX-1,0.0011733889995558429,0.00024847437269631006,True,True
fir,mixed,0.1,constant_med,2,low,0.0914093803975146,APPROX-2,APPROX-1,0.004066840226373329,0.0002349156736245911,True,True
fir,mixed,0.1,constant_med,3,low,0.15079808156631014,APPROX-2,APPROX-1,0.0008132299517502127,0.0002761539601751215,True,True
fir,mixed,0.1,constant_med,4,high,50.050409233073324,EXACT,APPROX-1,0.0,0.000676532396379335,True,True
fir,mixed,0.1,constant_med,5,high,13.54583713629208,APPROX-1,APPROX-1,0.0030758581148367698,0.0030758581148367698,True,True
fir,mixed,0.1,constant_med,6,high,17.030964514864056,APPROX-1,APPROX-1,0.0007687509311434717,0.0007687509311434717,True,True
fir,mixed,0.1,constant_med,7,high,20.515824176428556,APPROX-1,APPROX-1,0.006243009383983243,0.006243009383983243,True,True
fir,mixed,0.1,constant_med,8,low,0.1816170061318479,APPROX-2,APPROX-1,0.0015519712994471705,0.00025328498974895786,True,True
fir,mixed,0.1,constant_med,9,low,0.1734710432623875,APPROX-2,APPROX-1,0.002972041438942603,0.0002557826393576703,True,True
fir,mixed,0.1,constant_med,10,low,0.06466723781560733,APPROX-3,APPROX-1,0.015908490817283297,0.0002507236656777117,True,True
fir,mixed,0.1,constant_med,11,high,16.288208117365993,APPROX-1,APPROX-1,0.0017694709498592032,0.0017694709498592032,True,True
fir,mixed,0.1,constant_med,12,high,16.345277957904273,APPROX-1,APPROX-1,0.00044418566490481354,0.00044418566490481354,True,True
fir,mixed,0.1,constant_med,13,low,0.09182124777416596,APPROX-2,APPROX-1,0.0018956316272000714,0.00023790280182042523,True,True
fir,mixed,0.1,constant_med,14,low,0.06678349629634789,APPROX-3,APPROX-1,0.02156145374977278,0.0003248904337296443,True,True
fir,mixed,0.1,constant_med,15,low,0.034161566758714845,APPROX-3,APPROX-1,0.025470488651305648,0.00024463781131543494,True,True
fir,mixed,0.1,constant_med,16,med,0.20240396894481502,APPROX-2,APPROX-1,0.0018970308580673408,0.00020973998811861928,True,True
fir,mixed,0.1,constant_med,17,high,27.747356594988034,APPROX-1,APPROX-1,0.0003604732404951513,0.0003604732404951513,True,True
fir,mixed,0.1,constant_med,18,high,79.12432955042307,EXACT,APPROX-1,0.0,0.000674787159396853,True,True
fir,mixed,0.1,constant_med,19,low,0.13710192206024618,APPROX-2,APPROX-1,0.0014150479411277233,0.00033560250708746794,True,True
fir,mixed,0.1,constant_med,20,high,36.2784416409285,EXACT,APPROX-1,0.0,0.0008753328666234761,True,True
fir,mixed,0.1,constant_med,21,low,0.11526711102612298,APPROX-2,APPROX-1,0.002535268433767838,0.0002662816171224257,True,True
fir,mixed,0.1,constant_med,22,med,0.2371207151554314,APPROX-2,APPROX-1,0.0011590835419817882,0.00023733048663911475,True,True
fir,mixed,0.1,constant_med,23,low,0.11357632426392716,APPROX-2,APPROX-1,0.004186672189324686,0.0003092967658082535,True,True
fir,mixed,0.1,constant_med,24,high,28.0442736948309,APPROX-1,APPROX-1,0.0007015157402796053,0.0007015157402796053,True,True
fir,mixed,0.1,constant_med,25,low,0.08333110256722318,APPROX-3,APPROX-1,0.020425866902148933,0.00023067844362678497,True,True
fir,mixed,0.1,constant_med,26,med,0.311907423878153,APPROX-2,APPROX-1,0.0019505483585068517,0.00037892457123489304,True,True
fir,mixed,0.1,constant_med,27,med,0.10470964157335726,APPROX-2,APPROX-1,0.0015392921384511052,0.0002232972436130252,True,True
fir,mixed,0.1,constant_med,28,med,0.09589461160005804,APPROX-2,APPROX-1,0.0021111808459720787,0.0002017207489505771,True,True
fir,mixed,0.1,constant_med,29,med,0.12073983482339111,APPROX-2,APPROX-1,0.00218117333492774,0.00022184789361699378,True,True
fir,mixed,0.1,constant_med,30,low,0.09575447591664957,APPROX-2,APPROX-1,0.0005180781799686762,0.0002949640141753693,True,True
fir,mixed,0.1,constant_med,31,low,0.13765729125044412,APPROX-2,APPROX-1,0.0020164343214406177,0.00022685030411119061,True,True
fir,high,0.005,oscillating,0,high,43.70087032876694,EXACT,EXACT,0.0,0.0,True,True
fir,high,0.005,oscillating,1,high,45.461871530851184,EXACT,EXACT,0.0,0.0,True,True
fir,high,0.005,oscillating,2,low,0.15079808156631014,APPROX-1,EXACT,0.0002761539601751215,0.0,True,True
fir,high,0.005,oscillating,3,med,0.10464496538908852,APPROX-2,EXACT,0.001818113138011141,0.0,True,True
fir,high,0.005,oscillating,4,high,14.139912403641967,EXACT,EXACT,0.0,0.0,True,True
fir,high,0.005,oscillating,5,high,10.292493733912663,EXACT,EXACT,0.0,0.0,True,True
fir,high,0.005,oscillating,6,high,884.2736446411336,EXACT,EXACT,0.0,0.0,True,True
fir,high,0.005,oscillating,7,high,44.5850895704229,EXACT,EXACT,0.0,0.0,True,True
fir,high,0.005,oscillating,8,med,0.06522089731095793,APPROX-1,EXACT,0.000546864932843316,0.0,True,True
fir,high,0.005,oscillating,9,med,0.09361556793463532,APPROX-1,EXACT,0.00023751976340629017,0.0,True,True
fir,high,0.005,oscillating,10,med,0.05969015974933884,APPROX-1,EXACT,0.00020798316041711776,0.0,True,True
fir,high,0.005,oscillating,11,high,113.77820665020124,EXACT,EXACT,0.0,0.0,True,True
fir,high,0.005,oscillating,12,high,16.288208117365993,EXACT,EXACT,0.0,0.0,True,True
fir,high,0.005,oscillating,13,low,0.15558841745642957,APPROX-1,EXACT,0.00022592062651015856,0.0,True,True
fir,high,0.005,oscillating,14,med,0.057080566586993994,APPROX-1,EXACT,0.00021072051951839455,0.0,True,True
fir,high,0.005,oscillating,15,low,0.0815121906545734,APPROX-1,EXACT,0.0003228639010415576,0.0,True,True
fir,high,0.005,oscillating,16,high,13.596236117976664,EXACT,EXACT,0.0,0.0,True,True
fir,high,0.005,oscillating,17,high,5.948072556895309,EXACT,EXACT,0.0,0.0,True,True
fir,high,0.005,oscillating,18,high,27.747356594988034,EXACT,EXACT,0.0,0.0,True,True
fir,high,0.005,oscillating,19,med,0.15304480935924436,APPROX-2,EXACT,0.0026018773331441757,0.0,True,True
fir,high,0.005,oscillating,20,high,27.678238875432434,EXACT,EXACT,0.0,0.0,True,True
fir,high,0.005,oscillating,21,med,0.1334640486733661,APPROX-2,EXACT,0.002498697364878751,0.0,True,True
fir,high,0.005,oscillating,22,high,36.2784416409285,EXACT,EXACT,0.0,0.0,True,True
fir,high,0.005,oscillating,23,med,0.050486028969711175,APPROX-2,EXACT,0.005174796745286577,0.0,False,True
fir,high,0.005,oscillating,24,high,5.487112101357148,EXACT,EXACT,0.0,0.0,True,True
fir,high,0.005,oscillating,25,med,0.08171817721147716,APPROX-1,EXACT,0.0002547384496626953,0.0,True,True
fir,high,0.005,oscillating,26,high,53.328404985242855,EXACT,EXACT,0.0,0.0,True,True
fir,high,0.005,oscillating,27,high,19.55483419998362,EXACT,EXACT,0.0,0.0,True,True
fir,high,0.005,oscillating,28,high,14.043717148030238,EXACT,EXACT,0.0,0.0,True,True
fir,high,0.005,oscillating,29,high,17.076668812793542,EXACT,EXACT,0.0,0.0,True,True
fir,high,0.005,oscillating,30,med,0.12073983482339111,APPROX-1,EXACT,0.00022184789361699378,0.0,True,True
fir,high,0.005,oscillating,31,med,0.1326907619641944,APPROX-1,EXACT,0.0005029570587857589,0.0,True,True
fir,high,0.005,rising,0,high,43.70087032876694,EXACT,EXACT,0.0,0.0,True,True
fir,high,0.005,rising,1,high,45.461871530851184,EXACT,EXACT,0.0,0.0,True,True
fir,high,0.005,rising,2,low,0.15079808156631014,APPROX-1,EXACT,0.0002761539601751215,0.0,True,True
fir,high,0.005,rising,3,med,0.10464496538908852,APPROX-1,EXACT,0.0002488524962842992,0.0,True,True
fir,high,0.005,rising,4,high,14.139912403641967,EXACT,EXACT,0.0,0.0,True,True
fir,high,0.005,rising,5,high,10.292493733912663,EXACT,EXACT,0.0,0.0,True,True
fir,high,0.005,rising,6,high,884.2736446411336,EXACT,EXACT,0.0,0.0,True,True
fir,high,0.005,rising,7,high,44.5850895704229,EXACT,EXACT,0.0,0.0,True,True
fir,high,0.005,rising,8,med,0.06522089731095793,APPROX-1,EXACT,0.000546864932843316,0.0,True,True
fir,high,0.005,rising,9,med,0.09361556793463532,APPROX-1,EXACT,0.00023751976340629017,0.0,True,True
fir,high,0.005,rising,10,med,0.05969015974933884,APPROX-1,EXACT,0.00020798316041711776,0.0,True,True
fir,high,0.005,rising,11,high,113.77820665020124,EXACT,EXACT,0.0,0.0,True,True
fir,high,0.005,rising,12,high,16.288208117365993,EXACT,EXACT,0.0,0.0,True,True
fir,high,0.005,rising,13,low,0.15558841745642957,APPROX-1,EXACT,0.00022592062651015856,0.0,True,True
fir,high,0.005,rising,14,med,0.057080566586993994,APPROX-1,EXACT,0.00021072051951839455,0.0,True,True
fir,high,0.005,rising,15,low,0.0815121906545734,APPROX-1,EXACT,0.0003228639010415576,0.0,True,True
fir,high,0.005,rising,16,high,13.596236117976664,EXACT,EXACT,0.0,0.0,True,True
fir,high,0.005,rising,17,high,5.948072556895309,EXACT,EXACT,0.0,0.0,True,True
fir,high,0.005,rising,18,high,27.747356594988034,EXACT,EXACT,0.0,0.0,True,True
fir,high,0.005,rising,19,med,0.15304480935924436,APPROX-1,EXACT,0.0002769408656232311,0.0,True,True
fir,high,0.005,rising,20,high,27.678238875432434,EXACT,EXACT,0.0,0.0,True,True
fir,high,0.005,rising,21,med,0.1334640486733661,APPROX-1,EXACT,0.00025927994793257885,0.0,True,True
fir,high,0.005,rising,22,high,36.2784416409285,EXACT,EXACT,0.0,0.0,True,True
fir,high,0.005,rising,23,med,0.050486028969711175,APPROX-2,EXACT,0.005174796745286577,0.0,False,True
fir,high,0.005,rising,24,high,5.487112101357148,EXACT,EXACT,0.0,0.0,True,True
fir,high,0.005,rising,25,med,0.08171817721147716,APPROX-1,EXACT,0.0002547384496626953,0.0,True,True
fir,high,0.005,rising,26,high,53.328404985242855,EXACT,EXACT,0.0,0.0,True,True
fir,high,0.005,rising,27,high,19.55483419998362,EXACT,EXACT,0.0,0.0,True,True
fir,high,0.005,rising,28,high,14.043717148030238,EXACT,EXACT,0.0,0.0,True,True
fir,high,0.005,rising,29,high,17.076668812793542,EXACT,EXACT,0.0,0.0,True,True
fir,high,0.005,rising,30,med,0.12073983482339111,APPROX-2,EXACT,0.00218117333492774,0.0,True,True
fir,high,0.005,rising,31,med,0.1326907619641944,APPROX-2,EXACT,0.0027111937177629005,0.0,True,True
fir,high,0.005,constant_med,0,high,43.70087032876694,EXACT,EXACT,0.0,0.0,True,True
fir,high,0.005,constant_med,1,high,45.461871530851184,EXACT,EXACT,0.0,0.0,True,True
fir,high,0.005,constant_med,2,low,0.15079808156631014,APPROX-1,EXACT,0.0002761539601751215,0.0,True,True
fir,high,0.005,constant_med,3,med,0.10464496538908852,APPROX-1,EXACT,0.0002488524962842992,0.0,True,True
fir,high,0.005,constant_med,4,high,14.139912403641967,EXACT,EXACT,0.0,0.0,True,True
fir,high,0.005,constant_med,5,high,10.292493733912663,EXACT,EXACT,0.0,0.0,True,True
fir,high,0.005,constant_med,6,high,884.2736446411336,EXACT,EXACT,0.0,0.0,True,True
fir,high,0.005,constant_med,7,high,44.5850895704229,EXACT,EXACT,0.0,0.0,True,True
fir,high,0.005,constant_med,8,med,0.06522089731095793,APPROX-1,EXACT,0.000546864932843316,0.0,True,True
fir,high,0.005,constant_med,9,med,0.09361556793463532,APPROX-1,EXACT,0.00023751976340629017,0.0,True,True
fir,high,0.005,constant_med,10,med,0.05969015974933884,APPROX-1,EXACT,0.00020798316041711776,0.0,True,True
fir,high,0.005,constant_med,11,high,113.77820665020124,EXACT,EXACT,0.0,0.0,True,True
fir,high,0.005,constant_med,12,high,16.288208117365993,EXACT,EXACT,0.0,0.0,True,True
fir,high,0.005,constant_med,13,low,0.15558841745642957,APPROX-1,EXACT,0.00022592062651015856,0.0,True,True
fir,high,0.005,constant_med,14,med,0.057080566586993994,APPROX-1,EXACT,0.00021072051951839455,0.0,True,True
fir,high,0.005,constant_med,15,low,0.0815121906545734,APPROX-1,EXACT,0.0003228639010415576,0.0,True,True
fir,high,0.005,constant_med,16,high,13.596236117976664,EXACT,EXACT,0.0,0.0,True,True
fir,high,0.005,constant_med,17,high,5.948072556895309,EXACT,EXACT,0.0,0.0,True,True
fir,high,0.005,constant_med,18,high,27.747356594988034,EXACT,EXACT,0.0,0.0,True,True
fir,high,0.005,constant_med,19,med,0.15304480935924436,APPROX-1,EXACT,0.0002769408656232311,0.0,True,True
fir,high,0.005,constant_med,20,high,27.678238875432434,EXACT,EXACT,0.0,0.0,True,True
fir,high,0.005,constant_med,21,med,0.1334640486733661,APPROX-1,EXACT,0.00025927994793257885,0.0,True,True
fir,high,0.005,constant_med,22,high,36.2784416409285,EXACT,EXACT,0.0,0.0,True,True
fir,high,0.005,constant_med,23,med,0.050486028969711175,APPROX-1,EXACT,0.0005161825581868095,0.0,True,True
fir,high,0.005,constant_med,24,high,5.487112101357148,EXACT,EXACT,0.0,0.0,True,True
fir,high,0.005,constant_med,25,med,0.08171817721147716,APPROX-1,EXACT,0.0002547384496626953,0.0,True,True
fir,high,0.005,constant_med,26,high,53.328404985242855,EXACT,EXACT,0.0,0.0,True,True
fir,high,0.005,constant_med,27,high,19.55483419998362,EXACT,EXACT,0.0,0.0,True,True
fir,high,0.005,constant_med,28,high,14.043717148030238,EXACT,EXACT,0.0,0.0,True,True
fir,high,0.005,constant_med,29,high,17.076668812793542,EXACT,EXACT,0.0,0.0,True,True
fir,high,0.005,constant_med,30,med,0.12073983482339111,APPROX-1,EXACT,0.00022184789361699378,0.0,True,True
fir,high,0.005,constant_med,31,med,0.1326907619641944,APPROX-1,EXACT,0.0005029570587857589,0.0,True,True
fir,high,0.01,oscillating,0,high,43.70087032876694,EXACT,EXACT,0.0,0.0,True,True
fir,high,0.01,oscillating,1,high,45.461871530851184,EXACT,EXACT,0.0,0.0,True,True
fir,high,0.01,oscillating,2,low,0.15079808156631014,APPROX-2,EXACT,0.0008132299517502127,0.0,True,True
fir,high,0.01,oscillating,3,med,0.10464496538908852,APPROX-2,EXACT,0.001818113138011141,0.0,True,True
fir,high,0.01,oscillating,4,high,14.139912403641967,EXACT,EXACT,0.0,0.0,True,True
fir,high,0.01,oscillating,5,high,10.292493733912663,EXACT,EXACT,0.0,0.0,True,True
fir,high,0.01,oscillating,6,high,884.2736446411336,EXACT,EXACT,0.0,0.0,True,True
fir,high,0.01,oscillating,7,high,44.5850895704229,EXACT,EXACT,0.0,0.0,True,True
fir,high,0.01,oscillating,8,med,0.06522089731095793,APPROX-2,EXACT,0.006396240272597868,0.0,True,True
fir,high,0.01,oscillating,9,med,0.09361556793463532,APPROX-1,EXACT,0.00023751976340629017,0.0,True,True
fir,high,0.01,oscillating,10,med,0.05969015974933884,APPROX-1,EXACT,0.00020798316041711776,0.0,True,True
fir,high,0.01,oscillating,11,high,113.77820665020124,EXACT,EXACT,0.0,0.0,True,True
fir,high,0.01,oscillating,12,high,16.288208117365993,EXACT,EXACT,0.0,0.0,True,True
fir,high,0.01,oscillating,13,low,0.15558841745642957,APPROX-1,EXACT,0.00022592062651015856,0.0,True,True
fir,high,0.01,oscillating,14,med,0.057080566586993994,APPROX-1,EXACT,0.00021072051951839455,0.0,True,True
fir,high,0.01,oscillating,15,low,0.0815121906545734,APPROX-1,EXACT,0.0003228639010415576,0.0,True,True
fir,high,0.01,oscillating,16,high,13.596236117976664,EXACT,EXACT,0.0,0.0,True,True
fir,high,0.01,oscillating,17,high,5.948072556895309,EXACT,EXACT,0.0,0.0,True,True
fir,high,0.01,oscillating,18,high,27.747356594988034,EXACT,EXACT,0.0,0.0,True,True
fir,high,0.01,oscillating,19,med,0.15304480935924436,APPROX-2,EXACT,0.0026018773331441757,0.0,True,True
fir,high,0.01,oscillating,20,high,27.678238875432434,EXACT,EXACT,0.0,0.0,True,True
fir,high,0.01,oscillating,21,med,0.1334640486733661,APPROX-2,EXACT,0.002498697364878751,0.0,True,True
fir,high,0.01,oscillating,22,high,36.2784416409285,EXACT,EXACT,0.0,0.0,True,True
fir,high,0.01,oscillating,23,med,0.050486028969711175,APPROX-2,EXACT,0.005174796745286577,0.0,True,True
fir,high,0.01,oscillating,24,high,5.487112101357148,EXACT,EXACT,0.0,0.0,True,True
fir,high,0.01,oscillating,25,med,0.08171817721147716,APPROX-1,EXACT,0.0002547384496626953,0.0,True,True
fir,high,0.01,oscillating,26,high,53.328404985242855,EXACT,EXACT,0.0,0.0,True,True
fir,high,0.01,oscillating,27,high,19.55483419998362,EXACT,EXACT,0.0,0.0,True,True
fir,high,0.01,oscillating,28,high,14.043717148030238,EXACT,EXACT,0.0,0.0,True,True
fir,high,0.01,oscillating,29,high,17.076668812793542,EXACT,EXACT,0.0,0.0,True,True
fir,high,0.01,oscillating,30,med,0.12073983482339111,APPROX-1,EXACT,0.00022184789361699378,0.0,True,True
fir,high,0.01,oscillating,31,med,0.1326907619641944,APPROX-1,EXACT,0.0005029570587857589,0.0,True,True
fir,high,0.01,rising,0,high,43.70087032876694,EXACT,EXACT,0.0,0.0,True,True
fir,high,0.01,rising,1,high,45.461871530851184,EXACT,EXACT,0.0,0.0,True,True
fir,high,0.01,rising,2,low,0.15079808156631014,APPROX-1,EXACT,0.0002761539601751215,0.0,True,True
fir,high,0.01,rising,3,med,0.10464496538908852,APPROX-1,EXACT,0.0002488524962842992,0.0,True,True
fir,high,0.01,rising,4,high,14.139912403641967,EXACT,EXACT,0.0,0.0,True,True
fir,high,0.01,rising,5,high,10.292493733912663,EXACT,EXACT,0.0,0.0,True,True
fir,high,0.01,rising,6,high,884.2736446411336,EXACT,EXACT,0.0,0.0,True,True
fir,high,0.01,rising,7,high,44.5850895704229,EXACT,EXACT,0.0,0.0,True,True
fir,high,0.01,rising,8,med,0.06522089731095793,APPROX-1,EXACT,0.000546864932843316,0.0,True,True
fir,high,0.01,rising,9,med,0.09361556793463532,APPROX-1,EXACT,0.00023751976340629017,0.0,True,True
fir,high,0.01,rising,10,med,0.05969015974933884,APPROX-2,EXACT,0.0013267960874285224,0.0,True,True
fir,high,0.01,rising,11,high,113.77820665020124,EXACT,EXACT,0.0,0.0,True,True
fir,high,0.01,rising,12,high,16.288208117365993,EXACT,EXACT,0.0,0.0,True,True
fir,high,0.01,rising,13,low,0.15558841745642957,APPROX-1,EXACT,0.00022592062651015856,0.0,True,True
fir,high,0.01,rising,14,med,0.057080566586993994,APPROX-2,EXACT,0.001722374475321662,0.0,True,True
fir,high,0.01,rising,15,low,0.0815121906545734,APPROX-1,EXACT,0.0003228639010415576,0.0,True,True
fir,high,0.01,rising,16,high,13.596236117976664,EXACT,EXACT,0.0,0.0,True,True
fir,high,0.01,rising,17,high,5.948072556895309,EXACT,EXACT,0.0,0.0,True,True
fir,high,0.01,rising,18,high,27.747356594988034,EXACT,EXACT,0.0,0.0,True,True
fir,high,0.01,rising,19,med,0.15304480935924436,APPROX-1,EXACT,0.0002769408656232311,0.0,True,True
fir,high,0.01,rising,20,high,27.678238875432434,EXACT,EXACT,0.0,0.0,True,True
fir,high,0.01,rising,21,med,0.1334640486733661,APPROX-1,EXACT,0.00025927994793257885,0.0,True,True
fir,high,0.01,rising,22,high,36.2784416409285,EXACT,EXACT,0.0,0.0,True,True
fir,high,0.01,rising,23,med,0.050486028969711175,APPROX-2,EXACT,0.005174796745286577,0.0,True,True
fir,high,0.01,rising,24,high,5.487112101357148,EXACT,EXACT,0.0,0.0,True,True
fir,high,0.01,rising,25,med,0.08171817721147716,APPROX-2,EXACT,0.0015473430034526994,0.0,True,True
fir,high,0.01,rising,26,high,53.328404985242855,EXACT,EXACT,0.0,0.0,True,True
fir,high,0.01,rising,27,high,19.55483419998362,EXACT,EXACT,0.0,0.0,True,True
fir,high,0.01,rising,28,high,14.043717148030238,EXACT,EXACT,0.0,0.0,True,True
fir,high,0.01,rising,29,high,17.076668812793542,EXACT,EXACT,0.0,0.0,True,True
fir,high,0.01,rising,30,med,0.12073983482339111,APPROX-3,EXACT,0.020259030482644585,0.0,False,True
fir,high,0.01,rising,31,med,0.1326907619641944,APPROX-2,EXACT,0.0027111937177629005,0.0,True,True
fir,high,0.01,constant_med,0,high,43.70087032876694,EXACT,EXACT,0.0,0.0,True,True
fir,high,0.01,constant_med,1,high,45.461871530851184,EXACT,EXACT,0.0,0.0,True,True
fir,high,0.01,constant_med,2,low,0.15079808156631014,APPROX-1,EXACT,0.0002761539601751215,0.0,True,True
fir,high,0.01,constant_med,3,med,0.10464496538908852,APPROX-1,EXACT,0.0002488524962842992,0.0,True,True
fir,high,0.01,constant_med,4,high,14.139912403641967,EXACT,EXACT,0.0,0.0,True,True
fir,high,0.01,constant_med,5,high,10.292493733912663,EXACT,EXACT,0.0,0.0,True,True
fir,high,0.01,constant_med,6,high,884.2736446411336,EXACT,EXACT,0.0,0.0,True,True
fir,high,0.01,constant_med,7,high,44.5850895704229,EXACT,EXACT,0.0,0.0,True,True
fir,high,0.01,constant_med,8,med,0.06522089731095793,APPROX-2,EXACT,0.006396240272597868,0.0,True,True
fir,high,0.01,constant_med,9,med,0.09361556793463532,APPROX-1,EXACT,0.00023751976340629017,0.0,True,True
fir,high,0.01,constant_med,10,med,0.05969015974933884,APPROX-2,EXACT,0.0013267960874285224,0.0,True,True
fir,high,0.01,constant_med,11,high,113.77820665020124,EXACT,EXACT,0.0,0.0,True,True
fir,high,0.01,constant_med,12,high,16.288208117365993,EXACT,EXACT,0.0,0.0,True,True
fir,high,0.01,constant_med,13,low,0.15558841745642957,APPROX-1,EXACT,0.00022592062651015856,0.0,True,True
fir,high,0.01,constant_med,14,med,0.057080566586993994,APPROX-2,EXACT,0.001722374475321662,0.0,True,True
fir,high,0.01,constant_med,15,low,0.0815121906545734,APPROX-2,EXACT,0.0018629120269652273,0.0,True,True
fir,high,0.01,constant_med,16,high,13.596236117976664,EXACT,EXACT,0.0,0.0,True,True
fir,high,0.01,constant_med,17,high,5.948072556895309,EXACT,EXACT,0.0,0.0,True,True
fir,high,0.01,constant_med,18,high,27.747356594988034,EXACT,EXACT,0.0,0.0,True,True
fir,high,0.01,constant_med,19,med,0.15304480935924436,APPROX-1,EXACT,0.0002769408656232311,0.0,True,True
fir,high,0.01,constant_med,20,high,27.678238875432434,EXACT,EXACT,0.0,0.0,True,True
fir,high,0.01,constant_med,21,med,0.1334640486733661,APPROX-1,EXACT,0.00025927994793257885,0.0,True,True
fir,high,0.01,constant_med,22,high,36.2784416409285,EXACT,EXACT,0.0,0.0,True,True
fir,high,0.01,constant_med,23,med,0.050486028969711175,APPROX-2,EXACT,0.005174796745286577,0.0,True,True
fir,high,0.01,constant_med,24,high,5.487112101357148,EXACT,EXACT,0.0,0.0,True,True
fir,high,0.01,constant_med,25,med,0.08171817721147716,APPROX-2,EXACT,0.0015473430034526994,0.0,True,True
fir,high,0.01,constant_med,26,high,53.328404985242855,EXACT,EXACT,0.0,0.0,True,True
fir,high,0.01,constant_med,27,high,19.55483419998362,EXACT,EXACT,0.0,0.0,True,True
fir,high,0.01,constant_med,28,high,14.043717148030238,EXACT,EXACT,0.0,0.0,True,True
fir,high,0.01,constant_med,29,high,17.076668812793542,EXACT,EXACT,0.0,0.0,True,True
fir,high,0.01,constant_med,30,med,0.12073983482339111,APPROX-1,EXACT,0.00022184789361699378,0.0,True,True
fir,high,0.01,constant_med,31,med,0.1326907619641944,APPROX-1,EXACT,0.0005029570587857589,0.0,True,True
fir,high,0.02,oscillating,0,high,43.70087032876694,EXACT,EXACT,0.0,0.0,True,True
fir,high,0.02,oscillating,1,high,45.461871530851184,EXACT,EXACT,0.0,0.0,True,True
fir,high,0.02,oscillating,2,low,0.15079808156631014,APPROX-2,EXACT,0.0008132299517502127,0.0,True,True
fir,high,0.02,oscillating,3,med,0.10464496538908852,APPROX-2,EXACT,0.001818113138011141,0.0,True,True
fir,high,0.02,oscillating,4,high,14.139912403641967,APPROX-1,EXACT,0.00023243774581426096,0.0,True,True
fir,high,0.02,oscillating,5,high,10.292493733912663,APPROX-1,EXACT,0.00024203306954386167,0.0,True,True
fir,high,0.02,oscillating,6,high,884.2736446411336,EXACT,EXACT,0.0,0.0,True,True
fir,high,0.02,oscillating,7,high,44.5850895704229,EXACT,EXACT,0.0,0.0,True,True
fir,high,0.02,oscillating,8,med,0.06522089731095793,APPROX-2,EXACT,0.006396240272597868,0.0,True,True
fir,high,0.02,oscillating,9,med,0.09361556793463532,APPROX-2,EXACT,0.001492407255148593,0.0,True,True
fir,high,0.02,oscillating,10,med,0.05969015974933884,APPROX-2,EXACT,0.0013267960874285224,0.0,True,True
fir,high,0.02,oscillating,11,high,113.77820665020124,EXACT,EXACT,0.0,0.0,True,True
fir,high,0.02,oscillating,12,high,16.288208117365993,EXACT,EXACT,0.0,0.0,True,True
fir,high,0.02,oscillating,13,low,0.15558841745642957,APPROX-1,EXACT,0.00022592062651015856,0.0,True,True
fir,high,0.02,oscillating,14,med,0.057080566586993994,APPROX-2,EXACT,0.001722374475321662,0.0,True,True
fir,high,0.02,oscillating,15,low,0.0815121906545734,APPROX-2,EXACT,0.0018629120269652273,0.0,True,True
fir,high,0.02,oscillating,16,high,13.596236117976664,EXACT,EXACT,0.0,0.0,True,True
fir,high,0.02,oscillating,17,high,5.948072556895309,APPROX-1,EXACT,0.0006778341492298535,0.0,True,True
fir,high,0.02,oscillating,18,high,27.747356594988034,EXACT,EXACT,0.0,0.0,True,True
fir,high,0.02,oscillating,19,med,0.15304480935924436,APPROX-3,EXACT,0.019563010269903622,0.0,True,True
fir,high,0.02,oscillating,20,high,27.678238875432434,EXACT,EXACT,0.0,0.0,True,True
fir,high,0.02,oscillating,21,med,0.1334640486733661,APPROX-2,EXACT,0.002498697364878751,0.0,True,True
fir,high,0.02,oscillating,22,high,36.2784416409285,EXACT,EXACT,0.0,0.0,True,True
fir,high,0.02,oscillating,23,med,0.050486028969711175,APPROX-2,EXACT,0.005174796745286577,0.0,True,True
fir,high,0.02,oscillating,24,high,5.487112101357148,APPROX-1,EXACT,0.0008553044270060033,0.0,True,True
fir,high,0.02,oscillating,25,med,0.08171817721147716,APPROX-2,EXACT,0.0015473430034526994,0.0,True,True
fir,high,0.02,oscillating,26,high,53.328404985242855,EXACT,EXACT,0.0,0.0,True,True
fir,high,0.02,oscillating,27,high,19.55483419998362,EXACT,EXACT,0.0,0.0,True,True
fir,high,0.02,oscillating,28,high,14.043717148030238,EXACT,EXACT,0.0,0.0,True,True
fir,high,0.02,oscillating,29,high,17.076668812793542,EXACT,EXACT,0.0,0.0,True,True
fir,high,0.02,oscillating,30,med,0.12073983482339111,APPROX-1,EXACT,0.00022184789361699378,0.0,True,True
fir,high,0.02,oscillating,31,med,0.1326907619641944,APPROX-1,EXACT,0.0005029570587857589,0.0,True,True
fir,high,0.02,rising,0,high,43.70087032876694,EXACT,EXACT,0.0,0.0,True,True
fir,high,0.02,rising,1,high,45.461871530851184,EXACT,EXACT,0.0,0.0,True,True
fir,high,0.02,rising,2,low,0.15079808156631014,APPROX-1,EXACT,0.0002761539601751215,0.0,True,True
fir,high,0.02,rising,3,med,0.10464496538908852,APPROX-1,EXACT,0.0002488524962842992,0.0,True,True
fir,high,0.02,rising,4,high,14.139912403641967,EXACT,EXACT,0.0,0.0,True,True
fir,high,0.02,rising,5,high,10.292493733912663,EXACT,EXACT,0.0,0.0,True,True
fir,high,0.02,rising,6,high,884.2736446411336,EXACT,EXACT,0.0,0.0,True,True
fir,high,0.02,rising,7,high,44.5850895704229,EXACT,EXACT,0.0,0.0,True,True
fir,high,0.02,rising,8,med,0.06522089731095793,APPROX-2,EXACT,0.006396240272597868,0.0,True,True
fir,high,0.02,rising,9,med,0.09361556793463532,APPROX-2,EXACT,0.001492407255148593,0.0,True,True
fir,high,0.02,rising,10,med,0.05969015974933884,APPROX-2,EXACT,0.0013267960874285224,0.0,True,True
fir,high,0.02,rising,11,high,113.77820665020124,EXACT,EXACT,0.0,0.0,True,True
fir,high,0.02,rising,12,high,16.288208117365993,EXACT,EXACT,0.0,0.0,True,True
fir,high,0.02,rising,13,low,0.15558841745642957,APPROX-1,EXACT,0.00022592062651015856,0.0,True,True
fir,high,0.02,rising,14,med,0.057080566586993994,APPROX-2,EXACT,0.001722374475321662,0.0,True,True
fir,high,0.02,rising,15,low,0.0815121906545734,APPROX-2,EXACT,0.0018629120269652273,0.0,True,True
fir,high,0.02,rising,16,high,13.596236117976664,EXACT,EXACT,0.0,0.0,True,True
fir,high,0.02,rising,17,high,5.948072556895309,APPROX-1,EXACT,0.0006778341492298535,0.0,True,True
fir,high,0.02,rising,18,high,27.747356594988034,EXACT,EXACT,0.0,0.0,True,True
fir,high,0.02,rising,19,med,0.15304480935924436,APPROX-2,EXACT,0.0026018773331441757,0.0,True,True
fir,high,0.02,rising,20,high,27.678238875432434,EXACT,EXACT,0.0,0.0,True,True
fir,high,0.02,rising,21,med,0.1334640486733661,APPROX-2,EXACT,0.002498697364878751,0.0,True,True
fir,high,0.02,rising,22,high,36.2784416409285,EXACT,EXACT,0.0,0.0,True,True
fir,high,0.02,rising,23,med,0.050486028969711175,APPROX-2,EXACT,0.005174796745286577,0.0,True,True
fir,high,0.02,rising,24,high,5.487112101357148,APPROX-1,EXACT,0.0008553044270060033,0.0,True,True
fir,high,0.02,rising,25,med,0.08171817721147716,APPROX-2,EXACT,0.0015473430034526994,0.0,True,True
fir,high,0.02,rising,26,high,53.328404985242855,EXACT,EXACT,0.0,0.0,True,True
fir,high,0.02,rising,27,high,19.55483419998362,EXACT,EXACT,0.0,0.0,True,True
fir,high,0.02,rising,28,high,14.043717148030238,EXACT,EXACT,0.0,0.0,True,True
fir,high,0.02,rising,29,high,17.076668812793542,EXACT,EXACT,0.0,0.0,True,True
fir,high,0.02,rising,30,med,0.12073983482339111,APPROX-3,EXACT,0.020259030482644585,0.0,False,True
fir,high,0.02,rising,31,med,0.1326907619641944,APPROX-2,EXACT,0.0027111937177629005,0.0,True,True
fir,high,0.02,constant_med,0,high,43.70087032876694,EXACT,EXACT,0.0,0.0,True,True
fir,high,0.02,constant_med,1,high,45.461871530851184,EXACT,EXACT,0.0,0.0,True,True
fir,high,0.02,constant_med,2,low,0.15079808156631014,APPROX-2,EXACT,0.0008132299517502127,0.0,True,True
fir,high,0.02,constant_med,3,med,0.10464496538908852,APPROX-2,EXACT,0.001818113138011141,0.0,True,True
fir,high,0.02,constant_med,4,high,14.139912403641967,EXACT,EXACT,0.0,0.0,True,True
fir,high,0.02,constant_med,5,high,10.292493733912663,EXACT,EXACT,0.0,0.0,True,True
fir,high,0.02,constant_med,6,high,884.2736446411336,EXACT,EXACT,0.0,0.0,True,True
fir,high,0.02,constant_med,7,high,44.5850895704229,EXACT,EXACT,0.0,0.0,True,True
fir,high,0.02,constant_med,8,med,0.06522089731095793,APPROX-2,EXACT,0.006396240272597868,0.0,True,True
fir,high,0.02,constant_med,9,med,0.09361556793463532,APPROX-2,EXACT,0.001492407255148593,0.0,True,True
fir,high,0.02,constant_med,10,med,0.05969015974933884,APPROX-2,EXACT,0.0013267960874285224,0.0,True,True
fir,high,0.02,constant_med,11,high,113.77820665020124,EXACT,EXACT,0.0,0.0,True,True
fir,high,0.02,constant_med,12,high,16.288208117365993,EXACT,EXACT,0.0,0.0,True,True
fir,high,0.02,constant_med,13,low,0.15558841745642957,APPROX-2,EXACT,0.003009489011584931,0.0,True,True
fir,high,0.02,constant_med,14,med,0.057080566586993994,APPROX-2,EXACT,0.001722374475321662,0.0,True,True
fir,high,0.02,constant_med,15,low,0.0815121906545734,APPROX-2,EXACT,0.0018629120269652273,0.0,True,True
fir,high,0.02,constant_med,16,high,13.596236117976664,EXACT,EXACT,0.0,0.0,True,True
fir,high,0.02,constant_med,17,high,5.948072556895309,APPROX-1,EXACT,0.0006778341492298535,0.0,True,True
fir,high,0.02,constant_med,18,high,27.747356594988034,EXACT,EXACT,0.0,0.0,True,True
fir,high,0.02,constant_med,19,med,0.15304480935924436,APPROX-2,EXACT,0.0026018773331441757,0.0,True,True
fir,high,0.02,constant_med,20,high,27.678238875432434,EXACT,EXACT,0.0,0.0,True,True
fir,high,0.02,constant_med,21,med,0.1334640486733661,APPROX-2,EXACT,0.002498697364878751,0.0,True,True
fir,high,0.02,constant_med,22,high,36.2784416409285,EXACT,EXACT,0.0,0.0,True,True
fir,high,0.02,constant_med,23,med,0.050486028969711175,APPROX-2,EXACT,0.005174796745286577,0.0,True,True
fir,high,0.02,constant_med,24,high,5.487112101357148,APPROX-1,EXACT,0.0008553044270060033,0.0,True,True
fir,high,0.02,constant_med,25,med,0.08171817721147716,APPROX-2,EXACT,0.0015473430034526994,0.0,True,True
fir,high,0.02,constant_med,26,high,53.328404985242855,EXACT,EXACT,0.0,0.0,True,True
fir,high,0.02,constant_med,27,high,19.55483419998362,EXACT,EXACT,0.0,0.0,True,True
fir,high,0.02,constant_med,28,high,14.043717148030238,EXACT,EXACT,0.0,0.0,True,True
fir,high,0.02,constant_med,29,high,17.076668812793542,EXACT,EXACT,0.0,0.0,True,True
fir,high,0.02,constant_med,30,med,0.12073983482339111,APPROX-2,EXACT,0.00218117333492774,0.0,True,True
fir,high,0.02,constant_med,31,med,0.1326907619641944,APPROX-2,EXACT,0.0027111937177629005,0.0,True,True
fir,high,0.05,oscillating,0,high,43.70087032876694,EXACT,EXACT,0.0,0.0,True,True
fir,high,0.05,oscillating,1,high,45.461871530851184,EXACT,EXACT,0.0,0.0,True,True
fir,high,0.05,oscillating,2,low,0.15079808156631014,APPROX-2,EXACT,0.0008132299517502127,0.0,True,True
fir,high,0.05,oscillating,3,med,0.10464496538908852,APPROX-3,EXACT,0.010405436360756805,0.0,True,True
fir,high,0.05,oscillating,4,high,14.139912403641967,APPROX-1,EXACT,0.00023243774581426096,0.0,True,True
fir,high,0.05,oscillating,5,high,10.292493733912663,APPROX-1,EXACT,0.00024203306954386167,0.0,True,True
fir,high,0.05,oscillating,6,high,884.2736446411336,EXACT,EXACT,0.0,0.0,True,True
fir,high,0.05,oscillating,7,high,44.5850895704229,EXACT,EXACT,0.0,0.0,True,True
fir,high,0.05,oscillating,8,med,0.06522089731095793,APPROX-2,EXACT,0.006396240272597868,0.0,True,True
fir,high,0.05,oscillating,9,med,0.09361556793463532,APPROX-2,EXACT,0.001492407255148593,0.0,True,True
fir,high,0.05,oscillating,10,med,0.05969015974933884,APPROX-2,EXACT,0.0013267960874285224,0.0,True,True
fir,high,0.05,oscillating,11,high,113.77820665020124,EXACT,EXACT,0.0,0.0,True,True
fir,high,0.05,oscillating,12,high,16.288208117365993,EXACT,EXACT,0.0,0.0,True,True
fir,high,0.05,oscillating,13,low,0.15558841745642957,APPROX-2,EXACT,0.003009489011584931,0.0,True,True
fir,high,0.05,oscillating,14,med,0.057080566586993994,APPROX-2,EXACT,0.001722374475321662,0.0,True,True
fir,high,0.05,oscillating,15,low,0.0815121906545734,APPROX-2,EXACT,0.0018629120269652273,0.0,True,True
fir,high,0.05,oscillating,16,high,13.596236117976664,APPROX-1,EXACT,0.0003883883922822133,0.0,True,True
fir,high,0.05,oscillating,17,high,5.948072556895309,APPROX-1,EXACT,0.0006778341492298535,0.0,True,True
fir,high,0.05,oscillating,18,high,27.747356594988034,APPROX-1,EXACT,0.0003604732404951513,0.0,True,True
fir,high,0.05,oscillating,19,med,0.15304480935924436,APPROX-3,EXACT,0.019563010269903622,0.0,True,True
fir,high,0.05,oscillating,20,high,27.678238875432434,APPROX-1,EXACT,0.0007025350984318631,0.0,True,True
fir,high,0.05,oscillating,21,med,0.1334640486733661,APPROX-3,EXACT,0.028453584583946628,0.0,True,True
fir,high,0.05,oscillating,22,high,36.2784416409285,APPROX-1,EXACT,0.0008753328666234761,0.0,True,True
fir,high,0.05,oscillating,23,med,0.050486028969711175,APPROX-3,EXACT,0.016991879983339574,0.0,True,True
fir,high,0.05,oscillating,24,high,5.487112101357148,APPROX-1,EXACT,0.0008553044270060033,0.0,True,True
fir,high,0.05,oscillating,25,med,0.08171817721147716,APPROX-2,EXACT,0.0015473430034526994,0.0,True,True
fir,high,0.05,oscillating,26,high,53.328404985242855,EXACT,EXACT,0.0,0.0,True,True
fir,high,0.05,oscillating,27,high,19.55483419998362,EXACT,EXACT,0.0,0.0,True,True
fir,high,0.05,oscillating,28,high,14.043717148030238,EXACT,EXACT,0.0,0.0,True,True
fir,high,0.05,oscillating,29,high,17.076668812793542,EXACT,EXACT,0.0,0.0,True,True
fir,high,0.05,oscillating,30,med,0.12073983482339111,APPROX-2,EXACT,0.00218117333492774,0.0,True,True
fir,high,0.05,oscillating,31,med,0.1326907619641944,APPROX-2,EXACT,0.0027111937177629005,0.0,True,True
fir,high,0.05,rising,0,high,43.70087032876694,EXACT,EXACT,0.0,0.0,True,True
fir,high,0.05,rising,1,high,45.461871530851184,EXACT,EXACT,0.0,0.0,True,True
fir,high,0.05,rising,2,low,0.15079808156631014,APPROX-2,EXACT,0.0008132299517502127,0.0,True,True
fir,high,0.05,rising,3,med,0.10464496538908852,APPROX-2,EXACT,0.001818113138011141,0.0,True,True
fir,high,0.05,rising,4,high,14.139912403641967,EXACT,EXACT,0.0,0.0,True,True
fir,high,0.05,rising,5,high,10.292493733912663,EXACT,EXACT,0.0,0.0,True,True
fir,high,0.05,rising,6,high,884.2736446411336,EXACT,EXACT,0.0,0.0,True,True
fir,high,0.05,rising,7,high,44.5850895704229,EXACT,EXACT,0.0,0.0,True,True
fir,high,0.05,rising,8,med,0.06522089731095793,APPROX-2,EXACT,0.006396240272597868,0.0,True,True
fir,high,0.05,rising,9,med,0.09361556793463532,APPROX-2,EXACT,0.001492407255148593,0.0,True,True
fir,high,0.05,rising,10,med,0.05969015974933884,APPROX-2,EXACT,0.0013267960874285224,0.0,True,True
fir,high,0.05,rising,11,high,113.77820665020124,EXACT,EXACT,0.0,0.0,True,True
fir,high,0.05,rising,12,high,16.288208117365993,EXACT,EXACT,0.0,0.0,True,True
fir,high,0.05,rising,13,low,0.15558841745642957,APPROX-2,EXACT,0.003009489011584931,0.0,True,True
fir,high,0.05,rising,14,med,0.057080566586993994,APPROX-2,EXACT,0.001722374475321662,0.0,True,True
fir,high,0.05,rising,15,low,0.0815121906545734,APPROX-2,EXACT,0.0018629120269652273,0.0,True,True
fir,high,0.05,rising,16,high,13.596236117976664,APPROX-1,EXACT,0.0003883883922822133,0.0,True,True
fir,high,0.05,rising,17,high,5.948072556895309,APPROX-1,EXACT,0.0006778341492298535,0.0,True,True
fir,high,0.05,rising,18,high,27.747356594988034,EXACT,EXACT,0.0,0.0,True,True
fir,high,0.05,rising,19,med,0.15304480935924436,APPROX-2,EXACT,0.0026018773331441757,0.0,True,True
fir,high,0.05,rising,20,high,27.678238875432434,EXACT,EXACT,0.0,0.0,True,True
fir,high,0.05,rising,21,med,0.1334640486733661,APPROX-2,EXACT,0.002498697364878751,0.0,True,True
fir,high,0.05,rising,22,high,36.2784416409285,EXACT,EXACT,0.0,0.0,True,True
fir,high,0.05,rising,23,med,0.050486028969711175,APPROX-3,EXACT,0.016991879983339574,0.0,True,True
fir,high,0.05,rising,24,high,5.487112101357148,APPROX-1,EXACT,0.0008553044270060033,0.0,True,True
fir,high,0.05,rising,25,med,0.08171817721147716,APPROX-2,EXACT,0.0015473430034526994,0.0,True,True
fir,high,0.05,rising,26,high,53.328404985242855,EXACT,EXACT,0.0,0.0,True,True
fir,high,0.05,rising,27,high,19.55483419998362,APPROX-1,EXACT,0.000961060570511223,0.0,True,True
fir,high,0.05,rising,28,high,14.043717148030238,APPROX-1,EXACT,0.0003997834285841337,0.0,True,True
fir,high,0.05,rising,29,high,17.076668812793542,APPROX-1,EXACT,0.0007229065327895072,0.0,True,True
fir,high,0.05,rising,30,med,0.12073983482339111,APPROX-3,EXACT,0.020259030482644585,0.0,True,True
fir,high,0.05,rising,31,med,0.1326907619641944,APPROX-3,EXACT,0.0058438752324851025,0.0,True,True
fir,high,0.05,constant_med,0,high,43.70087032876694,EXACT,EXACT,0.0,0.0,True,True
fir,high,0.05,constant_med,1,high,45.461871530851184,EXACT,EXACT,0.0,0.0,True,True
fir,high,0.05,constant_med,2,low,0.15079808156631014,APPROX-2,EXACT,0.0008132299517502127,0.0,True,True
fir,high,0.05,constant_med,3,med,0.10464496538908852,APPROX-2,EXACT,0.001818113138011141,0.0,True,True
fir,high,0.05,constant_med,4,high,14.139912403641967,APPROX-1,EXACT,0.00023243774581426096,0.0,True,True
fir,high,0.05,constant_med,5,high,10.292493733912663,APPROX-1,EXACT,0.00024203306954386167,0.0,True,True
fir,high,0.05,constant_med,6,high,884.2736446411336,EXACT,EXACT,0.0,0.0,True,True
fir,high,0.05,constant_med,7,high,44.5850895704229,EXACT,EXACT,0.0,0.0,True,True
fir,high,0.05,constant_med,8,med,0.06522089731095793,APPROX-2,EXACT,0.006396240272597868,0.0,True,True
fir,high,0.05,constant_med,9,med,0.09361556793463532,APPROX-2,EXACT,0.001492407255148593,0.0,True,True
fir,high,0.05,constant_med,10,med,0.05969015974933884,APPROX-2,EXACT,0.0013267960874285224,0.0,True,True
fir,high,0.05,constant_med,11,high,113.77820665020124,EXACT,EXACT,0.0,0.0,True,True
fir,high,0.05,constant_med,12,high,16.288208117365993,EXACT,EXACT,0.0,0.0,True,True
fir,high,0.05,constant_med,13,low,0.15558841745642957,APPROX-2,EXACT,0.003009489011584931,0.0,True,True
fir,high,0.05,constant_med,14,med,0.057080566586993994,APPROX-2,EXACT,0.001722374475321662,0.0,True,True
fir,high,0.05,constant_med,15,low,0.0815121906545734,APPROX-2,EXACT,0.0018629120269652273,0.0,True,True
fir,high,0.05,constant_med,16,high,13.596236117976664,APPROX-1,EXACT,0.0003883883922822133,0.0,True,True
fir,high,0.05,constant_med,17,high,5.948072556895309,APPROX-1,EXACT,0.0006778341492298535,0.0,True,True
fir,high,0.05,constant_med,18,high,27.747356594988034,EXACT,EXACT,0.0,0.0,True,True
fir,high,0.05,constant_med,19,med,0.15304480935924436,APPROX-2,EXACT,0.0026018773331441757,0.0,True,True
fir,high,0.05,constant_med,20,high,27.678238875432434,EXACT,EXACT,0.0,0.0,True,True
fir,high,0.05,constant_med,21,med,0.1334640486733661,APPROX-2,EXACT,0.002498697364878751,0.0,True,True
fir,high,0.05,constant_med,22,high,36.2784416409285,EXACT,EXACT,0.0,0.0,True,True
fir,high,0.05,constant_med,23,med,0.050486028969711175,APPROX-2,EXACT,0.005174796745286577,0.0,True,True
fir,high,0.05,constant_med,24,high,5.487112101357148,APPROX-1,EXACT,0.0008553044270060033,0.0,True,True
fir,high,0.05,constant_med,25,med,0.08171817721147716,APPROX-2,EXACT,0.0015473430034526994,0.0,True,True
fir,high,0.05,constant_med,26,high,53.328404985242855,EXACT,EXACT,0.0,0.0,True,True
fir,high,0.05,constant_med,27,high,19.55483419998362,EXACT,EXACT,0.0,0.0,True,True
fir,high,0.05,constant_med,28,high,14.043717148030238,APPROX-1,EXACT,0.0003997834285841337,0.0,True,True
fir,high,0.05,constant_med,29,high,17.076668812793542,EXACT,EXACT,0.0,0.0,True,True
fir,high,0.05,constant_med,30,med,0.12073983482339111,APPROX-2,EXACT,0.00218117333492774,0.0,True,True
fir,high,0.05,constant_med,31,med,0.1326907619641944,APPROX-2,EXACT,0.0027111937177629005,0.0,True,True
fir,high,0.1,oscillating,0,high,43.70087032876694,EXACT,EXACT,0.0,0.0,True,True
fir,high,0.1,oscillating,1,high,45.461871530851184,APPROX-1,APPROX-1,0.0007648531776117415,0.0007648531776117415,True,True
fir,high,0.1,oscillating,2,low,0.15079808156631014,APPROX-3,APPROX-1,0.013152689587798973,0.0002761539601751215,True,True
fir,high,0.1,oscillating,3,med,0.10464496538908852,APPROX-3,APPROX-1,0.010405436360756805,0.0002488524962842992,True,True
fir,high,0.1,oscillating,4,high,14.139912403641967,APPROX-1,APPROX-1,0.00023243774581426096,0.00023243774581426096,True,True
fir,high,0.1,oscillating,5,high,10.292493733912663,APPROX-1,APPROX-1,0.00024203306954386167,0.00024203306954386167,True,True
fir,high,0.1,oscillating,6,high,884.2736446411336,EXACT,APPROX-1,0.0,0.005047345386897643,True,True
fir,high,0.1,oscillating,7,high,44.5850895704229,APPROX-1,APPROX-1,0.0005290965940249439,0.0005290965940249439,True,True
fir,high,0.1,oscillating,8,med,0.06522089731095793,APPROX-3,EXACT,0.026365423448532925,0.0,True,True
fir,high,0.1,oscillating,9,med,0.09361556793463532,APPROX-2,EXACT,0.001492407255148593,0.0,True,True
fir,high,0.1,oscillating,10,med,0.05969015974933884,APPROX-2,EXACT,0.0013267960874285224,0.0,True,True
fir,high,0.1,oscillating,11,high,113.77820665020124,EXACT,EXACT,0.0,0.0,True,True
fir,high,0.1,oscillating,12,high,16.288208117365993,EXACT,EXACT,0.0,0.0,True,True
fir,high,0.1,oscillating,13,low,0.15558841745642957,APPROX-2,EXACT,0.003009489011584931,0.0,True,True
fir,high,0.1,oscillating,14,med,0.057080566586993994,APPROX-2,EXACT,0.001722374475321662,0.0,True,True
fir,high,0.1,oscillating,15,low,0.0815121906545734,APPROX-2,EXACT,0.0018629120269652273,0.0,True,True
fir,high,0.1,oscillating,16,high,13.596236117976664,APPROX-1,EXACT,0.0003883883922822133,0.0,True,True
fir,high,0.1,oscillating,17,high,5.948072556895309,APPROX-1,APPROX-1,0.0006778341492298535,0.0006778341492298535,True,True
fir,high,0.1,oscillating,18,high,27.747356594988034,APPROX-1,APPROX-1,0.0003604732404951513,0.0003604732404951513,True,True
fir,high,0.1,oscillating,19,med,0.15304480935924436,APPROX-3,APPROX-1,0.019563010269903622,0.0002769408656232311,True,True
fir,high,0.1,oscillating,20,high,27.678238875432434,APPROX-1,APPROX-1,0.0007025350984318631,0.0007025350984318631,True,True
fir,high,0.1,oscillating,21,med,0.1334640486733661,APPROX-3,APPROX-1,0.028453584583946628,0.00025927994793257885,True,True
fir,high,0.1,oscillating,22,high,36.2784416409285,APPROX-1,APPROX-1,0.0008753328666234761,0.0008753328666234761,True,True
fir,high,0.1,oscillating,23,med,0.050486028969711175,APPROX-3,APPROX-1,0.016991879983339574,0.0005161825581868095,True,True
fir,high,0.1,oscillating,24,high,5.487112101357148,APPROX-1,EXACT,0.0008553044270060033,0.0,True,True
fir,high,0.1,oscillating,25,med,0.08171817721147716,APPROX-2,EXACT,0.0015473430034526994,0.0,True,True
fir,high,0.1,oscillating,26,high,53.328404985242855,EXACT,EXACT,0.0,0.0,True,True
fir,high,0.1,oscillating,27,high,19.55483419998362,EXACT,EXACT,0.0,0.0,True,True
fir,high,0.1,oscillating,28,high,14.043717148030238,APPROX-1,EXACT,0.0003997834285841337,0.0,True,True
fir,high,0.1,oscillating,29,high,17.076668812793542,EXACT,EXACT,0.0,0.0,True,True
fir,high,0.1,oscillating,30,med,0.12073983482339111,APPROX-2,EXACT,0.00218117333492774,0.0,True,True
fir,high,0.1,oscillating,31,med,0.1326907619641944,APPROX-2,EXACT,0.0027111937177629005,0.0,True,True
fir,high,0.1,rising,0,high,43.70087032876694,EXACT,EXACT,0.0,0.0,True,True
fir,high,0.1,rising,1,high,45.461871530851184,EXACT,EXACT,0.0,0.0,True,True
fir,high,0.1,rising,2,low,0.15079808156631014,APPROX-2,EXACT,0.0008132299517502127,0.0,True,True
fir,high,0.1,rising,3,med,0.10464496538908852,APPROX-2,EXACT,0.001818113138011141,0.0,True,True
fir,high,0.1,rising,4,high,14.139912403641967,APPROX-1,EXACT,0.00023243774581426096,0.0,True,True
fir,high,0.1,rising,5,high,10.292493733912663,APPROX-1,EXACT,0.00024203306954386167,0.0,True,True
fir,high,0.1,rising,6,high,884.2736446411336,EXACT,EXACT,0.0,0.0,True,True
fir,high,0.1,rising,7,high,44.5850895704229,EXACT,EXACT,0.0,0.0,True,True
fir,high,0.1,rising,8,med,0.06522089731095793,APPROX-2,EXACT,0.006396240272597868,0.0,True,True
fir,high,0.1,rising,9,med,0.09361556793463532,APPROX-2,EXACT,0.001492407255148593,0.0,True,True
fir,high,0.1,rising,10,med,0.05969015974933884,APPROX-3,EXACT,0.010675184957215917,0.0,True,True
fir,high,0.1,rising,11,high,113.77820665020124,EXACT,EXACT,0.0,0.0,True,True
fir,high,0.1,rising,12,high,16.288208117365993,APPROX-1,EXACT,0.0017694709498592032,0.0,True,True
fir,high,0.1,rising,13,low,0.15558841745642957,APPROX-2,EXACT,0.003009489011584931,0.0,True,True
fir,high,0.1,rising,14,med,0.057080566586993994,APPROX-3,EXACT,0.008554468899054705,0.0,True,True
fir,high,0.1,rising,15,low,0.0815121906545734,APPROX-2,EXACT,0.0018629120269652273,0.0,True,True
fir,high,0.1,rising,16,high,13.596236117976664,APPROX-1,EXACT,0.0003883883922822133,0.0,True,True
fir,high,0.1,rising,17,high,5.948072556895309,APPROX-1,EXACT,0.0006778341492298535,0.0,True,True
fir,high,0.1,rising,18,high,27.747356594988034,APPROX-1,EXACT,0.0003604732404951513,0.0,True,True
fir,high,0.1,rising,19,med,0.15304480935924436,APPROX-2,EXACT,0.0026018773331441757,0.0,True,True
fir,high,0.1,rising,20,high,27.678238875432434,APPROX-1,APPROX-1,0.0007025350984318631,0.0007025350984318631,True,True
fir,high,0.1,rising,21,med,0.1334640486733661,APPROX-2,EXACT,0.002498697364878751,0.0,True,True
fir,high,0.1,rising,22,high,36.2784416409285,APPROX-1,APPROX-1,0.0008753328666234761,0.0008753328666234761,True,True
fir,high,0.1,rising,23,med,0.050486028969711175,APPROX-3,APPROX-1,0.016991879983339574,0.0005161825581868095,True,True
fir,high,0.1,rising,24,high,5.487112101357148,APPROX-1,APPROX-1,0.0008553044270060033,0.0008553044270060033,True,True
fir,high,0.1,rising,25,med,0.08171817721147716,APPROX-3,APPROX-1,0.009761531301161825,0.0002547384496626953,True,True
fir,high,0.1,rising,26,high,53.328404985242855,APPROX-1,APPROX-1,0.002812889418583234,0.002812889418583234,True,True
fir,high,0.1,rising,27,high,19.55483419998362,APPROX-1,APPROX-1,0.000961060570511223,0.000961060570511223,True,True
fir,high,0.1,rising,28,high,14.043717148030238,APPROX-1,APPROX-1,0.0003997834285841337,0.0003997834285841337,True,True
fir,high,0.1,rising,29,high,17.076668812793542,APPROX-1,APPROX-1,0.0007229065327895072,0.0007229065327895072,True,True
fir,high,0.1,rising,30,med,0.12073983482339111,APPROX-3,APPROX-1,0.020259030482644585,0.00022184789361699378,True,True
fir,high,0.1,rising,31,med,0.1326907619641944,APPROX-3,APPROX-1,0.0058438752324851025,0.0005029570587857589,True,True
fir,high,0.1,constant_med,0,high,43.70087032876694,EXACT,EXACT,0.0,0.0,True,True
fir,high,0.1,constant_med,1,high,45.461871530851184,EXACT,EXACT,0.0,0.0,True,True
fir,high,0.1,constant_med,2,low,0.15079808156631014,APPROX-2,EXACT,0.0008132299517502127,0.0,True,True
fir,high,0.1,constant_med,3,med,0.10464496538908852,APPROX-2,EXACT,0.001818113138011141,0.0,True,True
fir,high,0.1,constant_med,4,high,14.139912403641967,APPROX-1,EXACT,0.00023243774581426096,0.0,True,True
fir,high,0.1,constant_med,5,high,10.292493733912663,APPROX-1,EXACT,0.00024203306954386167,0.0,True,True
fir,high,0.1,constant_med,6,high,884.2736446411336,EXACT,EXACT,0.0,0.0,True,True
fir,high,0.1,constant_med,7,high,44.5850895704229,EXACT,EXACT,0.0,0.0,True,True
fir,high,0.1,constant_med,8,med,0.06522089731095793,APPROX-3,EXACT,0.026365423448532925,0.0,True,True
fir,high,0.1,constant_med,9,med,0.09361556793463532,APPROX-2,EXACT,0.001492407255148593,0.0,True,True
fir,high,0.1,constant_med,10,med,0.05969015974933884,APPROX-3,EXACT,0.010675184957215917,0.0,True,True
fir,high,0.1,constant_med,11,high,113.77820665020124,EXACT,EXACT,0.0,0.0,True,True
fir,high,0.1,constant_med,12,high,16.288208117365993,APPROX-1,EXACT,0.0017694709498592032,0.0,True,True
fir,high,0.1,constant_med,13,low,0.15558841745642957,APPROX-2,EXACT,0.003009489011584931,0.0,True,True
fir,high,0.1,constant_med,14,med,0.057080566586993994,APPROX-3,EXACT,0.008554468899054705,0.0,True,True
fir,high,0.1,constant_med,15,low,0.0815121906545734,APPROX-3,EXACT,0.03224918884804114,0.0,True,True
fir,high,0.1,constant_med,16,high,13.596236117976664,APPROX-1,EXACT,0.0003883883922822133,0.0,True,True
fir,high,0.1,constant_med,17,high,5.948072556895309,APPROX-1,EXACT,0.0006778341492298535,0.0,True,True
fir,high,0.1,constant_med,18,high,27.747356594988034,APPROX-1,EXACT,0.0003604732404951513,0.0,True,True
fir,high,0.1,constant_med,19,med,0.15304480935924436,APPROX-2,EXACT,0.0026018773331441757,0.0,True,True
fir,high,0.1,constant_med,20,high,27.678238875432434,APPROX-1,EXACT,0.0007025350984318631,0.0,True,True
fir,high,0.1,constant_med,21,med,0.1334640486733661,APPROX-2,EXACT,0.002498697364878751,0.0,True,True
fir,high,0.1,constant_med,22,high,36.2784416409285,EXACT,EXACT,0.0,0.0,True,True
fir,high,0.1,constant_med,23,med,0.050486028969711175,APPROX-3,EXACT,0.016991879983339574,0.0,True,True
fir,high,0.1,constant_med,24,high,5.487112101357148,APPROX-1,EXACT,0.0008553044270060033,0.0,True,True
fir,high,0.1,constant_med,25,med,0.08171817721147716,APPROX-3,EXACT,0.009761531301161825,0.0,True,True
fir,high,0.1,constant_med,26,high,53.328404985242855,EXACT,EXACT,0.0,0.0,True,True
fir,high,0.1,constant_med,27,high,19.55483419998362,APPROX-1,EXACT,0.000961060570511223,0.0,True,True
fir,high,0.1,constant_med,28,high,14.043717148030238,APPROX-1,EXACT,0.0003997834285841337,0.0,True,True
fir,high,0.1,constant_med,29,high,17.076668812793542,APPROX-1,EXACT,0.0007229065327895072,0.0,True,True
fir,high,0.1,constant_med,30,med,0.12073983482339111,APPROX-2,EXACT,0.00218117333492774,0.0,True,True
fir,high,0.1,constant_med,31,med,0.1326907619641944,APPROX-2,EXACT,0.0027111937177629005,0.0,True,True
matmul,mixed,0.005,oscillating,0,med,0.05124932117577006,APPROX-1,EXACT,8.801395430948172e-05,0.0,True,True
matmul,mixed,0.005,oscillating,1,med,0.05845474130275183,APPROX-2,EXACT,0.001164136842530334,0.0,True,True
matmul,mixed,0.005,oscillating,2,low,0.07222031517516085,APPROX-2,EXACT,0.0011673189703146078,0.0,True,True
matmul,mixed,0.005,oscillating,3,low,0.06765820760617267,APPROX-2,EXACT,0.0012751547034691097,0.0,True,True
matmul,mixed,0.005,oscillating,4,high,34.809546803641815,EXACT,EXACT,0.0,0.0,True,True
matmul,mixed,0.005,oscillating,5,high,45.11649101827602,EXACT,EXACT,0.0,0.0,True,True
matmul,mixed,0.005,oscillating,6,high,19.523065093650043,EXACT,EXACT,0.0,0.0,True,True
matmul,mixed,0.005,oscillating,7,high,30.240984352508644,EXACT,EXACT,0.0,0.0,True,True
matmul,mixed,0.005,oscillating,8,low,0.06289454379443417,APPROX-1,EXACT,9.267341107947723e-05,0.0,True,True
matmul,mixed,0.005,oscillating,9,low,0.06177786069364414,APPROX-1,EXACT,8.906306961367642e-05,0.0,True,True
matmul,mixed,0.005,oscillating,10,low,0.05544182294600681,APPROX-1,EXACT,8.51810614908583e-05,0.0,True,True
matmul,mixed,0.005,oscillating,11,high,24.5903100568598,EXACT,EXACT,0.0,0.0,True,True
matmul,mixed,0.005,oscillating,12,high,30.433836692932573,EXACT,EXACT,0.0,0.0,True,True
matmul,mixed,0.005,oscillating,13,low,0.04615175784526332,APPROX-1,EXACT,7.625018021862012e-05,0.0,True,True
matmul,mixed,0.005,oscillating,14,low,0.07720379776790608,APPROX-1,EXACT,9.120410201330032e-05,0.0,True,True
matmul,mixed,0.005,oscillating,15,low,0.05922259102191554,APPROX-1,EXACT,7.94805996669753e-05,0.0,True,True
matmul,mixed,0.005,oscillating,16,med,0.05897459933303598,APPROX-1,EXACT,8.028916488374815e-05,0.0,True,True
matmul,mixed,0.005,oscillating,17,high,39.66538426982643,EXACT,EXACT,0.0,0.0,True,True
matmul,mixed,0.005,oscillating,18,high,28.292850879362142,EXACT,EXACT,0.0,0.0,True,True
matmul,mixed,0.005,oscillating,19,low,0.060147252873541064,APPROX-3,EXACT,0.01228994716871355,0.0,False,True
matmul,mixed,0.005,oscillating,20,high,25.810178742180724,EXACT,EXACT,0.0,0.0,True,True
matmul,mixed,0.005,oscillating,21,low,0.07013601118039581,APPROX-2,EXACT,0.0011065453355254818,0.0,True,True
matmul,mixed,0.005,oscillating,22,med,0.06275308477368434,APPROX-2,EXACT,0.0013175147682722283,0.0,True,True
matmul,mixed,0.005,oscillating,23,low,0.05451061233385518,APPROX-2,EXACT,0.0010932640101767122,0.0,True,True
matmul,mixed,0.005,oscillating,24,high,28.609683575261922,EXACT,EXACT,0.0,0.0,True,True
matmul,mixed,0.005,oscillating,25,low,0.05109739576510155,APPROX-1,EXACT,6.873600558218904e-05,0.0,True,True
matmul,mixed,0.005,oscillating,26,med,0.07456492246348224,APPROX-1,EXACT,7.877641408555719e-05,0.0,True,True
matmul,mixed,0.005,oscillating,27,med,0.05819170788968864,APPROX-1,EXACT,8.960540751090254e-05,0.0,True,True
matmul,mixed,0.005,oscillating,28,med,0.06631805529423458,APPROX-1,EXACT,7.92356354892813e-05,0.0,True,True
matmul,mixed,0.005,oscillating,29,med,0.05367192103213924,APPROX-1,EXACT,7.736194982985201e-05,0.0,True,True
matmul,mixed,0.005,oscillating,30,low,0.05502060308489208,APPROX-1,EXACT,8.370835101307784e-05,0.0,True,True
matmul,mixed,0.005,oscillating,31,low,0.058568489832259756,APPROX-1,EXACT,8.055505640000349e-05,0.0,True,True
matmul,mixed,0.005,rising,0,med,0.05124932117577006,APPROX-1,EXACT,8.801395430948172e-05,0.0,True,True
matmul,mixed,0.005,rising,1,med,0.05845474130275183,APPROX-1,EXACT,8.029715577978933e-05,0.0,True,True
matmul,mixed,0.005,rising,2,low,0.07222031517516085,APPROX-1,EXACT,7.47971743511189e-05,0.0,True,True
matmul,mixed,0.005,rising,3,low,0.06765820760617267,APPROX-1,EXACT,7.840107108448405e-05,0.0,True,True
matmul,mixed,0.005,rising,4,high,34.809546803641815,EXACT,EXACT,0.0,0.0,True,True
matmul,mixed,0.005,rising,5,high,45.11649101827602,EXACT,EXACT,0.0,0.0,True,True
matmul,mixed,0.005,rising,6,high,19.523065093650043,EXACT,EXACT,0.0,0.0,True,True
matmul,mixed,0.005,rising,7,high,30.240984352508644,EXACT,EXACT,0.0,0.0,True,True
matmul,mixed,0.005,rising,8,low,0.06289454379443417,APPROX-1,EXACT,9.267341107947723e-05,0.0,True,True
matmul,mixed,0.005,rising,9,low,0.06177786069364414,APPROX-1,EXACT,8.906306961367642e-05,0.0,True,True
matmul,mixed,0.005,rising,10,low,0.05544182294600681,APPROX-1,EXACT,8.51810614908583e-05,0.0,True,True
matmul,mixed,0.005,rising,11,high,24.5903100568598,EXACT,EXACT,0.0,0.0,True,True
matmul,mixed,0.005,rising,12,high,30.433836692932573,EXACT,EXACT,0.0,0.0,True,True
matmul,mixed,0.005,rising,13,low,0.04615175784526332,APPROX-1,EXACT,7.625018021862012e-05,0.0,True,True
matmul,mixed,0.005,rising,14,low,0.07720379776790608,APPROX-1,EXACT,9.120410201330032e-05,0.0,True,True
matmul,mixed,0.005,rising,15,low,0.05922259102191554,APPROX-1,EXACT,7.94805996669753e-05,0.0,True,True
matmul,mixed,0.005,rising,16,med,0.05897459933303598,APPROX-1,EXACT,8.028916488374815e-05,0.0,True,True
matmul,mixed,0.005,rising,17,high,39.66538426982643,EXACT,EXACT,0.0,0.0,True,True
matmul,mixed,0.005,rising,18,high,28.292850879362142,EXACT,EXACT,0.0,0.0,True,True
matmul,mixed,0.005,rising,19,low,0.060147252873541064,APPROX-2,EXACT,0.0011336121461535782,0.0,True,True
matmul,mixed,0.005,rising,20,high,25.810178742180724,EXACT,EXACT,0.0,0.0,True,True
matmul,mixed,0.005,rising,21,low,0.07013601118039581,APPROX-1,EXACT,8.392474086189316e-05,0.0,True,True
matmul,mixed,0.005,rising,22,med,0.06275308477368434,APPROX-2,EXACT,0.0013175147682722283,0.0,True,True
matmul,mixed,0.005,rising,23,low,0.05451061233385518,APPROX-2,EXACT,0.0010932640101767122,0.0,True,True
matmul,mixed,0.005,rising,24,high,28.609683575261922,EXACT,EXACT,0.0,0.0,True,True
matmul,mixed,0.005,rising,25,low,0.05109739576510155,APPROX-2,EXACT,0.0013567624321028798,0.0,True,True
matmul,mixed,0.005,rising,26,med,0.07456492246348224,APPROX-2,EXACT,0.001157327978721274,0.0,True,True
matmul,mixed,0.005,rising,27,med,0.05819170788968864,APPROX-2,EXACT,0.0013505898623118366,0.0,True,True
matmul,mixed,0.005,rising,28,med,0.06631805529423458,APPROX-2,EXACT,0.0012576207735282342,0.0,True,True
matmul,mixed,0.005,rising,29,med,0.05367192103213924,APPROX-2,EXACT,0.00120758763902846,0.0,True,True
matmul,mixed,0.005,rising,30,low,0.05502060308489208,APPROX-3,EXACT,0.011616682419824356,0.0,False,True
matmul,mixed,0.005,rising,31,low,0.058568489832259756,APPROX-2,EXACT,0.001227713243833867,0.0,True,True
matmul,mixed,0.005,constant_med,0,med,0.05124932117577006,APPROX-1,EXACT,8.801395430948172e-05,0.0,True,True
matmul,mixed,0.005,constant_med,1,med,0.05845474130275183,APPROX-1,EXACT,8.029715577978933e-05,0.0,True,True
matmul,mixed,0.005,constant_med,2,low,0.07222031517516085,APPROX-1,EXACT,7.47971743511189e-05,0.0,True,True
matmul,mixed,0.005,constant_med,3,low,0.06765820760617267,APPROX-1,EXACT,7.840107108448405e-05,0.0,True,True
matmul,mixed,0.005,constant_med,4,high,34.809546803641815,EXACT,EXACT,0.0,0.0,True,True
matmul,mixed,0.005,constant_med,5,high,45.11649101827602,EXACT,EXACT,0.0,0.0,True,True
matmul,mixed,0.005,constant_med,6,high,19.523065093650043,EXACT,EXACT,0.0,0.0,True,True
matmul,mixed,0.005,constant_med,7,high,30.240984352508644,EXACT,EXACT,0.0,0.0,True,True
matmul,mixed,0.005,constant_med,8,low,0.06289454379443417,APPROX-1,EXACT,9.267341107947723e-05,0.0,True,True
matmul,mixed,0.005,constant_med,9,low,0.06177786069364414,APPROX-1,EXACT,8.906306961367642e-05,0.0,True,True
matmul,mixed,0.005,constant_med,10,low,0.05544182294600681,APPROX-1,EXACT,8.51810614908583e-05,0.0,True,True
matmul,mixed,0.005,constant_med,11,high,24.5903100568598,EXACT,EXACT,0.0,0.0,True,True
matmul,mixed,0.005,constant_med,12,high,30.433836692932573,EXACT,EXACT,0.0,0.0,True,True
matmul,mixed,0.005,constant_med,13,low,0.04615175784526332,APPROX-1,EXACT,7.625018021862012e-05,0.0,True,True
matmul,mixed,0.005,constant_med,14,low,0.07720379776790608,APPROX-1,EXACT,9.120410201330032e-05,0.0,True,True
matmul,mixed,0.005,constant_med,15,low,0.05922259102191554,APPROX-1,EXACT,7.94805996669753e-05,0.0,True,True
matmul,mixed,0.005,constant_med,16,med,0.05897459933303598,APPROX-1,EXACT,8.028916488374815e-05,0.0,True,True
matmul,mixed,0.005,constant_med,17,high,39.66538426982643,EXACT,EXACT,0.0,0.0,True,True
matmul,mixed,0.005,constant_med,18,high,28.292850879362142,EXACT,EXACT,0.0,0.0,True,True
matmul,mixed,0.005,constant_med,19,low,0.060147252873541064,APPROX-1,EXACT,6.903319809345054e-05,0.0,True,True
matmul,mixed,0.005,constant_med,20,high,25.810178742180724,EXACT,EXACT,0.0,0.0,True,True
matmul,mixed,0.005,constant_med,21,low,0.07013601118039581,APPROX-1,EXACT,8.392474086189316e-05,0.0,True,True
matmul,mixed,0.005,constant_med,22,med,0.06275308477368434,APPROX-1,EXACT,7.673142643268436e-05,0.0,True,True
matmul,mixed,0.005,constant_med,23,low,0.05451061233385518,APPROX-1,EXACT,8.65311537451393e-05,0.0,True,True
matmul,mixed,0.005,constant_med,24,high,28.609683575261922,EXACT,EXACT,0.0,0.0,True,True
matmul,mixed,0.005,constant_med,25,low,0.05109739576510155,APPROX-1,EXACT,6.873600558218904e-05,0.0,True,True
matmul,mixed,0.005,constant_med,26,med,0.07456492246348224,APPROX-1,EXACT,7.877641408555719e-05,0.0,True,True
matmul,mixed,0.005,constant_med,27,med,0.05819170788968864,APPROX-1,EXACT,8.960540751090254e-05,0.0,True,True
matmul,mixed,0.005,constant_med,28,med,0.06631805529423458,APPROX-1,EXACT,7.92356354892813e-05,0.0,True,True
matmul,mixed,0.005,constant_med,29,med,0.05367192103213924,APPROX-1,EXACT,7.736194982985201e-05,0.0,True,True
matmul,mixed,0.005,constant_med,30,low,0.05502060308489208,APPROX-1,EXACT,8.370835101307784e-05,0.0,True,True
matmul,mixed,0.005,constant_med,31,low,0.058568489832259756,APPROX-1,EXACT,8.055505640000349e-05,0.0,True,True
matmul,mixed,0.01,oscillating,0,med,0.05124932117577006,APPROX-2,EXACT,0.0010853334673710758,0.0,True,True
matmul,mixed,0.01,oscillating,1,med,0.05845474130275183,APPROX-2,EXACT,0.001164136842530334,0.0,True,True
matmul,mixed,0.01,oscillating,2,low,0.07222031517516085,APPROX-2,EXACT,0.0011673189703146078,0.0,True,True
matmul,mixed,0.01,oscillating,3,low,0.06765820760617267,APPROX-2,EXACT,0.0012751547034691097,0.0,True,True
matmul,mixed,0.01,oscillating,4,high,34.809546803641815,EXACT,EXACT,0.0,0.0,True,True
matmul,mixed,0.01,oscillating,5,high,45.11649101827602,EXACT,EXACT,0.0,0.0,True,True
matmul,mixed,0.01,oscillating,6,high,19.523065093650043,EXACT,EXACT,0.0,0.0,True,True
matmul,mixed,0.01,oscillating,7,high,30.240984352508644,EXACT,EXACT,0.0,0.0,True,True
matmul,mixed,0.01,oscillating,8,low,0.06289454379443417,APPROX-2,EXACT,0.0010588328714365835,0.0,True,True
matmul,mixed,0.01,oscillating,9,low,0.06177786069364414,APPROX-2,EXACT,0.0010606721959106112,0.0,True,True
matmul,mixed,0.01,oscillating,10,low,0.05544182294600681,APPROX-1,EXACT,8.51810614908583e-05,0.0,True,True
matmul,mixed,0.01,oscillating,11,high,24.5903100568598,EXACT,EXACT,0.0,0.0,True,True
matmul,mixed,0.01,oscillating,12,high,30.433836692932573,EXACT,EXACT,0.0,0.0,True,True
matmul,mixed,0.01,oscillating,13,low,0.04615175784526332,APPROX-2,EXACT,0.0010715847278945571,0.0,True,True
matmul,mixed,0.01,oscillating,14,low,0.07720379776790608,APPROX-1,EXACT,9.120410201330032e-05,0.0,True,True
matmul,mixed,0.01,oscillating,15,low,0.05922259102191554,APPROX-1,EXACT,7.94805996669753e-05,0.0,True,True
matmul,mixed,0.01,oscillating,16,med,0.05897459933303598,APPROX-2,EXACT,0.001156167617927551,0.0,True,True
matmul,mixed,0.01,oscillating,17,high,39.66538426982643,EXACT,EXACT,0.0,0.0,True,True
matmul,mixed,0.01,oscillating,18,high,28.292850879362142,EXACT,EXACT,0.0,0.0,True,True
matmul,mixed,0.01,oscillating,19,low,0.060147252873541064,APPROX-3,EXACT,0.01228994716871355,0.0,False,True
matmul,mixed,0.01,oscillating,20,high,25.810178742180724,EXACT,EXACT,0.0,0.0,True,True
matmul,mixed,0.01,oscillating,21,low,0.07013601118039581,APPROX-2,EXACT,0.0011065453355254818,0.0,True,True
matmul,mixed,0.01,oscillating,22,med,0.06275308477368434,APPROX-2,EXACT,0.0013175147682722283,0.0,True,True
matmul,mixed,0.01,oscillating,23,low,0.05451061233385518,APPROX-2,EXACT,0.0010932640101767122,0.0,True,True
matmul,mixed,0.01,oscillating,24,high,28.609683575261922,EXACT,EXACT,0.0,0.0,True,True
matmul,mixed,0.01,oscillating,25,low,0.05109739576510155,APPROX-2,EXACT,0.0013567624321028798,0.0,True,True
matmul,mixed,0.01,oscillating,26,med,0.07456492246348224,APPROX-1,EXACT,7.877641408555719e-05,0.0,True,True
matmul,mixed,0.01,oscillating,27,med,0.05819170788968864,APPROX-1,EXACT,8.960540751090254e-05,0.0,True,True
matmul,mixed,0.01,oscillating,28,med,0.06631805529423458,APPROX-1,EXACT,7.92356354892813e-05,0.0,True,True
matmul,mixed,0.01,oscillating,29,med,0.05367192103213924,APPROX-1,EXACT,7.736194982985201e-05,0.0,True,True
matmul,mixed,0.01,oscillating,30,low,0.05502060308489208,APPROX-2,EXACT,0.0012354293708655892,0.0,True,True
matmul,mixed,0.01,oscillating,31,low,0.058568489832259756,APPROX-2,EXACT,0.001227713243833867,0.0,True,True
matmul,mixed,0.01,rising,0,med,0.05124932117577006,APPROX-1,EXACT,8.801395430948172e-05,0.0,True,True
matmul,mixed,0.01,rising,1,med,0.05845474130275183,APPROX-1,EXACT,8.029715577978933e-05,0.0,True,True
matmul,mixed,0.01,rising,2,low,0.07222031517516085,APPROX-1,EXACT,7.47971743511189e-05,0.0,True,True
matmul,mixed,0.01,rising,3,low,0.06765820760617267,APPROX-1,EXACT,7.840107108448405e-05,0.0,True,True
matmul,mixed,0.01,rising,4,high,34.809546803641815,EXACT,EXACT,0.0,0.0,True,True
matmul,mixed,0.01,rising,5,high,45.11649101827602,EXACT,EXACT,0.0,0.0,True,True
matmul,mixed,0.01,rising,6,high,19.523065093650043,EXACT,EXACT,0.0,0.0,True,True
matmul,mixed,0.01,rising,7,high,30.240984352508644,EXACT,EXACT,0.0,0.0,True,True
matmul,mixed,0.01,rising,8,low,0.06289454379443417,APPROX-1,EXACT,9.267341107947723e-05,0.0,True,True
matmul,mixed,0.01,rising,9,low,0.06177786069364414,APPROX-2,EXACT,0.0010606721959106112,0.0,True,True
matmul,mixed,0.01,rising,10,low,0.05544182294600681,APPROX-2,EXACT,0.0012312999262117628,0.0,True,True
matmul,mixed,0.01,rising,11,high,24.5903100568598,EXACT,EXACT,0.0,0.0,True,True
matmul,mixed,0.01,rising,12,high,30.433836692932573,EXACT,EXACT,0.0,0.0,True,True
matmul,mixed,0.01,rising,13,low,0.04615175784526332,APPROX-2,EXACT,0.0010715847278945571,0.0,True,True
matmul,mixed,0.01,rising,14,low,0.07720379776790608,APPROX-1,EXACT,9.120410201330032e-05,0.0,True,True
matmul,mixed,0.01,rising,15,low,0.05922259102191554,APPROX-2,EXACT,0.0011334644873904072,0.0,True,True
matmul,mixed,0.01,rising,16,med,0.05897459933303598,APPROX-2,EXACT,0.001156167617927551,0.0,True,True
matmul,mixed,0.01,rising,17,high,39.66538426982643,EXACT,EXACT,0.0,0.0,True,True
matmul,mixed,0.01,rising,18,high,28.292850879362142,EXACT,EXACT,0.0,0.0,True,True
matmul,mixed,0.01,rising,19,low,0.060147252873541064,APPROX-2,EXACT,0.0011336121461535782,0.0,True,True
matmul,mixed,0.01,rising,20,high,25.810178742180724,EXACT,EXACT,0.0,0.0,True,True
matmul,mixed,0.01,rising,21,low,0.07013601118039581,APPROX-2,EXACT,0.0011065453355254818,0.0,True,True
matmul,mixed,0.01,rising,22,med,0.06275308477368434,APPROX-2,EXACT,0.0013175147682722283,0.0,True,True
matmul,mixed,0.01,rising,23,low,0.05451061233385518,APPROX-2,EXACT,0.0010932640101767122,0.0,True,True
matmul,mixed,0.01,rising,24,high,28.609683575261922,EXACT,EXACT,0.0,0.0,True,True
matmul,mixed,0.01,rising,25,low,0.05109739576510155,APPROX-2,EXACT,0.0013567624321028798,0.0,True,True
matmul,mixed,0.01,rising,26,med,0.07456492246348224,APPROX-2,EXACT,0.001157327978721274,0.0,True,True
matmul,mixed,0.01,rising,27,med,0.05819170788968864,APPROX-2,EXACT,0.0013505898623118366,0.0,True,True
matmul,mixed,0.01,rising,28,med,0.06631805529423458,APPROX-2,EXACT,0.0012576207735282342,0.0,True,True
matmul,mixed,0.01,rising,29,med,0.05367192103213924,APPROX-2,EXACT,0.00120758763902846,0.0,True,True
matmul,mixed,0.01,rising,30,low,0.05502060308489208,APPROX-3,EXACT,0.011616682419824356,0.0,False,True
matmul,mixed,0.01,rising,31,low,0.058568489832259756,APPROX-2,EXACT,0.001227713243833867,0.0,True,True
matmul,mixed,0.01,constant_med,0,med,0.05124932117577006,APPROX-2,EXACT,0.0010853334673710758,0.0,True,True
matmul,mixed,0.01,constant_med,1,med,0.05845474130275183,APPROX-2,EXACT,0.001164136842530334,0.0,True,True
matmul,mixed,0.01,constant_med,2,low,0.07222031517516085,APPROX-2,EXACT,0.0011673189703146078,0.0,True,True
matmul,mixed,0.01,constant_med,3,low,0.06765820760617267,APPROX-2,EXACT,0.0012751547034691097,0.0,True,True
matmul,mixed,0.01,constant_med,4,high,34.809546803641815,EXACT,EXACT,0.0,0.0,True,True
matmul,mixed,0.01,constant_med,5,high,45.11649101827602,EXACT,EXACT,0.0,0.0,True,True
matmul,mixed,0.01,constant_med,6,high,19.523065093650043,EXACT,EXACT,0.0,0.0,True,True
matmul,mixed,0.01,constant_med,7,high,30.240984352508644,EXACT,EXACT,0.0,0.0,True,True
matmul,mixed,0.01,constant_med,8,low,0.06289454379443417,APPROX-2,EXACT,0.0010588328714365835,0.0,True,True
matmul,mixed,0.01,constant_med,9,low,0.06177786069364414,APPROX-2,EXACT,0.0010606721959106112,0.0,True,True
matmul,mixed,0.01,constant_med,10,low,0.05544182294600681,APPROX-2,EXACT,0.0012312999262117628,0.0,True,True
matmul,mixed,0.01,constant_med,11,high,24.5903100568598,EXACT,EXACT,0.0,0.0,True,True
matmul,mixed,0.01,constant_med,12,high,30.433836692932573,EXACT,EXACT,0.0,0.0,True,True
matmul,mixed,0.01,constant_med,13,low,0.04615175784526332,APPROX-2,EXACT,0.0010715847278945571,0.0,True,True
matmul,mixed,0.01,constant_med,14,low,0.07720379776790608,APPROX-2,EXACT,0.0011783696011534717,0.0,True,True
matmul,mixed,0.01,constant_med,15,low,0.05922259102191554,APPROX-2,EXACT,0.0011334644873904072,0.0,True,True
matmul,mixed,0.01,constant_med,16,med,0.05897459933303598,APPROX-2,EXACT,0.001156167617927551,0.0,True,True
matmul,mixed,0.01,constant_med,17,high,39.66538426982643,EXACT,EXACT,0.0,0.0,True,True
matmul,mixed,0.01,constant_med,18,high,28.292850879362142,EXACT,EXACT,0.0,0.0,True,True
matmul,mixed,0.01,constant_med,19,low,0.060147252873541064,APPROX-2,EXACT,0.0011336121461535782,0.0,True,True
matmul,mixed,0.01,constant_med,20,high,25.810178742180724,EXACT,EXACT,0.0,0.0,True,True
matmul,mixed,0.01,constant_med,21,low,0.07013601118039581,APPROX-2,EXACT,0.0011065453355254818,0.0,True,True
matmul,mixed,0.01,constant_med,22,med,0.06275308477368434,APPROX-2,EXACT,0.0013175147682722283,0.0,True,True
matmul,mixed,0.01,constant_med,23,low,0.05451061233385518,APPROX-2,EXACT,0.0010932640101767122,0.0,True,True
matmul,mixed,0.01,constant_med,24,high,28.609683575261922,EXACT,EXACT,0.0,0.0,True,True
matmul,mixed,0.01,constant_med,25,low,0.05109739576510155,APPROX-2,EXACT,0.0013567624321028798,0.0,True,True
matmul,mixed,0.01,constant_med,26,med,0.07456492246348224,APPROX-2,EXACT,0.001157327978721274,0.0,True,True
matmul,mixed,0.01,constant_med,27,med,0.05819170788968864,APPROX-2,EXACT,0.0013505898623118366,0.0,True,True
matmul,mixed,0.01,constant_med,28,med,0.06631805529423458,APPROX-2,EXACT,0.0012576207735282342,0.0,True,True
matmul,mixed,0.01,constant_med,29,med,0.05367192103213924,APPROX-2,EXACT,0.00120758763902846,0.0,True,True
matmul,mixed,0.01,constant_med,30,low,0.05502060308489208,APPROX-2,EXACT,0.0012354293708655892,0.0,True,True
matmul,mixed,0.01,constant_med,31,low,0.058568489832259756,APPROX-2,EXACT,0.001227713243833867,0.0,True,True
matmul,mixed,0.02,oscillating,0,med,0.05124932117577006,APPROX-2,EXACT,0.0010853334673710758,0.0,True,True
matmul,mixed,0.02,oscillating,1,med,0.05845474130275183,APPROX-2,APPROX-1,0.001164136842530334,8.029715577978933e-05,True,True
matmul,mixed,0.02,oscillating,2,low,0.07222031517516085,APPROX-2,APPROX-1,0.0011673189703146078,7.47971743511189e-05,True,True
matmul,mixed,0.02,oscillating,3,low,0.06765820760617267,APPROX-3,APPROX-1,0.010470584660066522,7.840107108448405e-05,True,True
matmul,mixed,0.02,oscillating,4,high,34.809546803641815,EXACT,APPROX-1,0.0,0.001568177437369713,True,True
matmul,mixed,0.02,oscillating,5,high,45.11649101827602,EXACT,APPROX-1,0.0,0.0017664499027000315,True,True
matmul,mixed,0.02,oscillating,6,high,19.523065093650043,EXACT,APPROX-1,0.0,0.0018960810640120456,True,True
matmul,mixed,0.02,oscillating,7,high,30.240984352508644,EXACT,APPROX-1,0.0,0.0015159319924862114,True,True
matmul,mixed,0.02,oscillating,8,low,0.06289454379443417,APPROX-2,EXACT,0.0010588328714365835,0.0,True,True
matmul,mixed,0.02,oscillating,9,low,0.06177786069364414,APPROX-2,EXACT,0.0010606721959106112,0.0,True,True
matmul,mixed,0.02,oscillating,10,low,0.05544182294600681,APPROX-2,EXACT,0.0012312999262117628,0.0,True,True
matmul,mixed,0.02,oscillating,11,high,24.5903100568598,EXACT,EXACT,0.0,0.0,True,True
matmul,mixed,0.02,oscillating,12,high,30.433836692932573,EXACT,EXACT,0.0,0.0,True,True
matmul,mixed,0.02,oscillating,13,low,0.04615175784526332,APPROX-2,EXACT,0.0010715847278945571,0.0,True,True
matmul,mixed,0.02,oscillating,14,low,0.07720379776790608,APPROX-2,EXACT,0.0011783696011534717,0.0,True,True
matmul,mixed,0.02,oscillating,15,low,0.05922259102191554,APPROX-2,EXACT,0.0011334644873904072,0.0,True,True
matmul,mixed,0.02,oscillating,16,med,0.05897459933303598,APPROX-2,EXACT,0.001156167617927551,0.0,True,True
matmul,mixed,0.02,oscillating,17,high,39.66538426982643,EXACT,APPROX-1,0.0,0.0015532590007150343,True,True
matmul,mixed,0.02,oscillating,18,high,28.292850879362142,EXACT,APPROX-1,0.0,0.0013597398073869015,True,True
matmul,mixed,0.02,oscillating,19,low,0.060147252873541064,APPROX-3,APPROX-1,0.01228994716871355,6.903319809345054e-05,True,True
matmul,mixed,0.02,oscillating,20,high,25.810178742180724,EXACT,APPROX-1,0.0,0.001675826167793905,True,True
matmul,mixed,0.02,oscillating,21,low,0.07013601118039581,APPROX-3,APPROX-1,0.010394147689287463,8.392474086189316e-05,True,True
matmul,mixed,0.02,oscillating,22,med,0.06275308477368434,APPROX-2,APPROX-1,0.0013175147682722283,7.673142643268436e-05,True,True
matmul,mixed,0.02,oscillating,23,low,0.05451061233385518,APPROX-2,EXACT,0.0010932640101767122,0.0,True,True
matmul,mixed,0.02,oscillating,24,high,28.609683575261922,EXACT,EXACT,0.0,0.0,True,True
matmul,mixed,0.02,oscillating,25,low,0.05109739576510155,APPROX-2,EXACT,0.0013567624321028798,0.0,True,True
matmul,mixed,0.02,oscillating,26,med,0.07456492246348224,APPROX-2,EXACT,0.001157327978721274,0.0,True,True
matmul,mixed,0.02,oscillating,27,med,0.05819170788968864,APPROX-2,EXACT,0.0013505898623118366,0.0,True,True
matmul,mixed,0.02,oscillating,28,med,0.06631805529423458,APPROX-2,EXACT,0.0012576207735282342,0.0,True,True
matmul,mixed,0.02,oscillating,29,med,0.05367192103213924,APPROX-2,EXACT,0.00120758763902846,0.0,True,True
matmul,mixed,0.02,oscillating,30,low,0.05502060308489208,APPROX-2,EXACT,0.0012354293708655892,0.0,True,True
matmul,mixed,0.02,oscillating,31,low,0.058568489832259756,APPROX-2,EXACT,0.001227713243833867,0.0,True,True
matmul,mixed,0.02,rising,0,med,0.05124932117577006,APPROX-2,EXACT,0.0010853334673710758,0.0,True,True
matmul,mixed,0.02,rising,1,med,0.05845474130275183,APPROX-2,EXACT,0.001164136842530334,0.0,True,True
matmul,mixed,0.02,rising,2,low,0.07222031517516085,APPROX-2,EXACT,0.0011673189703146078,0.0,True,True
matmul,mixed,0.02,rising,3,low,0.06765820760617267,APPROX-2,EXACT,0.0012751547034691097,0.0,True,True
matmul,mixed,0.02,rising,4,high,34.809546803641815,EXACT,EXACT,0.0,0.0,True,True
matmul,mixed,0.02,rising,5,high,45.11649101827602,EXACT,EXACT,0.0,0.0,True,True
matmul,mixed,0.02,rising,6,high,19.523065093650043,EXACT,EXACT,0.0,0.0,True,True
matmul,mixed,0.02,rising,7,high,30.240984352508644,EXACT,EXACT,0.0,0.0,True,True
matmul,mixed,0.02,rising,8,low,0.06289454379443417,APPROX-2,EXACT,0.0010588328714365835,0.0,True,True
matmul,mixed,0.02,rising,9,low,0.06177786069364414,APPROX-2,EXACT,0.0010606721959106112,0.0,True,True
matmul,mixed,0.02,rising,10,low,0.05544182294600681,APPROX-2,EXACT,0.0012312999262117628,0.0,True,True
matmul,mixed,0.02,rising,11,high,24.5903100568598,EXACT,EXACT,0.0,0.0,True,True
matmul,mixed,0.02,rising,12,high,30.433836692932573,EXACT,EXACT,0.0,0.0,True,True
matmul,mixed,0.02,rising,13,low,0.04615175784526332,APPROX-2,EXACT,0.0010715847278945571,0.0,True,True
matmul,mixed,0.02,rising,14,low,0.07720379776790608,APPROX-2,EXACT,0.0011783696011534717,0.0,True,True
matmul,mixed,0.02,rising,15,low,0.05922259102191554,APPROX-2,EXACT,0.0011334644873904072,0.0,True,True
matmul,mixed,0.02,rising,16,med,0.05897459933303598,APPROX-2,EXACT,0.001156167617927551,0.0,True,True
matmul,mixed,0.02,rising,17,high,39.66538426982643,EXACT,EXACT,0.0,0.0,True,True
matmul,mixed,0.02,rising,18,high,28.292850879362142,EXACT,EXACT,0.0,0.0,True,True
matmul,mixed,0.02,rising,19,low,0.060147252873541064,APPROX-2,EXACT,0.0011336121461535782,0.0,True,True
matmul,mixed,0.02,rising,20,high,25.810178742180724,EXACT,EXACT,0.0,0.0,True,True
matmul,mixed,0.02,rising,21,low,0.07013601118039581,APPROX-2,EXACT,0.0011065453355254818,0.0,True,True
matmul,mixed,0.02,rising,22,med,0.06275308477368434,APPROX-2,EXACT,0.0013175147682722283,0.0,True,True
matmul,mixed,0.02,rising,23,low,0.05451061233385518,APPROX-2,APPROX-1,0.0010932640101767122,8.65311537451393e-05,True,True
matmul,mixed,0.02,rising,24,high,28.609683575261922,EXACT,APPROX-1,0.0,0.0017094162481032624,True,True
matmul,mixed,0.02,rising,25,low,0.05109739576510155,APPROX-2,APPROX-1,0.0013567624321028798,6.873600558218904e-05,True,True
matmul,mixed,0.02,rising,26,med,0.07456492246348224,APPROX-2,APPROX-1,0.001157327978721274,7.877641408555719e-05,True,True
matmul,mixed,0.02,rising,27,med,0.05819170788968864,APPROX-2,APPROX-1,0.0013505898623118366,8.960540751090254e-05,True,True
matmul,mixed,0.02,rising,28,med,0.06631805529423458,APPROX-2,APPROX-1,0.0012576207735282342,7.92356354892813e-05,True,True
matmul,mixed,0.02,rising,29,med,0.05367192103213924,APPROX-3,APPROX-1,0.004895811170395671,7.736194982985201e-05,True,True
matmul,mixed,0.02,rising,30,low,0.05502060308489208,APPROX-3,APPROX-1,0.011616682419824356,8.370835101307784e-05,True,True
matmul,mixed,0.02,rising,31,low,0.058568489832259756,APPROX-3,APPROX-1,0.009522878580321997,8.055505640000349e-05,True,True
matmul,mixed,0.02,constant_med,0,med,0.05124932117577006,APPROX-2,EXACT,0.0010853334673710758,0.0,True,True
matmul,mixed,0.02,constant_med,1,med,0.05845474130275183,APPROX-2,EXACT,0.001164136842530334,0.0,True,True
matmul,mixed,0.02,constant_med,2,low,0.07222031517516085,APPROX-2,EXACT,0.0011673189703146078,0.0,True,True
matmul,mixed,0.02,constant_med,3,low,0.06765820760617267,APPROX-2,EXACT,0.0012751547034691097,0.0,True,True
matmul,mixed,0.02,constant_med,4,high,34.809546803641815,EXACT,EXACT,0.0,0.0,True,True
matmul,mixed,0.02,constant_med,5,high,45.11649101827602,EXACT,EXACT,0.0,0.0,True,True
matmul,mixed,0.02,constant_med,6,high,19.523065093650043,EXACT,EXACT,0.0,0.0,True,True
matmul,mixed,0.02,constant_med,7,high,30.240984352508644,EXACT,EXACT,0.0,0.0,True,True
matmul,mixed,0.02,constant_med,8,low,0.06289454379443417,APPROX-2,EXACT,0.0010588328714365835,0.0,True,True
matmul,mixed,0.02,constant_med,9,low,0.06177786069364414,APPROX-2,EXACT,0.0010606721959106112,0.0,True,True
matmul,mixed,0.02,constant_med,10,low,0.05544182294600681,APPROX-2,EXACT,0.0012312999262117628,0.0,True,True
matmul,mixed,0.02,constant_med,11,high,24.5903100568598,EXACT,EXACT,0.0,0.0,True,True
matmul,mixed,0.02,constant_med,12,high,30.433836692932573,EXACT,EXACT,0.0,0.0,True,True
matmul,mixed,0.02,constant_med,13,low,0.04615175784526332,APPROX-2,EXACT,0.0010715847278945571,0.0,True,True
matmul,mixed,0.02,constant_med,14,low,0.07720379776790608,APPROX-2,EXACT,0.0011783696011534717,0.0,True,True
matmul,mixed,0.02,constant_med,15,low,0.05922259102191554,APPROX-2,EXACT,0.0011334644873904072,0.0,True,True
matmul,mixed,0.02,constant_med,16,med,0.05897459933303598,APPROX-2,EXACT,0.001156167617927551,0.0,True,True
matmul,mixed,0.02,constant_med,17,high,39.66538426982643,EXACT,EXACT,0.0,0.0,True,True
matmul,mixed,0.02,constant_med,18,high,28.292850879362142,EXACT,EXACT,0.0,0.0,True,True
matmul,mixed,0.02,constant_med,19,low,0.060147252873541064,APPROX-2,EXACT,0.0011336121461535782,0.0,True,True
matmul,mixed,0.02,constant_med,20,high,25.810178742180724,EXACT,EXACT,0.0,0.0,True,True
matmul,mixed,0.02,constant_med,21,low,0.07013601118039581,APPROX-2,EXACT,0.0011065453355254818,0.0,True,True
matmul,mixed,0.02,constant_med,22,med,0.06275308477368434,APPROX-2,EXACT,0.0013175147682722283,0.0,True,True
matmul,mixed,0.02,constant_med,23,low,0.05451061233385518,APPROX-2,EXACT,0.0010932640101767122,0.0,True,True
matmul,mixed,0.02,constant_med,24,high,28.609683575261922,EXACT,EXACT,0.0,0.0,True,True
matmul,mixed,0.02,constant_med,25,low,0.05109739576510155,APPROX-2,EXACT,0.0013567624321028798,0.0,True,True
matmul,mixed,0.02,constant_med,26,med,0.07456492246348224,APPROX-2,EXACT,0.001157327978721274,0.0,True,True
matmul,mixed,0.02,constant_med,27,med,0.05819170788968864,APPROX-2,EXACT,0.0013505898623118366,0.0,True,True
matmul,mixed,0.02,constant_med,28,med,0.06631805529423458,APPROX-2,EXACT,0.0012576207735282342,0.0,True,True
matmul,mixed,0.02,constant_med,29,med,0.05367192103213924,APPROX-2,EXACT,0.00120758763902846,0.0,True,True
matmul,mixed,0.02,constant_med,30,low,0.05502060308489208,APPROX-2,EXACT,0.0012354293708655892,0.0,True,True
matmul,mixed,0.02,constant_med,31,low,0.058568489832259756,APPROX-2,EXACT,0.001227713243833867,0.0,True,True
matmul,mixed,0.05,oscillating,0,med,0.05124932117577006,APPROX-2,APPROX-1,0.0010853334673710758,8.801395430948172e-05,True,True
matmul,mixed,0.05,oscillating,1,med,0.05845474130275183,APPROX-3,APPROX-1,0.004763095168605844,8.029715577978933e-05,True,True
matmul,mixed,0.05,oscillating,2,low,0.07222031517516085,APPROX-3,APPROX-1,0.01150528521255014,7.47971743511189e-05,True,True
matmul,mixed,0.05,oscillating,3,low,0.06765820760617267,APPROX-3,APPROX-1,0.010470584660066522,7.840107108448405e-05,True,True
matmul,mixed,0.05,oscillating,4,high,34.809546803641815,APPROX-1,APPROX-1,0.001568177437369713,0.001568177437369713,True,True
matmul,mixed,0.05,oscillating,5,high,45.11649101827602,EXACT,APPROX-1,0.0,0.0017664499027000315,True,True
matmul,mixed,0.05,oscillating,6,high,19.523065093650043,APPROX-1,APPROX-1,0.0018960810640120456,0.0018960810640120456,True,True
matmul,mixed,0.05,oscillating,7,high,30.240984352508644,EXACT,APPROX-1,0.0,0.0015159319924862114,True,True
matmul,mixed,0.05,oscillating,8,low,0.06289454379443417,APPROX-2,APPROX-1,0.0010588328714365835,9.267341107947723e-05,True,True
matmul,mixed,0.05,oscillating,9,low,0.06177786069364414,APPROX-2,APPROX-1,0.0010606721959106112,8.906306961367642e-05,True,True
matmul,mixed,0.05,oscillating,10,low,0.05544182294600681,APPROX-2,EXACT,0.0012312999262117628,0.0,True,True
matmul,mixed,0.05,oscillating,11,high,24.5903100568598,EXACT,EXACT,0.0,0.0,True,True
matmul,mixed,0.05,oscillating,12,high,30.433836692932573,EXACT,EXACT,0.0,0.0,True,True
matmul,mixed,0.05,oscillating,13,low,0.04615175784526332,APPROX-2,EXACT,0.0010715847278945571,0.0,True,True
matmul,mixed,0.05,oscillating,14,low,0.07720379776790608,APPROX-2,EXACT,0.0011783696011534717,0.0,True,True
matmul,mixed,0.05,oscillating,15,low,0.05922259102191554,APPROX-2,APPROX-1,0.0011334644873904072,7.94805996669753e-05,True,True
matmul,mixed,0.05,oscillating,16,med,0.05897459933303598,APPROX-2,APPROX-1,0.001156167617927551,8.028916488374815e-05,True,True
matmul,mixed,0.05,oscillating,17,high,39.66538426982643,EXACT,APPROX-1,0.0,0.0015532590007150343,True,True
matmul,mixed,0.05,oscillating,18,high,28.292850879362142,APPROX-1,APPROX-1,0.0013597398073869015,0.0013597398073869015,True,True
matmul,mixed,0.05,oscillating,19,low,0.060147252873541064,APPROX-3,APPROX-1,0.01228994716871355,6.903319809345054e-05,True,True
matmul,mixed,0.05,oscillating,20,high,25.810178742180724,APPROX-1,APPROX-1,0.001675826167793905,0.001675826167793905,True,True
matmul,mixed,0.05,oscillating,21,low,0.07013601118039581,APPROX-3,APPROX-1,0.010394147689287463,8.392474086189316e-05,True,True
matmul,mixed,0.05,oscillating,22,med,0.06275308477368434,APPROX-3,APPROX-1,0.004769870450622304,7.673142643268436e-05,True,True
matmul,mixed,0.05,oscillating,23,low,0.05451061233385518,APPROX-3,APPROX-1,0.009371998989116656,8.65311537451393e-05,True,True
matmul,mixed,0.05,oscillating,24,high,28.609683575261922,EXACT,APPROX-1,0.0,0.0017094162481032624,True,True
matmul,mixed,0.05,oscillating,25,low,0.05109739576510155,APPROX-2,APPROX-1,0.0013567624321028798,6.873600558218904e-05,True,True
matmul,mixed,0.05,oscillating,26,med,0.07456492246348224,APPROX-2,EXACT,0.001157327978721274,0.0,True,True
matmul,mixed,0.05,oscillating,27,med,0.05819170788968864,APPROX-2,EXACT,0.0013505898623118366,0.0,True,True
matmul,mixed,0.05,oscillating,28,med,0.06631805529423458,APPROX-2,EXACT,0.0012576207735282342,0.0,True,True
matmul,mixed,0.05,oscillating,29,med,0.05367192103213924,APPROX-2,EXACT,0.00120758763902846,0.0,True,True
matmul,mixed,0.05,oscillating,30,low,0.05502060308489208,APPROX-2,APPROX-1,0.0012354293708655892,8.370835101307784e-05,True,True
matmul,mixed,0.05,oscillating,31,low,0.058568489832259756,APPROX-2,APPROX-1,0.001227713243833867,8.055505640000349e-05,True,True
matmul,mixed,0.05,rising,0,med,0.05124932117577006,APPROX-2,EXACT,0.0010853334673710758,0.0,True,True
matmul,mixed,0.05,rising,1,med,0.05845474130275183,APPROX-2,EXACT,0.001164136842530334,0.0,True,True
matmul,mixed,0.05,rising,2,low,0.07222031517516085,APPROX-2,EXACT,0.0011673189703146078,0.0,True,True
matmul,mixed,0.05,rising,3,low,0.06765820760617267,APPROX-2,EXACT,0.0012751547034691097,0.0,True,True
matmul,mixed,0.05,rising,4,high,34.809546803641815,EXACT,APPROX-1,0.0,0.001568177437369713,True,True
matmul,mixed,0.05,rising,5,high,45.11649101827602,EXACT,APPROX-1,0.0,0.0017664499027000315,True,True
matmul,mixed,0.05,rising,6,high,19.523065093650043,EXACT,APPROX-1,0.0,0.0018960810640120456,True,True
matmul,mixed,0.05,rising,7,high,30.240984352508644,EXACT,APPROX-1,0.0,0.0015159319924862114,True,True
matmul,mixed,0.05,rising,8,low,0.06289454379443417,APPROX-2,APPROX-1,0.0010588328714365835,9.267341107947723e-05,True,True
matmul,mixed,0.05,rising,9,low,0.06177786069364414,APPROX-2,APPROX-1,0.0010606721959106112,8.906306961367642e-05,True,True
matmul,mixed,0.05,rising,10,low,0.05544182294600681,APPROX-2,APPROX-1,0.0012312999262117628,8.51810614908583e-05,True,True
matmul,mixed,0.05,rising,11,high,24.5903100568598,EXACT,APPROX-1,0.0,0.0013984369474776721,True,True
matmul,mixed,0.05,rising,12,high,30.433836692932573,EXACT,APPROX-1,0.0,0.0014332063960986853,True,True
matmul,mixed,0.05,rising,13,low,0.04615175784526332,APPROX-2,APPROX-1,0.0010715847278945571,7.625018021862012e-05,True,True
matmul,mixed,0.05,rising,14,low,0.07720379776790608,APPROX-2,APPROX-1,0.0011783696011534717,9.120410201330032e-05,True,True
matmul,mixed,0.05,rising,15,low,0.05922259102191554,APPROX-2,APPROX-1,0.0011334644873904072,7.94805996669753e-05,True,True
matmul,mixed,0.05,rising,16,med,0.05897459933303598,APPROX-2,APPROX-1,0.001156167617927551,8.028916488374815e-05,True,True
matmul,mixed,0.05,rising,17,high,39.66538426982643,EXACT,APPROX-1,0.0,0.0015532590007150343,True,True
matmul,mixed,0.05,rising,18,high,28.292850879362142,EXACT,APPROX-1,0.0,0.0013597398073869015,True,True
matmul,mixed,0.05,rising,19,low,0.060147252873541064,APPROX-3,APPROX-1,0.01228994716871355,6.903319809345054e-05,True,True
matmul,mixed,0.05,rising,20,high,25.810178742180724,EXACT,APPROX-1,0.0,0.001675826167793905,True,True
matmul,mixed,0.05,rising,21,low,0.07013601118039581,APPROX-2,APPROX-1,0.0011065453355254818,8.392474086189316e-05,True,True
matmul,mixed,0.05,rising,22,med,0.06275308477368434,APPROX-3,APPROX-1,0.004769870450622304,7.673142643268436e-05,True,True
matmul,mixed,0.05,rising,23,low,0.05451061233385518,APPROX-3,APPROX-1,0.009371998989116656,8.65311537451393e-05,True,True
matmul,mixed,0.05,rising,24,high,28.609683575261922,EXACT,APPROX-1,0.0,0.0017094162481032624,True,True
matmul,mixed,0.05,rising,25,low,0.05109739576510155,APPROX-3,APPROX-1,0.009548611945748594,6.873600558218904e-05,True,True
matmul,mixed,0.05,rising,26,med,0.07456492246348224,APPROX-3,APPROX-1,0.004396459162572871,7.877641408555719e-05,True,True
matmul,mixed,0.05,rising,27,med,0.05819170788968864,APPROX-3,APPROX-1,0.005280837053999122,8.960540751090254e-05,True,True
matmul,mixed,0.05,rising,28,med,0.06631805529423458,APPROX-3,APPROX-1,0.004560248929439922,7.92356354892813e-05,True,True
matmul,mixed,0.05,rising,29,med,0.05367192103213924,APPROX-3,APPROX-1,0.004895811170395671,7.736194982985201e-05,True,True
matmul,mixed,0.05,rising,30,low,0.05502060308489208,APPROX-3,APPROX-1,0.011616682419824356,8.370835101307784e-05,True,True
matmul,mixed,0.05,rising,31,low,0.058568489832259756,APPROX-3,APPROX-1,0.009522878580321997,8.055505640000349e-05,True,True
matmul,mixed,0.05,constant_med,0,med,0.05124932117577006,APPROX-2,APPROX-1,0.0010853334673710758,8.801395430948172e-05,True,True
matmul,mixed,0.05,constant_med,1,med,0.05845474130275183,APPROX-2,APPROX-1,0.001164136842530334,8.029715577978933e-05,True,True
matmul,mixed,0.05,constant_med,2,low,0.07222031517516085,APPROX-2,APPROX-1,0.0011673189703146078,7.47971743511189e-05,True,True
matmul,mixed,0.05,constant_med,3,low,0.06765820760617267,APPROX-2,APPROX-1,0.0012751547034691097,7.840107108448405e-05,True,True
matmul,mixed,0.05,constant_med,4,high,34.809546803641815,EXACT,APPROX-1,0.0,0.001568177437369713,True,True
matmul,mixed,0.05,constant_med,5,high,45.11649101827602,EXACT,APPROX-1,0.0,0.0017664499027000315,True,True
matmul,mixed,0.05,constant_med,6,high,19.523065093650043,EXACT,APPROX-1,0.0,0.0018960810640120456,True,True
matmul,mixed,0.05,constant_med,7,high,30.240984352508644,EXACT,APPROX-1,0.0,0.0015159319924862114,True,True
matmul,mixed,0.05,constant_med,8,low,0.06289454379443417,APPROX-2,APPROX-1,0.0010588328714365835,9.267341107947723e-05,True,True
matmul,mixed,0.05,constant_med,9,low,0.06177786069364414,APPROX-2,APPROX-1,0.0010606721959106112,8.906306961367642e-05,True,True
matmul,mixed,0.05,constant_med,10,low,0.05544182294600681,APPROX-2,APPROX-1,0.0012312999262117628,8.51810614908583e-05,True,True
matmul,mixed,0.05,constant_med,11,high,24.5903100568598,EXACT,APPROX-1,0.0,0.0013984369474776721,True,True
matmul,mixed,0.05,constant_med,12,high,30.433836692932573,EXACT,APPROX-1,0.0,0.0014332063960986853,True,True
matmul,mixed,0.05,constant_med,13,low,0.04615175784526332,APPROX-2,APPROX-1,0.0010715847278945571,7.625018021862012e-05,True,True
matmul,mixed,0.05,constant_med,14,low,0.07720379776790608,APPROX-2,APPROX-1,0.0011783696011534717,9.120410201330032e-05,True,True
matmul,mixed,0.05,constant_med,15,low,0.05922259102191554,APPROX-2,APPROX-1,0.0011334644873904072,7.94805996669753e-05,True,True
matmul,mixed,0.05,constant_med,16,med,0.05897459933303598,APPROX-2,APPROX-1,0.001156167617927551,8.028916488374815e-05,True,True
matmul,mixed,0.05,constant_med,17,high,39.66538426982643,EXACT,APPROX-1,0.0,0.0015532590007150343,True,True
matmul,mixed,0.05,constant_med,18,high,28.292850879362142,EXACT,APPROX-1,0.0,0.0013597398073869015,True,True
matmul,mixed,0.05,constant_med,19,low,0.060147252873541064,APPROX-2,APPROX-1,0.0011336121461535782,6.903319809345054e-05,True,True
matmul,mixed,0.05,constant_med,20,high,25.810178742180724,EXACT,APPROX-1,0.0,0.001675826167793905,True,True
matmul,mixed,0.05,constant_med,21,low,0.07013601118039581,APPROX-2,APPROX-1,0.0011065453355254818,8.392474086189316e-05,True,True
matmul,mixed,0.05,constant_med,22,med,0.06275308477368434,APPROX-2,APPROX-1,0.0013175147682722283,7.673142643268436e-05,True,True
matmul,mixed,0.05,constant_med,23,low,0.05451061233385518,APPROX-2,APPROX-1,0.0010932640101767122,8.65311537451393e-05,True,True
matmul,mixed,0.05,constant_med,24,high,28.609683575261922,EXACT,APPROX-1,0.0,0.0017094162481032624,True,True
matmul,mixed,0.05,constant_med,25,low,0.05109739576510155,APPROX-2,APPROX-1,0.0013567624321028798,6.873600558218904e-05,True,True
matmul,mixed,0.05,constant_med,26,med,0.07456492246348224,APPROX-2,APPROX-1,0.001157327978721274,7.877641408555719e-05,True,True
matmul,mixed,0.05,constant_med,27,med,0.05819170788968864,APPROX-2,APPROX-1,0.0013505898623118366,8.960540751090254e-05,True,True
matmul,mixed,0.05,constant_med,28,med,0.06631805529423458,APPROX-2,APPROX-1,0.0012576207735282342,7.92356354892813e-05,True,True
matmul,mixed,0.05,constant_med,29,med,0.05367192103213924,APPROX-2,APPROX-1,0.00120758763902846,7.736194982985201e-05,True,True
matmul,mixed,0.05,constant_med,30,low,0.05502060308489208,APPROX-2,APPROX-1,0.0012354293708655892,8.370835101307784e-05,True,True
matmul,mixed,0.05,constant_med,31,low,0.058568489832259756,APPROX-2,APPROX-1,0.001227713243833867,8.055505640000349e-05,True,True
matmul,mixed,0.1,oscillating,0,med,0.05124932117577006,APPROX-3,APPROX-1,0.004335737408275496,8.801395430948172e-05,True,True
matmul,mixed,0.1,oscillating,1,med,0.05845474130275183,APPROX-3,APPROX-1,0.004763095168605844,8.029715577978933e-05,True,True
matmul,mixed,0.1,oscillating,2,low,0.07222031517516085,APPROX-3,APPROX-1,0.01150528521255014,7.47971743511189e-05,True,True
matmul,mixed,0.1,oscillating,3,low,0.06765820760617267,APPROX-3,APPROX-1,0.010470584660066522,7.840107108448405e-05,True,True
matmul,mixed,0.1,oscillating,4,high,34.809546803641815,APPROX-1,APPROX-1,0.001568177437369713,0.001568177437369713,True,True
matmul,mixed,0.1,oscillating,5,high,45.11649101827602,APPROX-1,APPROX-1,0.0017664499027000315,0.0017664499027000315,True,True
matmul,mixed,0.1,oscillating,6,high,19.523065093650043,APPROX-1,APPROX-1,0.0018960810640120456,0.0018960810640120456,True,True
matmul,mixed,0.1,oscillating,7,high,30.240984352508644,APPROX-1,APPROX-1,0.0015159319924862114,0.0015159319924862114,True,True
matmul,mixed,0.1,oscillating,8,low,0.06289454379443417,APPROX-3,APPROX-1,0.010616535836145195,9.267341107947723e-05,True,True
matmul,mixed,0.1,oscillating,9,low,0.06177786069364414,APPROX-3,APPROX-1,0.012565175396736733,8.906306961367642e-05,True,True
matmul,mixed,0.1,oscillating,10,low,0.05544182294600681,APPROX-2,APPROX-1,0.0012312999262117628,8.51810614908583e-05,True,True
matmul,mixed,0.1,oscillating,11,high,24.5903100568598,EXACT,APPROX-1,0.0,0.0013984369474776721,True,True
matmul,mixed,0.1,oscillating,12,high,30.433836692932573,EXACT,APPROX-1,0.0,0.0014332063960986853,True,True
matmul,mixed,0.1,oscillating,13,low,0.04615175784526332,APPROX-3,APPROX-1,0.010194701144647787,7.625018021862012e-05,True,True
matmul,mixed,0.1,oscillating,14,low,0.07720379776790608,APPROX-2,APPROX-1,0.0011783696011534717,9.120410201330032e-05,True,True
matmul,mixed,0.1,oscillating,15,low,0.05922259102191554,APPROX-2,APPROX-1,0.0011334644873904072,7.94805996669753e-05,True,True
matmul,mixed,0.1,oscillating,16,med,0.05897459933303598,APPROX-3,APPROX-1,0.004231044757829712,8.028916488374815e-05,True,True
matmul,mixed,0.1,oscillating,17,high,39.66538426982643,APPROX-1,APPROX-1,0.0015532590007150343,0.0015532590007150343,True,True
matmul,mixed,0.1,oscillating,18,high,28.292850879362142,APPROX-1,APPROX-1,0.0013597398073869015,0.0013597398073869015,True,True
matmul,mixed,0.1,oscillating,19,low,0.060147252873541064,APPROX-3,APPROX-1,0.01228994716871355,6.903319809345054e-05,True,True
matmul,mixed,0.1,oscillating,20,high,25.810178742180724,APPROX-1,APPROX-1,0.001675826167793905,0.001675826167793905,True,True
matmul,mixed,0.1,oscillating,21,low,0.07013601118039581,APPROX-3,APPROX-1,0.010394147689287463,8.392474086189316e-05,True,True
matmul,mixed,0.1,oscillating,22,med,0.06275308477368434,APPROX-3,APPROX-1,0.004769870450622304,7.673142643268436e-05,True,True
matmul,mixed,0.1,oscillating,23,low,0.05451061233385518,APPROX-3,APPROX-1,0.009371998989116656,8.65311537451393e-05,True,True
matmul,mixed,0.1,oscillating,24,high,28.609683575261922,APPROX-1,APPROX-1,0.0017094162481032624,0.0017094162481032624,True,True
matmul,mixed,0.1,oscillating,25,low,0.05109739576510155,APPROX-3,APPROX-1,0.009548611945748594,6.873600558218904e-05,True,True
matmul,mixed,0.1,oscillating,26,med,0.07456492246348224,APPROX-2,APPROX-1,0.001157327978721274,7.877641408555719e-05,True,True
matmul,mixed,0.1,oscillating,27,med,0.05819170788968864,APPROX-2,APPROX-1,0.0013505898623118366,8.960540751090254e-05,True,True
matmul,mixed,0.1,oscillating,28,med,0.06631805529423458,APPROX-2,APPROX-1,0.0012576207735282342,7.92356354892813e-05,True,True
matmul,mixed,0.1,oscillating,29,med,0.05367192103213924,APPROX-2,APPROX-1,0.00120758763902846,7.736194982985201e-05,True,True
matmul,mixed,0.1,oscillating,30,low,0.05502060308489208,APPROX-3,APPROX-1,0.011616682419824356,8.370835101307784e-05,True,True
matmul,mixed,0.1,oscillating,31,low,0.058568489832259756,APPROX-3,APPROX-1,0.009522878580321997,8.055505640000349e-05,True,True
matmul,mixed,0.1,rising,0,med,0.05124932117577006,APPROX-3,APPROX-1,0.004335737408275496,8.801395430948172e-05,True,True
matmul,mixed,0.1,rising,1,med,0.05845474130275183,APPROX-2,APPROX-1,0.001164136842530334,8.029715577978933e-05,True,True
matmul,mixed,0.1,rising,2,low,0.07222031517516085,APPROX-2,APPROX-1,0.0011673189703146078,7.47971743511189e-05,True,True
matmul,mixed,0.1,rising,3,low,0.06765820760617267,APPROX-2,APPROX-1,0.0012751547034691097,7.840107108448405e-05,True,True
matmul,mixed,0.1,rising,4,high,34.809546803641815,EXACT,APPROX-1,0.0,0.001568177437369713,True,True
matmul,mixed,0.1,rising,5,high,45.11649101827602,EXACT,APPROX-1,0.0,0.0017664499027000315,True,True
matmul,mixed,0.1,rising,6,high,19.523065093650043,APPROX-1,APPROX-1,0.0018960810640120456,0.0018960810640120456,True,True
matmul,mixed,0.1,rising,7,high,30.240984352508644,EXACT,APPROX-1,0.0,0.0015159319924862114,True,True
matmul,mixed,0.1,rising,8,low,0.06289454379443417,APPROX-2,APPROX-1,0.0010588328714365835,9.267341107947723e-05,True,True
matmul,mixed,0.1,rising,9,low,0.06177786069364414,APPROX-3,APPROX-1,0.012565175396736733,8.906306961367642e-05,True,True
matmul,mixed,0.1,rising,10,low,0.05544182294600681,APPROX-3,APPROX-1,0.010163984490630903,8.51810614908583e-05,True,True
matmul,mixed,0.1,rising,11,high,24.5903100568598,APPROX-1,APPROX-1,0.0013984369474776721,0.0013984369474776721,True,True
matmul,mixed,0.1,rising,12,high,30.433836692932573,EXACT,APPROX-1,0.0,0.0014332063960986853,True,True
matmul,mixed,0.1,rising,13,low,0.04615175784526332,APPROX-3,APPROX-1,0.010194701144647787,7.625018021862012e-05,True,True
matmul,mixed,0.1,rising,14,low,0.07720379776790608,APPROX-2,APPROX-1,0.0011783696011534717,9.120410201330032e-05,True,True
matmul,mixed,0.1,rising,15,low,0.05922259102191554,APPROX-3,APPROX-1,0.008796738094136397,7.94805996669753e-05,True,True
matmul,mixed,0.1,rising,16,med,0.05897459933303598,APPROX-3,APPROX-1,0.004231044757829712,8.028916488374815e-05,True,True
matmul,mixed,0.1,rising,17,high,39.66538426982643,EXACT,APPROX-1,0.0,0.0015532590007150343,True,True
matmul,mixed,0.1,rising,18,high,28.292850879362142,APPROX-1,APPROX-1,0.0013597398073869015,0.0013597398073869015,True,True
matmul,mixed,0.1,rising,19,low,0.060147252873541064,APPROX-3,APPROX-1,0.01228994716871355,6.903319809345054e-05,True,True
matmul,mixed,0.1,rising,20,high,25.810178742180724,APPROX-1,APPROX-1,0.001675826167793905,0.001675826167793905,True,True
matmul,mixed,0.1,rising,21,low,0.07013601118039581,APPROX-3,APPROX-1,0.010394147689287463,8.392474086189316e-05,True,True
matmul,mixed,0.1,rising,22,med,0.06275308477368434,APPROX-3,APPROX-1,0.004769870450622304,7.673142643268436e-05,True,True
matmul,mixed,0.1,rising,23,low,0.05451061233385518,APPROX-3,APPROX-1,0.009371998989116656,8.65311537451393e-05,True,True
matmul,mixed,0.1,rising,24,high,28.609683575261922,APPROX-1,APPROX-1,0.0017094162481032624,0.0017094162481032624,True,True
matmul,mixed,0.1,rising,25,low,0.05109739576510155,APPROX-3,APPROX-1,0.009548611945748594,6.873600558218904e-05,True,True
matmul,mixed,0.1,rising,26,med,0.07456492246348224,APPROX-3,APPROX-1,0.004396459162572871,7.877641408555719e-05,True,True
matmul,mixed,0.1,rising,27,med,0.05819170788968864,APPROX-3,APPROX-1,0.005280837053999122,8.960540751090254e-05,True,True
matmul,mixed,0.1,rising,28,med,0.06631805529423458,APPROX-3,APPROX-1,0.004560248929439922,7.92356354892813e-05,True,True
matmul,mixed,0.1,rising,29,med,0.05367192103213924,APPROX-3,APPROX-1,0.004895811170395671,7.736194982985201e-05,True,True
matmul,mixed,0.1,rising,30,low,0.05502060308489208,APPROX-3,APPROX-1,0.011616682419824356,8.370835101307784e-05,True,True
matmul,mixed,0.1,rising,31,low,0.058568489832259756,APPROX-3,APPROX-1,0.009522878580321997,8.055505640000349e-05,True,True
matmul,mixed,0.1,constant_med,0,med,0.05124932117577006,APPROX-3,APPROX-1,0.004335737408275496,8.801395430948172e-05,True,True
matmul,mixed,0.1,constant_med,1,med,0.05845474130275183,APPROX-3,APPROX-1,0.004763095168605844,8.029715577978933e-05,True,True
matmul,mixed,0.1,constant_med,2,low,0.07222031517516085,APPROX-3,APPROX-1,0.01150528521255014,7.47971743511189e-05,True,True
matmul,mixed,0.1,constant_med,3,low,0.06765820760617267,APPROX-3,APPROX-1,0.010470584660066522,7.840107108448405e-05,True,True
matmul,mixed,0.1,constant_med,4,high,34.809546803641815,EXACT,APPROX-1,0.0,0.001568177437369713,True,True
matmul,mixed,0.1,constant_med,5,high,45.11649101827602,EXACT,APPROX-1,0.0,0.0017664499027000315,True,True
matmul,mixed,0.1,constant_med,6,high,19.523065093650043,APPROX-1,APPROX-1,0.0018960810640120456,0.0018960810640120456,True,True
matmul,mixed,0.1,constant_med,7,high,30.240984352508644,APPROX-1,APPROX-1,0.0015159319924862114,0.0015159319924862114,True,True
matmul,mixed,0.1,constant_med,8,low,0.06289454379443417,APPROX-3,APPROX-1,0.010616535836145195,9.267341107947723e-05,True,True
matmul,mixed,0.1,constant_med,9,low,0.06177786069364414,APPROX-3,APPROX-1,0.012565175396736733,8.906306961367642e-05,True,True
matmul,mixed,0.1,constant_med,10,low,0.05544182294600681,APPROX-3,APPROX-1,0.010163984490630903,8.51810614908583e-05,True,True
matmul,mixed,0.1,constant_med,11,high,24.5903100568598,APPROX-1,APPROX-1,0.0013984369474776721,0.0013984369474776721,True,True
matmul,mixed,0.1,constant_med,12,high,30.433836692932573,APPROX-1,APPROX-1,0.0014332063960986853,0.0014332063960986853,True,True
matmul,mixed,0.1,constant_med,13,low,0.04615175784526332,APPROX-3,APPROX-1,0.010194701144647787,7.625018021862012e-05,True,True
matmul,mixed,0.1,constant_med,14,low,0.07720379776790608,APPROX-3,APPROX-1,0.010600769984533995,9.120410201330032e-05,True,True
matmul,mixed,0.1,constant_med,15,low,0.05922259102191554,APPROX-3,APPROX-1,0.008796738094136397,7.94805996669753e-05,True,True
matmul,mixed,0.1,constant_med,16,med,0.05897459933303598,APPROX-3,APPROX-1,0.004231044757829712,8.028916488374815e-05,True,True
matmul,mixed,0.1,constant_med,17,high,39.66538426982643,EXACT,APPROX-1,0.0,0.0015532590007150343,True,True
matmul,mixed,0.1,constant_med,18,high,28.292850879362142,APPROX-1,APPROX-1,0.0013597398073869015,0.0013597398073869015,True,True
matmul,mixed,0.1,constant_med,19,low,0.060147252873541064,APPROX-3,APPROX-1,0.01228994716871355,6.903319809345054e-05,True,True
matmul,mixed,0.1,constant_med,20,high,25.810178742180724,APPROX-1,APPROX-1,0.001675826167793905,0.001675826167793905,True,True
matmul,mixed,0.1,constant_med,21,low,0.07013601118039581,APPROX-3,APPROX-1,0.010394147689287463,8.392474086189316e-05,True,True
matmul,mixed,0.1,constant_med,22,med,0.06275308477368434,APPROX-3,APPROX-1,0.004769870450622304,7.673142643268436e-05,True,True
matmul,mixed,0.1,constant_med,23,low,0.05451061233385518,APPROX-3,APPROX-1,0.009371998989116656,8.65311537451393e-05,True,True
matmul,mixed,0.1,constant_med,24,high,28.609683575261922,APPROX-1,APPROX-1,0.0017094162481032624,0.0017094162481032624,True,True
matmul,mixed,0.1,constant_med,25,low,0.05109739576510155,APPROX-3,APPROX-1,0.009548611945748594,6.873600558218904e-05,True,True
matmul,mixed,0.1,constant_med,26,med,0.07456492246348224,APPROX-3,APPROX-1,0.004396459162572871,7.877641408555719e-05,True,True
matmul,mixed,0.1,constant_med,27,med,0.05819170788968864,APPROX-3,APPROX-1,0.005280837053999122,8.960540751090254e-05,True,True
matmul,mixed,0.1,constant_med,28,med,0.06631805529423458,APPROX-3,APPROX-1,0.004560248929439922,7.92356354892813e-05,True,True
matmul,mixed,0.1,constant_med,29,med,0.05367192103213924,APPROX-3,APPROX-1,0.004895811170395671,7.736194982985201e-05,True,True
matmul,mixed,0.1,constant_med,30,low,0.05502060308489208,APPROX-3,APPROX-1,0.011616682419824356,8.370835101307784e-05,True,True
matmul,mixed,0.1,constant_med,31,low,0.058568489832259756,APPROX-3,APPROX-1,0.009522878580321997,8.055505640000349e-05,True,True
matmul,high,0.005,oscillating,0,high,30.383056524224415,EXACT,EXACT,0.0,0.0,True,True
matmul,high,0.005,oscillating,1,high,24.89340193515072,EXACT,EXACT,0.0,0.0,True,True
matmul,high,0.005,oscillating,2,low,0.06765820760617267,APPROX-2,EXACT,0.0012751547034691097,0.0,True,True
matmul,high,0.005,oscillating,3,med,0.0673886856527362,APPROX-2,EXACT,0.0013300268181392191,0.0,True,True
matmul,high,0.005,oscillating,4,high,33.14071528714303,EXACT,EXACT,0.0,0.0,True,True
matmul,high,0.005,oscillating,5,high,27.722451235511496,EXACT,EXACT,0.0,0.0,True,True
matmul,high,0.005,oscillating,6,high,30.78760346795333,EXACT,EXACT,0.0,0.0,True,True
matmul,high,0.005,oscillating,7,high,26.276095217089654,EXACT,EXACT,0.0,0.0,True,True
matmul,high,0.005,oscillating,8,med,0.049212304528695,APPROX-1,EXACT,9.60972104794067e-05,0.0,True,True
matmul,high,0.005,oscillating,9,med,0.044518152053640306,APPROX-1,EXACT,7.84967246128454e-05,0.0,True,True
matmul,high,0.005,oscillating,10,med,0.07178831398897899,APPROX-1,EXACT,7.181214867223595e-05,0.0,True,True
matmul,high,0.005,oscillating,11,high,21.700900910827457,EXACT,EXACT,0.0,0.0,True,True
matmul,high,0.005,oscillating,12,high,24.5903100568598,EXACT,EXACT,0.0,0.0,True,True
matmul,high,0.005,oscillating,13,low,0.0550757476590671,APPROX-1,EXACT,9.336050089361246e-05,0.0,True,True
matmul,high,0.005,oscillating,14,med,0.062090655548530334,APPROX-1,EXACT,8.609860412067779e-05,0.0,True,True
matmul,high,0.005,oscillating,15,low,0.06858197383621777,APPROX-1,EXACT,8.723426719051772e-05,0.0,True,True
matmul,high,0.005,oscillating,16,high,28.40994413526092,EXACT,EXACT,0.0,0.0,True,True
matmul,high,0.005,oscillating,17,high,36.120558436646746,EXACT,EXACT,0.0,0.0,True,True
matmul,high,0.005,oscillating,18,high,39.66538426982643,EXACT,EXACT,0.0,0.0,True,True
matmul,high,0.005,oscillating,19,med,0.0511860684504534,APPROX-3,EXACT,0.0045914386214575414,0.0,True,True
matmul,high,0.005,oscillating,20,high,30.671329299689475,EXACT,EXACT,0.0,0.0,True,True
matmul,high,0.005,oscillating,21,med,0.06339169088353186,APPROX-2,EXACT,0.0012105825210138967,0.0,True,True
matmul,high,0.005,oscillating,22,high,25.810178742180724,EXACT,EXACT,0.0,0.0,True,True
matmul,high,0.005,oscillating,23,med,0.06150337668173555,APPROX-2,EXACT,0.001326741753556902,0.0,True,True
matmul,high,0.005,oscillating,24,high,28.233108523502256,EXACT,EXACT,0.0,0.0,True,True
matmul,high,0.005,oscillating,25,med,0.05831355561231896,APPROX-1,EXACT,7.665228736790643e-05,0.0,True,True
matmul,high,0.005,oscillating,26,high,56.58540170707984,EXACT,EXACT,0.0,0.0,True,True
matmul,high,0.005,oscillating,27,high,16.56728827505451,EXACT,EXACT,0.0,0.0,True,True
matmul,high,0.005,oscillating,28,high,28.46849996684576,EXACT,EXACT,0.0,0.0,True,True
matmul,high,0.005,oscillating,29,high,37.650276982746675,EXACT,EXACT,0.0,0.0,True,True
matmul,high,0.005,oscillating,30,med,0.05367192103213924,APPROX-1,EXACT,7.736194982985201e-05,0.0,True,True
matmul,high,0.005,oscillating,31,med,0.07347721760487441,APPROX-1,EXACT,8.658683844761692e-05,0.0,True,True
matmul,high,0.005,rising,0,high,30.383056524224415,EXACT,EXACT,0.0,0.0,True,True
matmul,high,0.005,rising,1,high,24.89340193515072,EXACT,EXACT,0.0,0.0,True,True
matmul,high,0.005,rising,2,low,0.06765820760617267,APPROX-1,EXACT,7.840107108448405e-05,0.0,True,True
matmul,high,0.005,rising,3,med,0.0673886856527362,APPROX-1,EXACT,7.885390710265059e-05,0.0,True,True
matmul,high,0.005,rising,4,high,33.14071528714303,EXACT,EXACT,0.0,0.0,True,True
matmul,high,0.005,rising,5,high,27.722451235511496,EXACT,EXACT,0.0,0.0,True,True
matmul,high,0.005,rising,6,high,30.78760346795333,EXACT,EXACT,0.0,0.0,True,True
matmul,high,0.005,rising,7,high,26.276095217089654,EXACT,EXACT,0.0,0.0,True,True
matmul,high,0.005,rising,8,med,0.049212304528695,APPROX-1,EXACT,9.60972104794067e-05,0.0,True,True
matmul,high,0.005,rising,9,med,0.044518152053640306,APPROX-1,EXACT,7.84967246128454e-05,0.0,True,True
matmul,high,0.005,rising,10,med,0.07178831398897899,APPROX-1,EXACT,7.181214867223595e-05,0.0,True,True
matmul,high,0.005,rising,11,high,21.700900910827457,EXACT,EXACT,0.0,0.0,True,True
matmul,high,0.005,rising,12,high,24.5903100568598,EXACT,EXACT,0.0,0.0,True,True
matmul,high,0.005,rising,13,low,0.0550757476590671,APPROX-1,EXACT,9.336050089361246e-05,0.0,True,True
matmul,high,0.005,rising,14,med,0.062090655548530334,APPROX-1,EXACT,8.609860412067779e-05,0.0,True,True
matmul,high,0.005,rising,15,low,0.06858197383621777,APPROX-1,EXACT,8.723426719051772e-05,0.0,True,True
matmul,high,0.005,rising,16,high,28.40994413526092,EXACT,EXACT,0.0,0.0,True,True
matmul,high,0.005,rising,17,high,36.120558436646746,EXACT,EXACT,0.0,0.0,True,True
matmul,high,0.005,rising,18,high,39.66538426982643,EXACT,EXACT,0.0,0.0,True,True
matmul,high,0.005,rising,19,med,0.0511860684504534,APPROX-2,EXACT,0.0011002299379115294,0.0,True,True
matmul,high,0.005,rising,20,high,30.671329299689475,EXACT,EXACT,0.0,0.0,True,True
matmul,high,0.005,rising,21,med,0.06339169088353186,APPROX-1,EXACT,7.755391359979214e-05,0.0,True,True
matmul,high,0.005,rising,22,high,25.810178742180724,EXACT,EXACT,0.0,0.0,True,True
matmul,high,0.005,rising,23,med,0.06150337668173555,APPROX-2,EXACT,0.001326741753556902,0.0,True,True
matmul,high,0.005,rising,24,high,28.233108523502256,EXACT,EXACT,0.0,0.0,True,True
matmul,high,0.005,rising,25,med,0.05831355561231896,APPROX-2,EXACT,0.0011253733282729711,0.0,True,True
matmul,high,0.005,rising,26,high,56.58540170707984,EXACT,EXACT,0.0,0.0,True,True
matmul,high,0.005,rising,27,high,16.56728827505451,EXACT,EXACT,0.0,0.0,True,True
matmul,high,0.005,rising,28,high,28.46849996684576,EXACT,EXACT,0.0,0.0,True,True
matmul,high,0.005,rising,29,high,37.650276982746675,EXACT,EXACT,0.0,0.0,True,True
matmul,high,0.005,rising,30,med,0.05367192103213924,APPROX-3,EXACT,0.004895811170395671,0.0,True,True
matmul,high,0.005,rising,31,med,0.07347721760487441,APPROX-2,EXACT,0.0010771225102483607,0.0,True,True
matmul,high,0.005,constant_med,0,high,30.383056524224415,EXACT,EXACT,0.0,0.0,True,True
matmul,high,0.005,constant_med,1,high,24.89340193515072,EXACT,EXACT,0.0,0.0,True,True
matmul,high,0.005,constant_med,2,low,0.06765820760617267,APPROX-1,EXACT,7.840107108448405e-05,0.0,True,True
matmul,high,0.005,constant_med,3,med,0.0673886856527362,APPROX-1,EXACT,7.885390710265059e-05,0.0,True,True
matmul,high,0.005,constant_med,4,high,33.14071528714303,EXACT,EXACT,0.0,0.0,True,True
matmul,high,0.005,constant_med,5,high,27.722451235511496,EXACT,EXACT,0.0,0.0,True,True
matmul,high,0.005,constant_med,6,high,30.78760346795333,EXACT,EXACT,0.0,0.0,True,True
matmul,high,0.005,constant_med,7,high,26.276095217089654,EXACT,EXACT,0.0,0.0,True,True
matmul,high,0.005,constant_med,8,med,0.049212304528695,APPROX-1,EXACT,9.60972104794067e-05,0.0,True,True
matmul,high,0.005,constant_med,9,med,0.044518152053640306,APPROX-1,EXACT,7.84967246128454e-05,0.0,True,True
matmul,high,0.005,constant_med,10,med,0.07178831398897899,APPROX-1,EXACT,7.181214867223595e-05,0.0,True,True
matmul,high,0.005,constant_med,11,high,21.700900910827457,EXACT,EXACT,0.0,0.0,True,True
matmul,high,0.005,constant_med,12,high,24.5903100568598,EXACT,EXACT,0.0,0.0,True,True
matmul,high,0.005,constant_med,13,low,0.0550757476590671,APPROX-1,EXACT,9.336050089361246e-05,0.0,True,True
matmul,high,0.005,constant_med,14,med,0.062090655548530334,APPROX-1,EXACT,8.609860412067779e-05,0.0,True,True
matmul,high,0.005,constant_med,15,low,0.06858197383621777,APPROX-1,EXACT,8.723426719051772e-05,0.0,True,True
matmul,high,0.005,constant_med,16,high,28.40994413526092,EXACT,EXACT,0.0,0.0,True,True
matmul,high,0.005,constant_med,17,high,36.120558436646746,EXACT,EXACT,0.0,0.0,True,True
matmul,high,0.005,constant_med,18,high,39.66538426982643,EXACT,EXACT,0.0,0.0,True,True
matmul,high,0.005,constant_med,19,med,0.0511860684504534,APPROX-1,EXACT,7.026526295424214e-05,0.0,True,True
matmul,high,0.005,constant_med,20,high,30.671329299689475,EXACT,EXACT,0.0,0.0,True,True
matmul,high,0.005,constant_med,21,med,0.06339169088353186,APPROX-1,EXACT,7.755391359979214e-05,0.0,True,True
matmul,high,0.005,constant_med,22,high,25.810178742180724,EXACT,EXACT,0.0,0.0,True,True
matmul,high,0.005,constant_med,23,med,0.06150337668173555,APPROX-1,EXACT,7.579220846257586e-05,0.0,True,True
matmul,high,0.005,constant_med,24,high,28.233108523502256,EXACT,EXACT,0.0,0.0,True,True
matmul,high,0.005,constant_med,25,med,0.05831355561231896,APPROX-1,EXACT,7.665228736790643e-05,0.0,True,True
matmul,high,0.005,constant_med,26,high,56.58540170707984,EXACT,EXACT,0.0,0.0,True,True
matmul,high,0.005,constant_med,27,high,16.56728827505451,EXACT,EXACT,0.0,0.0,True,True
matmul,high,0.005,constant_med,28,high,28.46849996684576,EXACT,EXACT,0.0,0.0,True,True
matmul,high,0.005,constant_med,29,high,37.650276982746675,EXACT,EXACT,0.0,0.0,True,True
matmul,high,0.005,constant_med,30,med,0.05367192103213924,APPROX-1,EXACT,7.736194982985201e-05,0.0,True,True
matmul,high,0.005,constant_med,31,med,0.07347721760487441,APPROX-1,EXACT,8.658683844761692e-05,0.0,True,True
matmul,high,0.01,oscillating,0,high,30.383056524224415,EXACT,EXACT,0.0,0.0,True,True
matmul,high,0.01,oscillating,1,high,24.89340193515072,EXACT,EXACT,0.0,0.0,True,True
matmul,high,0.01,oscillating,2,low,0.06765820760617267,APPROX-2,EXACT,0.0012751547034691097,0.0,True,True
matmul,high,0.01,oscillating,3,med,0.0673886856527362,APPROX-2,EXACT,0.0013300268181392191,0.0,True,True
matmul,high,0.01,oscillating,4,high,33.14071528714303,EXACT,EXACT,0.0,0.0,True,True
matmul,high,0.01,oscillating,5,high,27.722451235511496,EXACT,EXACT,0.0,0.0,True,True
matmul,high,0.01,oscillating,6,high,30.78760346795333,EXACT,EXACT,0.0,0.0,True,True
matmul,high,0.01,oscillating,7,high,26.276095217089654,EXACT,EXACT,0.0,0.0,True,True
matmul,high,0.01,oscillating,8,med,0.049212304528695,APPROX-2,EXACT,0.0012591644782816995,0.0,True,True
matmul,high,0.01,oscillating,9,med,0.044518152053640306,APPROX-2,EXACT,0.0011561456696928664,0.0,True,True
matmul,high,0.01,oscillating,10,med,0.07178831398897899,APPROX-1,EXACT,7.181214867223595e-05,0.0,True,True
matmul,high,0.01,oscillating,11,high,21.700900910827457,EXACT,EXACT,0.0,0.0,True,True
matmul,high,0.01,oscillating,12,high,24.5903100568598,EXACT,EXACT,0.0,0.0,True,True
matmul,high,0.01,oscillating,13,low,0.0550757476590671,APPROX-1,EXACT,9.336050089361246e-05,0.0,True,True
matmul,high,0.01,oscillating,14,med,0.062090655548530334,APPROX-1,EXACT,8.609860412067779e-05,0.0,True,True
matmul,high,0.01,oscillating,15,low,0.06858197383621777,APPROX-1,EXACT,8.723426719051772e-05,0.0,True,True
matmul,high,0.01,oscillating,16,high,28.40994413526092,EXACT,EXACT,0.0,0.0,True,True
matmul,high,0.01,oscillating,17,high,36.120558436646746,EXACT,EXACT,0.0,0.0,True,True
matmul,high,0.01,oscillating,18,high,39.66538426982643,EXACT,EXACT,0.0,0.0,True,True
matmul,high,0.01,oscillating,19,med,0.0511860684504534,APPROX-3,EXACT,0.0045914386214575414,0.0,True,True
matmul,high,0.01,oscillating,20,high,30.671329299689475,EXACT,EXACT,0.0,0.0,True,True
matmul,high,0.01,oscillating,21,med,0.06339169088353186,APPROX-2,EXACT,0.0012105825210138967,0.0,True,True
matmul,high,0.01,oscillating,22,high,25.810178742180724,EXACT,EXACT,0.0,0.0,True,True
matmul,high,0.01,oscillating,23,med,0.06150337668173555,APPROX-2,EXACT,0.001326741753556902,0.0,True,True
matmul,high,0.01,oscillating,24,high,28.233108523502256,EXACT,EXACT,0.0,0.0,True,True
matmul,high,0.01,oscillating,25,med,0.05831355561231896,APPROX-2,EXACT,0.0011253733282729711,0.0,True,True
matmul,high,0.01,oscillating,26,high,56.58540170707984,EXACT,EXACT,0.0,0.0,True,True
matmul,high,0.01,oscillating,27,high,16.56728827505451,EXACT,EXACT,0.0,0.0,True,True
matmul,high,0.01,oscillating,28,high,28.46849996684576,EXACT,EXACT,0.0,0.0,True,True
matmul,high,0.01,oscillating,29,high,37.650276982746675,EXACT,EXACT,0.0,0.0,True,True
matmul,high,0.01,oscillating,30,med,0.05367192103213924,APPROX-2,EXACT,0.00120758763902846,0.0,True,True
matmul,high,0.01,oscillating,31,med,0.07347721760487441,APPROX-1,EXACT,8.658683844761692e-05,0.0,True,True
matmul,high,0.01,rising,0,high,30.383056524224415,EXACT,EXACT,0.0,0.0,True,True
matmul,high,0.01,rising,1,high,24.89340193515072,EXACT,EXACT,0.0,0.0,True,True
matmul,high,0.01,rising,2,low,0.06765820760617267,APPROX-1,EXACT,7.840107108448405e-05,0.0,True,True
matmul,high,0.01,rising,3,med,0.0673886856527362,APPROX-1,EXACT,7.885390710265059e-05,0.0,True,True
matmul,high,0.01,rising,4,high,33.14071528714303,EXACT,EXACT,0.0,0.0,True,True
matmul,high,0.01,rising,5,high,27.722451235511496,EXACT,EXACT,0.0,0.0,True,True
matmul,high,0.01,rising,6,high,30.78760346795333,EXACT,EXACT,0.0,0.0,True,True
matmul,high,0.01,rising,7,high,26.276095217089654,EXACT,EXACT,0.0,0.0,True,True
matmul,high,0.01,rising,8,med,0.049212304528695,APPROX-2,EXACT,0.0012591644782816995,0.0,True,True
matmul,high,0.01,rising,9,med,0.044518152053640306,APPROX-2,EXACT,0.0011561456696928664,0.0,True,True
matmul,high,0.01,rising,10,med,0.07178831398897899,APPROX-1,EXACT,7.181214867223595e-05,0.0,True,True
matmul,high,0.01,rising,11,high,21.700900910827457,EXACT,EXACT,0.0,0.0,True,True
matmul,high,0.01,rising,12,high,24.5903100568598,EXACT,EXACT,0.0,0.0,True,True
matmul,high,0.01,rising,13,low,0.0550757476590671,APPROX-2,EXACT,0.0011101710207003896,0.0,True,True
matmul,high,0.01,rising,14,med,0.062090655548530334,APPROX-2,EXACT,0.0010859193340047293,0.0,True,True
matmul,high,0.01,rising,15,low,0.06858197383621777,APPROX-2,EXACT,0.0011109589750483843,0.0,True,True
matmul,high,0.01,rising,16,high,28.40994413526092,EXACT,EXACT,0.0,0.0,True,True
matmul,high,0.01,rising,17,high,36.120558436646746,EXACT,EXACT,0.0,0.0,True,True
matmul,high,0.01,rising,18,high,39.66538426982643,EXACT,EXACT,0.0,0.0,True,True
matmul,high,0.01,rising,19,med,0.0511860684504534,APPROX-2,EXACT,0.0011002299379115294,0.0,True,True
matmul,high,0.01,rising,20,high,30.671329299689475,EXACT,EXACT,0.0,0.0,True,True
matmul,high,0.01,rising,21,med,0.06339169088353186,APPROX-2,EXACT,0.0012105825210138967,0.0,True,True
matmul,high,0.01,rising,22,high,25.810178742180724,EXACT,EXACT,0.0,0.0,True,True
matmul,high,0.01,rising,23,med,0.06150337668173555,APPROX-2,EXACT,0.001326741753556902,0.0,True,True
matmul,high,0.01,rising,24,high,28.233108523502256,EXACT,EXACT,0.0,0.0,True,True
matmul,high,0.01,rising,25,med,0.05831355561231896,APPROX-2,EXACT,0.0011253733282729711,0.0,True,True
matmul,high,0.01,rising,26,high,56.58540170707984,EXACT,EXACT,0.0,0.0,True,True
matmul,high,0.01,rising,27,high,16.56728827505451,EXACT,EXACT,0.0,0.0,True,True
matmul,high,0.01,rising,28,high,28.46849996684576,EXACT,EXACT,0.0,0.0,True,True
matmul,high,0.01,rising,29,high,37.650276982746675,EXACT,EXACT,0.0,0.0,True,True
matmul,high,0.01,rising,30,med,0.05367192103213924,APPROX-3,EXACT,0.004895811170395671,0.0,True,True
matmul,high,0.01,rising,31,med,0.07347721760487441,APPROX-2,EXACT,0.0010771225102483607,0.0,True,True
matmul,high,0.01,constant_med,0,high,30.383056524224415,EXACT,EXACT,0.0,0.0,True,True
matmul,high,0.01,constant_med,1,high,24.89340193515072,EXACT,EXACT,0.0,0.0,True,True
matmul,high,0.01,constant_med,2,low,0.06765820760617267,APPROX-2,EXACT,0.0012751547034691097,0.0,True,True
matmul,high,0.01,constant_med,3,med,0.0673886856527362,APPROX-2,EXACT,0.0013300268181392191,0.0,True,True
matmul,high,0.01,constant_med,4,high,33.14071528714303,EXACT,EXACT,0.0,0.0,True,True
matmul,high,0.01,constant_med,5,high,27.722451235511496,EXACT,EXACT,0.0,0.0,True,True
matmul,high,0.01,constant_med,6,high,30.78760346795333,EXACT,EXACT,0.0,0.0,True,True
matmul,high,0.01,constant_med,7,high,26.276095217089654,EXACT,EXACT,0.0,0.0,True,True
matmul,high,0.01,constant_med,8,med,0.049212304528695,APPROX-2,EXACT,0.0012591644782816995,0.0,True,True
matmul,high,0.01,constant_med,9,med,0.044518152053640306,APPROX-2,EXACT,0.0011561456696928664,0.0,True,True
matmul,high,0.01,constant_med,10,med,0.07178831398897899,APPROX-2,EXACT,0.001368785573751503,0.0,True,True
matmul,high,0.01,constant_med,11,high,21.700900910827457,EXACT,EXACT,0.0,0.0,True,True
matmul,high,0.01,constant_med,12,high,24.5903100568598,EXACT,EXACT,0.0,0.0,True,True
matmul,high,0.01,constant_med,13,low,0.0550757476590671,APPROX-2,EXACT,0.0011101710207003896,0.0,True,True
matmul,high,0.01,constant_med,14,med,0.062090655548530334,APPROX-2,EXACT,0.0010859193340047293,0.0,True,True
matmul,high,0.01,constant_med,15,low,0.06858197383621777,APPROX-2,EXACT,0.0011109589750483843,0.0,True,True
matmul,high,0.01,constant_med,16,high,28.40994413526092,EXACT,EXACT,0.0,0.0,True,True
matmul,high,0.01,constant_med,17,high,36.120558436646746,EXACT,EXACT,0.0,0.0,True,True
matmul,high,0.01,constant_med,18,high,39.66538426982643,EXACT,EXACT,0.0,0.0,True,True
matmul,high,0.01,constant_med,19,med,0.0511860684504534,APPROX-2,EXACT,0.0011002299379115294,0.0,True,True
matmul,high,0.01,constant_med,20,high,30.671329299689475,EXACT,EXACT,0.0,0.0,True,True
matmul,high,0.01,constant_med,21,med,0.06339169088353186,APPROX-2,EXACT,0.0012105825210138967,0.0,True,True
matmul,high,0.01,constant_med,22,high,25.810178742180724,EXACT,EXACT,0.0,0.0,True,True
matmul,high,0.01,constant_med,23,med,0.06150337668173555,APPROX-2,EXACT,0.001326741753556902,0.0,True,True
matmul,high,0.01,constant_med,24,high,28.233108523502256,EXACT,EXACT,0.0,0.0,True,True
matmul,high,0.01,constant_med,25,med,0.05831355561231896,APPROX-2,EXACT,0.0011253733282729711,0.0,True,True
matmul,high,0.01,constant_med,26,high,56.58540170707984,EXACT,EXACT,0.0,0.0,True,True
matmul,high,0.01,constant_med,27,high,16.56728827505451,EXACT,EXACT,0.0,0.0,True,True
matmul,high,0.01,constant_med,28,high,28.46849996684576,EXACT,EXACT,0.0,0.0,True,True
matmul,high,0.01,constant_med,29,high,37.650276982746675,EXACT,EXACT,0.0,0.0,True,True
matmul,high,0.01,constant_med,30,med,0.05367192103213924,APPROX-2,EXACT,0.00120758763902846,0.0,True,True
matmul,high,0.01,constant_med,31,med,0.07347721760487441,APPROX-2,EXACT,0.0010771225102483607,0.0,True,True
matmul,high,0.02,oscillating,0,high,30.383056524224415,EXACT,EXACT,0.0,0.0,True,True
matmul,high,0.02,oscillating,1,high,24.89340193515072,EXACT,EXACT,0.0,0.0,True,True
matmul,high,0.02,oscillating,2,low,0.06765820760617267,APPROX-2,EXACT,0.0012751547034691097,0.0,True,True
matmul,high,0.02,oscillating,3,med,0.0673886856527362,APPROX-3,EXACT,0.004300363652689789,0.0,True,True
matmul,high,0.02,oscillating,4,high,33.14071528714303,EXACT,EXACT,0.0,0.0,True,True
matmul,high,0.02,oscillating,5,high,27.722451235511496,EXACT,EXACT,0.0,0.0,True,True
matmul,high,0.02,oscillating,6,high,30.78760346795333,EXACT,EXACT,0.0,0.0,True,True
matmul,high,0.02,oscillating,7,high,26.276095217089654,EXACT,EXACT,0.0,0.0,True,True
matmul,high,0.02,oscillating,8,med,0.049212304528695,APPROX-2,EXACT,0.0012591644782816995,0.0,True,True
matmul,high,0.02,oscillating,9,med,0.044518152053640306,APPROX-2,EXACT,0.0011561456696928664,0.0,True,True
matmul,high,0.02,oscillating,10,med,0.07178831398897899,APPROX-2,EXACT,0.001368785573751503,0.0,True,True
matmul,high,0.02,oscillating,11,high,21.700900910827457,EXACT,EXACT,0.0,0.0,True,True
matmul,high,0.02,oscillating,12,high,24.5903100568598,EXACT,EXACT,0.0,0.0,True,True
matmul,high,0.02,oscillating,13,low,0.0550757476590671,APPROX-2,EXACT,0.0011101710207003896,0.0,True,True
matmul,high,0.02,oscillating,14,med,0.062090655548530334,APPROX-2,EXACT,0.0010859193340047293,0.0,True,True
matmul,high,0.02,oscillating,15,low,0.06858197383621777,APPROX-2,EXACT,0.0011109589750483843,0.0,True,True
matmul,high,0.02,oscillating,16,high,28.40994413526092,EXACT,EXACT,0.0,0.0,True,True
matmul,high,0.02,oscillating,17,high,36.120558436646746,EXACT,EXACT,0.0,0.0,True,True
matmul,high,0.02,oscillating,18,high,39.66538426982643,EXACT,EXACT,0.0,0.0,True,True
matmul,high,0.02,oscillating,19,med,0.0511860684504534,APPROX-3,EXACT,0.0045914386214575414,0.0,True,True
matmul,high,0.02,oscillating,20,high,30.671329299689475,EXACT,EXACT,0.0,0.0,True,True
matmul,high,0.02,oscillating,21,med,0.06339169088353186,APPROX-3,EXACT,0.004348337108777979,0.0,True,True
matmul,high,0.02,oscillating,22,high,25.810178742180724,EXACT,EXACT,0.0,0.0,True,True
matmul,high,0.02,oscillating,23,med,0.06150337668173555,APPROX-2,EXACT,0.001326741753556902,0.0,True,True
matmul,high,0.02,oscillating,24,high,28.233108523502256,EXACT,EXACT,0.0,0.0,True,True
matmul,high,0.02,oscillating,25,med,0.05831355561231896,APPROX-2,EXACT,0.0011253733282729711,0.0,True,True
matmul,high,0.02,oscillating,26,high,56.58540170707984,EXACT,EXACT,0.0,0.0,True,True
matmul,high,0.02,oscillating,27,high,16.56728827505451,EXACT,EXACT,0.0,0.0,True,True
matmul,high,0.02,oscillating,28,high,28.46849996684576,EXACT,EXACT,0.0,0.0,True,True
matmul,high,0.02,oscillating,29,high,37.650276982746675,EXACT,EXACT,0.0,0.0,True,True
matmul,high,0.02,oscillating,30,med,0.05367192103213924,APPROX-2,EXACT,0.00120758763902846,0.0,True,True
matmul,high,0.02,oscillating,31,med,0.07347721760487441,APPROX-2,EXACT,0.0010771225102483607,0.0,True,True
matmul,high,0.02,rising,0,high,30.383056524224415,EXACT,EXACT,0.0,0.0,True,True
matmul,high,0.02,rising,1,high,24.89340193515072,EXACT,EXACT,0.0,0.0,True,True
matmul,high,0.02,rising,2,low,0.06765820760617267,APPROX-2,EXACT,0.0012751547034691097,0.0,True,True
matmul,high,0.02,rising,3,med,0.0673886856527362,APPROX-2,EXACT,0.0013300268181392191,0.0,True,True
matmul,high,0.02,rising,4,high,33.14071528714303,EXACT,EXACT,0.0,0.0,True,True
matmul,high,0.02,rising,5,high,27.722451235511496,EXACT,EXACT,0.0,0.0,True,True
matmul,high,0.02,rising,6,high,30.78760346795333,EXACT,EXACT,0.0,0.0,True,True
matmul,high,0.02,rising,7,high,26.276095217089654,EXACT,EXACT,0.0,0.0,True,True
matmul,high,0.02,rising,8,med,0.049212304528695,APPROX-2,EXACT,0.0012591644782816995,0.0,True,True
matmul,high,0.02,rising,9,med,0.044518152053640306,APPROX-2,EXACT,0.0011561456696928664,0.0,True,True
matmul,high,0.02,rising,10,med,0.07178831398897899,APPROX-2,EXACT,0.001368785573751503,0.0,True,True
matmul,high,0.02,rising,11,high,21.700900910827457,EXACT,EXACT,0.0,0.0,True,True
matmul,high,0.02,rising,12,high,24.5903100568598,EXACT,EXACT,0.0,0.0,True,True
matmul,high,0.02,rising,13,low,0.0550757476590671,APPROX-2,EXACT,0.0011101710207003896,0.0,True,True
matmul,high,0.02,rising,14,med,0.062090655548530334,APPROX-2,EXACT,0.0010859193340047293,0.0,True,True
matmul,high,0.02,rising,15,low,0.06858197383621777,APPROX-2,EXACT,0.0011109589750483843,0.0,True,True
matmul,high,0.02,rising,16,high,28.40994413526092,EXACT,EXACT,0.0,0.0,True,True
matmul,high,0.02,rising,17,high,36.120558436646746,EXACT,EXACT,0.0,0.0,True,True
matmul,high,0.02,rising,18,high,39.66538426982643,EXACT,EXACT,0.0,0.0,True,True
matmul,high,0.02,rising,19,med,0.0511860684504534,APPROX-2,EXACT,0.0011002299379115294,0.0,True,True
matmul,high,0.02,rising,20,high,30.671329299689475,EXACT,EXACT,0.0,0.0,True,True
matmul,high,0.02,rising,21,med,0.06339169088353186,APPROX-2,EXACT,0.0012105825210138967,0.0,True,True
matmul,high,0.02,rising,22,high,25.810178742180724,EXACT,EXACT,0.0,0.0,True,True
matmul,high,0.02,rising,23,med,0.06150337668173555,APPROX-2,EXACT,0.001326741753556902,0.0,True,True
matmul,high,0.02,rising,24,high,28.233108523502256,EXACT,EXACT,0.0,0.0,True,True
matmul,high,0.02,rising,25,med,0.05831355561231896,APPROX-2,EXACT,0.0011253733282729711,0.0,True,True
matmul,high,0.02,rising,26,high,56.58540170707984,EXACT,EXACT,0.0,0.0,True,True
matmul,high,0.02,rising,27,high,16.56728827505451,EXACT,EXACT,0.0,0.0,True,True
matmul,high,0.02,rising,28,high,28.46849996684576,EXACT,EXACT,0.0,0.0,True,True
matmul,high,0.02,rising,29,high,37.650276982746675,EXACT,EXACT,0.0,0.0,True,True
matmul,high,0.02,rising,30,med,0.05367192103213924,APPROX-3,EXACT,0.004895811170395671,0.0,True,True
matmul,high,0.02,rising,31,med,0.07347721760487441,APPROX-3,EXACT,0.004691034107470657,0.0,True,True
matmul,high,0.02,constant_med,0,high,30.383056524224415,EXACT,EXACT,0.0,0.0,True,True
matmul,high,0.02,constant_med,1,high,24.89340193515072,EXACT,EXACT,0.0,0.0,True,True
matmul,high,0.02,constant_med,2,low,0.06765820760617267,APPROX-2,EXACT,0.0012751547034691097,0.0,True,True
matmul,high,0.02,constant_med,3,med,0.0673886856527362,APPROX-2,EXACT,0.0013300268181392191,0.0,True,True
matmul,high,0.02,constant_med,4,high,33.14071528714303,EXACT,EXACT,0.0,0.0,True,True
matmul,high,0.02,constant_med,5,high,27.722451235511496,EXACT,EXACT,0.0,0.0,True,True
matmul,high,0.02,constant_med,6,high,30.78760346795333,EXACT,EXACT,0.0,0.0,True,True
matmul,high,0.02,constant_med,7,high,26.276095217089654,EXACT,EXACT,0.0,0.0,True,True
matmul,high,0.02,constant_med,8,med,0.049212304528695,APPROX-2,EXACT,0.0012591644782816995,0.0,True,True
matmul,high,0.02,constant_med,9,med,0.044518152053640306,APPROX-2,EXACT,0.0011561456696928664,0.0,True,True
matmul,high,0.02,constant_med,10,med,0.07178831398897899,APPROX-2,EXACT,0.001368785573751503,0.0,True,True
matmul,high,0.02,constant_med,11,high,21.700900910827457,EXACT,EXACT,0.0,0.0,True,True
matmul,high,0.02,constant_med,12,high,24.5903100568598,EXACT,EXACT,0.0,0.0,True,True
matmul,high,0.02,constant_med,13,low,0.0550757476590671,APPROX-2,EXACT,0.0011101710207003896,0.0,True,True
matmul,high,0.02,constant_med,14,med,0.062090655548530334,APPROX-2,EXACT,0.0010859193340047293,0.0,True,True
matmul,high,0.02,constant_med,15,low,0.06858197383621777,APPROX-2,EXACT,0.0011109589750483843,0.0,True,True
matmul,high,0.02,constant_med,16,high,28.40994413526092,EXACT,EXACT,0.0,0.0,True,True
matmul,high,0.02,constant_med,17,high,36.120558436646746,EXACT,EXACT,0.0,0.0,True,True
matmul,high,0.02,constant_med,18,high,39.66538426982643,EXACT,EXACT,0.0,0.0,True,True
matmul,high,0.02,constant_med,19,med,0.0511860684504534,APPROX-2,EXACT,0.0011002299379115294,0.0,True,True
matmul,high,0.02,constant_med,20,high,30.671329299689475,EXACT,EXACT,0.0,0.0,True,True
matmul,high,0.02,constant_med,21,med,0.06339169088353186,APPROX-2,EXACT,0.0012105825210138967,0.0,True,True
matmul,high,0.02,constant_med,22,high,25.810178742180724,EXACT,EXACT,0.0,0.0,True,True
matmul,high,0.02,constant_med,23,med,0.06150337668173555,APPROX-2,EXACT,0.001326741753556902,0.0,True,True
matmul,high,0.02,constant_med,24,high,28.233108523502256,EXACT,EXACT,0.0,0.0,True,True
matmul,high,0.02,constant_med,25,med,0.05831355561231896,APPROX-2,EXACT,0.0011253733282729711,0.0,True,True
matmul,high,0.02,constant_med,26,high,56.58540170707984,EXACT,EXACT,0.0,0.0,True,True
matmul,high,0.02,constant_med,27,high,16.56728827505451,EXACT,EXACT,0.0,0.0,True,True
matmul,high,0.02,constant_med,28,high,28.46849996684576,EXACT,EXACT,0.0,0.0,True,True
matmul,high,0.02,constant_med,29,high,37.650276982746675,EXACT,EXACT,0.0,0.0,True,True
matmul,high,0.02,constant_med,30,med,0.05367192103213924,APPROX-2,EXACT,0.00120758763902846,0.0,True,True
matmul,high,0.02,constant_med,31,med,0.07347721760487441,APPROX-2,EXACT,0.0010771225102483607,0.0,True,True
matmul,high,0.05,oscillating,0,high,30.383056524224415,EXACT,APPROX-1,0.0,0.0014127724324942343,True,True
matmul,high,0.05,oscillating,1,high,24.89340193515072,APPROX-1,APPROX-1,0.001462425329218656,0.001462425329218656,True,True
matmul,high,0.05,oscillating,2,low,0.06765820760617267,APPROX-3,APPROX-1,0.010470584660066522,7.840107108448405e-05,True,True
matmul,high,0.05,oscillating,3,med,0.0673886856527362,APPROX-3,APPROX-1,0.004300363652689789,7.885390710265059e-05,True,True
matmul,high,0.05,oscillating,4,high,33.14071528714303,APPROX-1,APPROX-1,0.0013635870017864316,0.0013635870017864316,True,True
matmul,high,0.05,oscillating,5,high,27.722451235511496,APPROX-1,APPROX-1,0.0020048267665586663,0.0020048267665586663,True,True
matmul,high,0.05,oscillating,6,high,30.78760346795333,APPROX-1,APPROX-1,0.001727831897573654,0.001727831897573654,True,True
matmul,high,0.05,oscillating,7,high,26.276095217089654,APPROX-1,APPROX-1,0.0016022946024244443,0.0016022946024244443,True,True
matmul,high,0.05,oscillating,8,med,0.049212304528695,APPROX-2,EXACT,0.0012591644782816995,0.0,True,True
matmul,high,0.05,oscillating,9,med,0.044518152053640306,APPROX-2,EXACT,0.0011561456696928664,0.0,True,True
matmul,high,0.05,oscillating,10,med,0.07178831398897899,APPROX-2,EXACT,0.001368785573751503,0.0,True,True
matmul,high,0.05,oscillating,11,high,21.700900910827457,EXACT,EXACT,0.0,0.0,True,True
matmul,high,0.05,oscillating,12,high,24.5903100568598,EXACT,EXACT,0.0,0.0,True,True
matmul,high,0.05,oscillating,13,low,0.0550757476590671,APPROX-2,EXACT,0.0011101710207003896,0.0,True,True
matmul,high,0.05,oscillating,14,med,0.062090655548530334,APPROX-2,EXACT,0.0010859193340047293,0.0,True,True
matmul,high,0.05,oscillating,15,low,0.06858197383621777,APPROX-2,EXACT,0.0011109589750483843,0.0,True,True
matmul,high,0.05,oscillating,16,high,28.40994413526092,EXACT,EXACT,0.0,0.0,True,True
matmul,high,0.05,oscillating,17,high,36.120558436646746,EXACT,APPROX-1,0.0,0.0016733430508322107,True,True
matmul,high,0.05,oscillating,18,high,39.66538426982643,APPROX-1,APPROX-1,0.0015532590007150343,0.0015532590007150343,True,True
matmul,high,0.05,oscillating,19,med,0.0511860684504534,APPROX-3,APPROX-1,0.0045914386214575414,7.026526295424214e-05,True,True
matmul,high,0.05,oscillating,20,high,30.671329299689475,APPROX-1,APPROX-1,0.0014204523113656496,0.0014204523113656496,True,True
matmul,high,0.05,oscillating,21,med,0.06339169088353186,APPROX-3,APPROX-1,0.004348337108777979,7.755391359979214e-05,True,True
matmul,high,0.05,oscillating,22,high,25.810178742180724,APPROX-1,APPROX-1,0.001675826167793905,0.001675826167793905,True,True
matmul,high,0.05,oscillating,23,med,0.06150337668173555,APPROX-3,APPROX-1,0.004909582240083719,7.579220846257586e-05,True,True
matmul,high,0.05,oscillating,24,high,28.233108523502256,EXACT,EXACT,0.0,0.0,True,True
matmul,high,0.05,oscillating,25,med,0.05831355561231896,APPROX-2,EXACT,0.0011253733282729711,0.0,True,True
matmul,high,0.05,oscillating,26,high,56.58540170707984,EXACT,EXACT,0.0,0.0,True,True
matmul,high,0.05,oscillating,27,high,16.56728827505451,EXACT,EXACT,0.0,0.0,True,True
matmul,high,0.05,oscillating,28,high,28.46849996684576,EXACT,EXACT,0.0,0.0,True,True
matmul,high,0.05,oscillating,29,high,37.650276982746675,EXACT,EXACT,0.0,0.0,True,True
matmul,high,0.05,oscillating,30,med,0.05367192103213924,APPROX-2,EXACT,0.00120758763902846,0.0,True,True
matmul,high,0.05,oscillating,31,med,0.07347721760487441,APPROX-2,EXACT,0.0010771225102483607,0.0,True,True
matmul,high,0.05,rising,0,high,30.383056524224415,EXACT,EXACT,0.0,0.0,True,True
matmul,high,0.05,rising,1,high,24.89340193515072,EXACT,EXACT,0.0,0.0,True,True
matmul,high,0.05,rising,2,low,0.06765820760617267,APPROX-2,EXACT,0.0012751547034691097,0.0,True,True
matmul,high,0.05,rising,3,med,0.0673886856527362,APPROX-2,EXACT,0.0013300268181392191,0.0,True,True
matmul,high,0.05,rising,4,high,33.14071528714303,EXACT,EXACT,0.0,0.0,True,True
matmul,high,0.05,rising,5,high,27.722451235511496,EXACT,EXACT,0.0,0.0,True,True
matmul,high,0.05,rising,6,high,30.78760346795333,EXACT,EXACT,0.0,0.0,True,True
matmul,high,0.05,rising,7,high,26.276095217089654,EXACT,EXACT,0.0,0.0,True,True
matmul,high,0.05,rising,8,med,0.049212304528695,APPROX-2,EXACT,0.0012591644782816995,0.0,True,True
matmul,high,0.05,rising,9,med,0.044518152053640306,APPROX-2,EXACT,0.0011561456696928664,0.0,True,True
matmul,high,0.05,rising,10,med,0.07178831398897899,APPROX-2,EXACT,0.001368785573751503,0.0,True,True
matmul,high,0.05,rising,11,high,21.700900910827457,EXACT,EXACT,0.0,0.0,True,True
matmul,high,0.05,rising,12,high,24.5903100568598,EXACT,EXACT,0.0,0.0,True,True
matmul,high,0.05,rising,13,low,0.0550757476590671,APPROX-2,EXACT,0.0011101710207003896,0.0,True,True
matmul,high,0.05,rising,14,med,0.062090655548530334,APPROX-2,EXACT,0.0010859193340047293,0.0,True,True
matmul,high,0.05,rising,15,low,0.06858197383621777,APPROX-2,EXACT,0.0011109589750483843,0.0,True,True
matmul,high,0.05,rising,16,high,28.40994413526092,EXACT,EXACT,0.0,0.0,True,True
matmul,high,0.05,rising,17,high,36.120558436646746,EXACT,APPROX-1,0.0,0.0016733430508322107,True,True
matmul,high,0.05,rising,18,high,39.66538426982643,EXACT,APPROX-1,0.0,0.0015532590007150343,True,True
matmul,high,0.05,rising,19,med,0.0511860684504534,APPROX-3,APPROX-1,0.0045914386214575414,7.026526295424214e-05,True,True
matmul,high,0.05,rising,20,high,30.671329299689475,EXACT,APPROX-1,0.0,0.0014204523113656496,True,True
matmul,high,0.05,rising,21,med,0.06339169088353186,APPROX-2,APPROX-1,0.0012105825210138967,7.755391359979214e-05,True,True
matmul,high,0.05,rising,22,high,25.810178742180724,EXACT,APPROX-1,0.0,0.001675826167793905,True,True
matmul,high,0.05,rising,23,med,0.06150337668173555,APPROX-3,APPROX-1,0.004909582240083719,7.579220846257586e-05,True,True
matmul,high,0.05,rising,24,high,28.233108523502256,EXACT,APPROX-1,0.0,0.0013647400382221237,True,True
matmul,high,0.05,rising,25,med,0.05831355561231896,APPROX-3,APPROX-1,0.004373281277573381,7.665228736790643e-05,True,True
matmul,high,0.05,rising,26,high,56.58540170707984,EXACT,APPROX-1,0.0,0.0014301794142662105,True,True
matmul,high,0.05,rising,27,high,16.56728827505451,APPROX-1,APPROX-1,0.00168033297865229,0.00168033297865229,True,True
matmul,high,0.05,rising,28,high,28.46849996684576,APPROX-1,APPROX-1,0.0013919840032596547,0.0013919840032596547,True,True
matmul,high,0.05,rising,29,high,37.650276982746675,APPROX-1,APPROX-1,0.0012830120393297314,0.0012830120393297314,True,True
matmul,high,0.05,rising,30,med,0.05367192103213924,APPROX-3,APPROX-1,0.004895811170395671,7.736194982985201e-05,True,True
matmul,high,0.05,rising,31,med,0.07347721760487441,APPROX-3,APPROX-1,0.004691034107470657,8.658683844761692e-05,True,True
matmul,high,0.05,constant_med,0,high,30.383056524224415,EXACT,EXACT,0.0,0.0,True,True
matmul,high,0.05,constant_med,1,high,24.89340193515072,EXACT,EXACT,0.0,0.0,True,True
matmul,high,0.05,constant_med,2,low,0.06765820760617267,APPROX-2,EXACT,0.0012751547034691097,0.0,True,True
matmul,high,0.05,constant_med,3,med,0.0673886856527362,APPROX-2,EXACT,0.0013300268181392191,0.0,True,True
matmul,high,0.05,constant_med,4,high,33.14071528714303,EXACT,EXACT,0.0,0.0,True,True
matmul,high,0.05,constant_med,5,high,27.722451235511496,EXACT,EXACT,0.0,0.0,True,True
matmul,high,0.05,constant_med,6,high,30.78760346795333,EXACT,EXACT,0.0,0.0,True,True
matmul,high,0.05,constant_med,7,high,26.276095217089654,EXACT,EXACT,0.0,0.0,True,True
matmul,high,0.05,constant_med,8,med,0.049212304528695,APPROX-2,EXACT,0.0012591644782816995,0.0,True,True
matmul,high,0.05,constant_med,9,med,0.044518152053640306,APPROX-2,EXACT,0.0011561456696928664,0.0,True,True
matmul,high,0.05,constant_med,10,med,0.07178831398897899,APPROX-2,EXACT,0.001368785573751503,0.0,True,True
matmul,high,0.05,constant_med,11,high,21.700900910827457,EXACT,EXACT,0.0,0.0,True,True
matmul,high,0.05,constant_med,12,high,24.5903100568598,EXACT,EXACT,0.0,0.0,True,True
matmul,high,0.05,constant_med,13,low,0.0550757476590671,APPROX-2,EXACT,0.0011101710207003896,0.0,True,True
matmul,high,0.05,constant_med,14,med,0.062090655548530334,APPROX-2,EXACT,0.0010859193340047293,0.0,True,True
matmul,high,0.05,constant_med,15,low,0.06858197383621777,APPROX-2,EXACT,0.0011109589750483843,0.0,True,True
matmul,high,0.05,constant_med,16,high,28.40994413526092,EXACT,EXACT,0.0,0.0,True,True
matmul,high,0.05,constant_med,17,high,36.120558436646746,EXACT,EXACT,0.0,0.0,True,True
matmul,high,0.05,constant_med,18,high,39.66538426982643,EXACT,EXACT,0.0,0.0,True,True
matmul,high,0.05,constant_med,19,med,0.0511860684504534,APPROX-2,EXACT,0.0011002299379115294,0.0,True,True
matmul,high,0.05,constant_med,20,high,30.671329299689475,EXACT,EXACT,0.0,0.0,True,True
matmul,high,0.05,constant_med,21,med,0.06339169088353186,APPROX-2,EXACT,0.0012105825210138967,0.0,True,True
matmul,high,0.05,constant_med,22,high,25.810178742180724,EXACT,EXACT,0.0,0.0,True,True
matmul,high,0.05,constant_med,23,med,0.06150337668173555,APPROX-2,EXACT,0.001326741753556902,0.0,True,True
matmul,high,0.05,constant_med,24,high,28.233108523502256,EXACT,EXACT,0.0,0.0,True,True
matmul,high,0.05,constant_med,25,med,0.05831355561231896,APPROX-2,EXACT,0.0011253733282729711,0.0,True,True
matmul,high,0.05,constant_med,26,high,56.58540170707984,EXACT,EXACT,0.0,0.0,True,True
matmul,high,0.05,constant_med,27,high,16.56728827505451,EXACT,EXACT,0.0,0.0,True,True
matmul,high,0.05,constant_med,28,high,28.46849996684576,EXACT,EXACT,0.0,0.0,True,True
matmul,high,0.05,constant_med,29,high,37.650276982746675,EXACT,EXACT,0.0,0.0,True,True
matmul,high,0.05,constant_med,30,med,0.05367192103213924,APPROX-2,EXACT,0.00120758763902846,0.0,True,True
matmul,high,0.05,constant_med,31,med,0.07347721760487441,APPROX-2,EXACT,0.0010771225102483607,0.0,True,True
matmul,high,0.1,oscillating,0,high,30.383056524224415,APPROX-1,APPROX-1,0.0014127724324942343,0.0014127724324942343,True,True
matmul,high,0.1,oscillating,1,high,24.89340193515072,APPROX-1,APPROX-1,0.001462425329218656,0.001462425329218656,True,True
matmul,high,0.1,oscillating,2,low,0.06765820760617267,APPROX-3,APPROX-1,0.010470584660066522,7.840107108448405e-05,True,True
matmul,high,0.1,oscillating,3,med,0.0673886856527362,APPROX-3,APPROX-1,0.004300363652689789,7.885390710265059e-05,True,True
matmul,high,0.1,oscillating,4,high,33.14071528714303,APPROX-1,APPROX-1,0.0013635870017864316,0.0013635870017864316,True,True
matmul,high,0.1,oscillating,5,high,27.722451235511496,APPROX-1,APPROX-1,0.0020048267665586663,0.0020048267665586663,True,True
matmul,high,0.1,oscillating,6,high,30.78760346795333,APPROX-1,APPROX-1,0.001727831897573654,0.001727831897573654,True,True
matmul,high,0.1,oscillating,7,high,26.276095217089654,APPROX-1,APPROX-1,0.0016022946024244443,0.0016022946024244443,True,True
matmul,high,0.1,oscillating,8,med,0.049212304528695,APPROX-3,APPROX-1,0.004834912018287675,9.60972104794067e-05,True,True
matmul,high,0.1,oscillating,9,med,0.044518152053640306,APPROX-3,APPROX-1,0.004854389720364814,7.84967246128454e-05,True,True
matmul,high,0.1,oscillating,10,med,0.07178831398897899,APPROX-2,APPROX-1,0.001368785573751503,7.181214867223595e-05,True,True
matmul,high,0.1,oscillating,11,high,21.700900910827457,EXACT,APPROX-1,0.0,0.0011571569431812314,True,True
matmul,high,0.1,oscillating,12,high,24.5903100568598,EXACT,EXACT,0.0,0.0,True,True
matmul,high,0.1,oscillating,13,low,0.0550757476590671,APPROX-2,EXACT,0.0011101710207003896,0.0,True,True
matmul,high,0.1,oscillating,14,med,0.062090655548530334,APPROX-2,APPROX-1,0.0010859193340047293,8.609860412067779e-05,True,True
matmul,high,0.1,oscillating,15,low,0.06858197383621777,APPROX-2,APPROX-1,0.0011109589750483843,8.723426719051772e-05,True,True
matmul,high,0.1,oscillating,16,high,28.40994413526092,EXACT,APPROX-1,0.0,0.0014916259845455446,True,True
matmul,high,0.1,oscillating,17,high,36.120558436646746,APPROX-1,APPROX-1,0.0016733430508322107,0.0016733430508322107,True,True
matmul,high,0.1,oscillating,18,high,39.66538426982643,APPROX-1,APPROX-1,0.0015532590007150343,0.0015532590007150343,True,True
matmul,high,0.1,oscillating,19,med,0.0511860684504534,APPROX-3,APPROX-1,0.0045914386214575414,7.026526295424214e-05,True,True
matmul,high,0.1,oscillating,20,high,30.671329299689475,APPROX-1,APPROX-1,0.0014204523113656496,0.0014204523113656496,True,True
matmul,high,0.1,oscillating,21,med,0.06339169088353186,APPROX-3,APPROX-1,0.004348337108777979,7.755391359979214e-05,True,True
matmul,high,0.1,oscillating,22,high,25.810178742180724,APPROX-1,APPROX-1,0.001675826167793905,0.001675826167793905,True,True
matmul,high,0.1,oscillating,23,med,0.06150337668173555,APPROX-3,APPROX-1,0.004909582240083719,7.579220846257586e-05,True,True
matmul,high,0.1,oscillating,24,high,28.233108523502256,APPROX-1,APPROX-1,0.0013647400382221237,0.0013647400382221237,True,True
matmul,high,0.1,oscillating,25,med,0.05831355561231896,APPROX-3,APPROX-1,0.004373281277573381,7.665228736790643e-05,True,True
matmul,high,0.1,oscillating,26,high,56.58540170707984,EXACT,APPROX-1,0.0,0.0014301794142662105,True,True
matmul,high,0.1,oscillating,27,high,16.56728827505451,APPROX-1,EXACT,0.00168033297865229,0.0,True,True
matmul,high,0.1,oscillating,28,high,28.46849996684576,EXACT,EXACT,0.0,0.0,True,True
matmul,high,0.1,oscillating,29,high,37.650276982746675,EXACT,EXACT,0.0,0.0,True,True
matmul,high,0.1,oscillating,30,med,0.05367192103213924,APPROX-3,APPROX-1,0.004895811170395671,7.736194982985201e-05,True,True
matmul,high,0.1,oscillating,31,med,0.07347721760487441,APPROX-2,APPROX-1,0.0010771225102483607,8.658683844761692e-05,True,True
matmul,high,0.1,rising,0,high,30.383056524224415,EXACT,APPROX-1,0.0,0.0014127724324942343,True,True
matmul,high,0.1,rising,1,high,24.89340193515072,EXACT,APPROX-1,0.0,0.001462425329218656,True,True
matmul,high,0.1,rising,2,low,0.06765820760617267,APPROX-2,APPROX-1,0.0012751547034691097,7.840107108448405e-05,True,True
matmul,high,0.1,rising,3,med,0.0673886856527362,APPROX-2,APPROX-1,0.0013300268181392191,7.885390710265059e-05,True,True
matmul,high,0.1,rising,4,high,33.14071528714303,EXACT,APPROX-1,0.0,0.0013635870017864316,True,True
matmul,high,0.1,rising,5,high,27.722451235511496,EXACT,APPROX-1,0.0,0.0020048267665586663,True,True
matmul,high,0.1,rising,6,high,30.78760346795333,EXACT,APPROX-1,0.0,0.001727831897573654,True,True
matmul,high,0.1,rising,7,high,26.276095217089654,EXACT,APPROX-1,0.0,0.0016022946024244443,True,True
matmul,high,0.1,rising,8,med,0.049212304528695,APPROX-3,APPROX-1,0.004834912018287675,9.60972104794067e-05,True,True
matmul,high,0.1,rising,9,med,0.044518152053640306,APPROX-3,APPROX-1,0.004854389720364814,7.84967246128454e-05,True,True
matmul,high,0.1,rising,10,med,0.07178831398897899,APPROX-2,APPROX-1,0.001368785573751503,7.181214867223595e-05,True,True
matmul,high,0.1,rising,11,high,21.700900910827457,APPROX-1,APPROX-1,0.0011571569431812314,0.0011571569431812314,True,True
matmul,high,0.1,rising,12,high,24.5903100568598,APPROX-1,APPROX-1,0.0013984369474776721,0.0013984369474776721,True,True
matmul,high,0.1,rising,13,low,0.0550757476590671,APPROX-3,APPROX-1,0.013461767931954926,9.336050089361246e-05,True,True
matmul,high,0.1,rising,14,med,0.062090655548530334,APPROX-3,APPROX-1,0.004520617013503089,8.609860412067779e-05,True,True
matmul,high,0.1,rising,15,low,0.06858197383621777,APPROX-3,APPROX-1,0.011326812815086428,8.723426719051772e-05,True,True
matmul,high,0.1,rising,16,high,28.40994413526092,APPROX-1,APPROX-1,0.0014916259845455446,0.0014916259845455446,True,True
matmul,high,0.1,rising,17,high,36.120558436646746,APPROX-1,APPROX-1,0.0016733430508322107,0.0016733430508322107,True,True
matmul,high,0.1,rising,18,high,39.66538426982643,EXACT,APPROX-1,0.0,0.0015532590007150343,True,True
matmul,high,0.1,rising,19,med,0.0511860684504534,APPROX-3,APPROX-1,0.0045914386214575414,7.026526295424214e-05,True,True
matmul,high,0.1,rising,20,high,30.671329299689475,APPROX-1,APPROX-1,0.0014204523113656496,0.0014204523113656496,True,True
matmul,high,0.1,rising,21,med,0.06339169088353186,APPROX-3,APPROX-1,0.004348337108777979,7.755391359979214e-05,True,True
matmul,high,0.1,rising,22,high,25.810178742180724,APPROX-1,APPROX-1,0.001675826167793905,0.001675826167793905,True,True
matmul,high,0.1,rising,23,med,0.06150337668173555,APPROX-3,APPROX-1,0.004909582240083719,7.579220846257586e-05,True,True
matmul,high,0.1,rising,24,high,28.233108523502256,APPROX-1,APPROX-1,0.0013647400382221237,0.0013647400382221237,True,True
matmul,high,0.1,rising,25,med,0.05831355561231896,APPROX-3,APPROX-1,0.004373281277573381,7.665228736790643e-05,True,True
matmul,high,0.1,rising,26,high,56.58540170707984,APPROX-1,APPROX-1,0.0014301794142662105,0.0014301794142662105,True,True
matmul,high,0.1,rising,27,high,16.56728827505451,APPROX-1,APPROX-1,0.00168033297865229,0.00168033297865229,True,True
matmul,high,0.1,rising,28,high,28.46849996684576,APPROX-1,APPROX-1,0.0013919840032596547,0.0013919840032596547,True,True
matmul,high,0.1,rising,29,high,37.650276982746675,APPROX-1,APPROX-1,0.0012830120393297314,0.0012830120393297314,True,True
matmul,high,0.1,rising,30,med,0.05367192103213924,APPROX-3,APPROX-1,0.004895811170395671,7.736194982985201e-05,True,True
matmul,high,0.1,rising,31,med,0.07347721760487441,APPROX-3,APPROX-1,0.004691034107470657,8.658683844761692e-05,True,True
matmul,high,0.1,constant_med,0,high,30.383056524224415,APPROX-1,APPROX-1,0.0014127724324942343,0.0014127724324942343,True,True
matmul,high,0.1,constant_med,1,high,24.89340193515072,APPROX-1,APPROX-1,0.001462425329218656,0.001462425329218656,True,True
matmul,high,0.1,constant_med,2,low,0.06765820760617267,APPROX-3,APPROX-1,0.010470584660066522,7.840107108448405e-05,True,True
matmul,high,0.1,constant_med,3,med,0.0673886856527362,APPROX-3,APPROX-1,0.004300363652689789,7.885390710265059e-05,True,True
matmul,high,0.1,constant_med,4,high,33.14071528714303,EXACT,APPROX-1,0.0,0.0013635870017864316,True,True
matmul,high,0.1,constant_med,5,high,27.722451235511496,APPROX-1,APPROX-1,0.0020048267665586663,0.0020048267665586663,True,True
matmul,high,0.1,constant_med,6,high,30.78760346795333,EXACT,APPROX-1,0.0,0.001727831897573654,True,True
matmul,high,0.1,constant_med,7,high,26.276095217089654,APPROX-1,APPROX-1,0.0016022946024244443,0.0016022946024244443,True,True
matmul,high,0.1,constant_med,8,med,0.049212304528695,APPROX-3,APPROX-1,0.004834912018287675,9.60972104794067e-05,True,True
matmul,high,0.1,constant_med,9,med,0.044518152053640306,APPROX-3,APPROX-1,0.004854389720364814,7.84967246128454e-05,True,True
matmul,high,0.1,constant_med,10,med,0.07178831398897899,APPROX-3,APPROX-1,0.004207608027866773,7.181214867223595e-05,True,True
matmul,high,0.1,constant_med,11,high,21.700900910827457,APPROX-1,APPROX-1,0.0011571569431812314,0.0011571569431812314,True,True
matmul,high,0.1,constant_med,12,high,24.5903100568598,APPROX-1,APPROX-1,0.0013984369474776721,0.0013984369474776721,True,True
matmul,high,0.1,constant_med,13,low,0.0550757476590671,APPROX-3,APPROX-1,0.013461767931954926,9.336050089361246e-05,True,True
matmul,high,0.1,constant_med,14,med,0.062090655548530334,APPROX-3,APPROX-1,0.004520617013503089,8.609860412067779e-05,True,True
matmul,high,0.1,constant_med,15,low,0.06858197383621777,APPROX-3,APPROX-1,0.011326812815086428,8.723426719051772e-05,True,True
matmul,high,0.1,constant_med,16,high,28.40994413526092,APPROX-1,APPROX-1,0.0014916259845455446,0.0014916259845455446,True,True
matmul,high,0.1,constant_med,17,high,36.120558436646746,EXACT,APPROX-1,0.0,0.0016733430508322107,True,True
matmul,high,0.1,constant_med,18,high,39.66538426982643,EXACT,APPROX-1,0.0,0.0015532590007150343,True,True
matmul,high,0.1,constant_med,19,med,0.0511860684504534,APPROX-3,APPROX-1,0.0045914386214575414,7.026526295424214e-05,True,True
matmul,high,0.1,constant_med,20,high,30.671329299689475,EXACT,APPROX-1,0.0,0.0014204523113656496,True,True
matmul,high,0.1,constant_med,21,med,0.06339169088353186,APPROX-3,APPROX-1,0.004348337108777979,7.755391359979214e-05,True,True
matmul,high,0.1,constant_med,22,high,25.810178742180724,APPROX-1,APPROX-1,0.001675826167793905,0.001675826167793905,True,True
matmul,high,0.1,constant_med,23,med,0.06150337668173555,APPROX-3,APPROX-1,0.004909582240083719,7.579220846257586e-05,True,True
matmul,high,0.1,constant_med,24,high,28.233108523502256,APPROX-1,APPROX-1,0.0013647400382221237,0.0013647400382221237,True,True
matmul,high,0.1,constant_med,25,med,0.05831355561231896,APPROX-3,APPROX-1,0.004373281277573381,7.665228736790643e-05,True,True
matmul,high,0.1,constant_med,26,high,56.58540170707984,EXACT,APPROX-1,0.0,0.0014301794142662105,True,True
matmul,high,0.1,constant_med,27,high,16.56728827505451,APPROX-1,APPROX-1,0.00168033297865229,0.00168033297865229,True,True
matmul,high,0.1,constant_med,28,high,28.46849996684576,APPROX-1,APPROX-1,0.0013919840032596547,0.0013919840032596547,True,True
matmul,high,0.1,constant_med,29,high,37.650276982746675,EXACT,APPROX-1,0.0,0.0012830120393297314,True,True
matmul,high,0.1,constant_med,30,med,0.05367192103213924,APPROX-3,APPROX-1,0.004895811170395671,7.736194982985201e-05,True,True
matmul,high,0.1,constant_med,31,med,0.07347721760487441,APPROX-3,APPROX-1,0.004691034107470657,8.658683844761692e-05,True,True
conv,mixed,0.005,oscillating,0,med,0.37182167071773653,APPROX-1,APPROX-1,0.00022527355303035993,0.00022527355303035993,True,True
conv,mixed,0.005,oscillating,1,med,0.351178631291262,APPROX-1,APPROX-1,0.000191841786795383,0.000191841786795383,True,True
conv,mixed,0.005,oscillating,2,low,0.3294253109968434,APPROX-1,APPROX-1,0.0002231433935549377,0.0002231433935549377,True,True
conv,mixed,0.005,oscillating,3,low,0.47861525248460074,APPROX-1,APPROX-1,0.0001890403217402217,0.0001890403217402217,True,True
conv,mixed,0.005,oscillating,4,high,1.323697469057076,APPROX-1,APPROX-1,0.0009107742016632646,0.0009107742016632646,True,True
conv,mixed,0.005,oscillating,5,high,1.3316124410195014,APPROX-1,APPROX-1,0.0008141578081743893,0.0008141578081743893,True,True
conv,mixed,0.005,oscillating,6,high,1.5326903550024347,APPROX-1,APPROX-1,0.0014327829041287212,0.0014327829041287212,True,True
conv,mixed,0.005,oscillating,7,high,0.3966715891669871,APPROX-1,APPROX-1,0.00021053969097192276,0.00021053969097192276,True,True
conv,mixed,0.005,oscillating,8,low,0.40197288725081676,APPROX-1,APPROX-1,0.00019878800948700017,0.00019878800948700017,True,True
conv,mixed,0.005,oscillating,9,low,0.45771173812729543,APPROX-1,APPROX-1,0.00020362893450752667,0.00020362893450752667,True,True
conv,mixed,0.005,oscillating,10,low,0.4129759831744617,APPROX-1,APPROX-1,0.00023934772674717014,0.00023934772674717014,True,True
conv,mixed,0.005,oscillating,11,high,1.563368556626761,EXACT,APPROX-1,0.0,0.0015718481179935076,True,True
conv,mixed,0.005,oscillating,12,high,0.4657979175718348,APPROX-1,APPROX-1,0.00023467511540956225,0.00023467511540956225,True,True
conv,mixed,0.005,oscillating,13,low,0.4441942275433906,APPROX-1,APPROX-1,0.00020303598178436662,0.00020303598178436662,True,True
conv,mixed,0.005,oscillating,14,low,0.4128264288619761,APPROX-1,APPROX-1,0.00019959466121748426,0.00019959466121748426,True,True
conv,mixed,0.005,oscillating,15,low,0.3526085209998297,APPROX-1,APPROX-1,0.0001955177159775145,0.0001955177159775145,True,True
conv,mixed,0.005,oscillating,16,med,0.5162137251763332,APPROX-1,APPROX-1,0.00021062288120069828,0.00021062288120069828,True,True
conv,mixed,0.005,oscillating,17,high,1.6944324150196004,APPROX-1,APPROX-1,0.0012488810252839777,0.0012488810252839777,True,True
conv,mixed,0.005,oscillating,18,high,0.3395969342916578,APPROX-1,APPROX-1,0.0002300526101063401,0.0002300526101063401,True,True
conv,mixed,0.005,oscillating,19,low,0.3545174946471576,APPROX-1,APPROX-1,0.00023641995102436055,0.00023641995102436055,True,True
conv,mixed,0.005,oscillating,20,high,0.3847498654718362,APPROX-1,APPROX-1,0.00026519206383334874,0.00026519206383334874,True,True
conv,mixed,0.005,oscillating,21,low,0.3956848521980303,APPROX-1,APPROX-1,0.0002528036082944333,0.0002528036082944333,True,True
conv,mixed,0.005,oscillating,22,med,0.42642129658347677,APPROX-1,APPROX-1,0.0002446711441422772,0.0002446711441422772,True,True
conv,mixed,0.005,oscillating,23,low,0.4888567097422302,APPROX-1,APPROX-1,0.00023864130785979643,0.00023864130785979643,True,True
conv,mixed,0.005,oscillating,24,high,0.41232880415917356,APPROX-1,APPROX-1,0.00022666376299002752,0.00022666376299002752,True,True
conv,mixed,0.005,oscillating,25,low,0.37569010306170664,APPROX-1,APPROX-1,0.00020718168136345187,0.00020718168136345187,True,True
conv,mixed,0.005,oscillating,26,med,0.3548688960045067,APPROX-1,APPROX-1,0.00019124483988806803,0.00019124483988806803,True,True
conv,mixed,0.005,oscillating,27,med,0.35376079151357714,APPROX-1,APPROX-1,0.0002172425914628836,0.0002172425914628836,True,True
conv,mixed,0.005,oscillating,28,med,0.43209722335643347,APPROX-1,APPROX-1,0.0002153319968638587,0.0002153319968638587,True,True
conv,mixed,0.005,oscillating,29,med,0.5283484692130972,APPROX-1,APPROX-1,0.0002342388270407748,0.0002342388270407748,True,True
conv,mixed,0.005,oscillating,30,low,0.4634486771893556,APPROX-1,APPROX-1,0.00020730663781472796,0.00020730663781472796,True,True
conv,mixed,0.005,rising,0,med,0.37182167071773653,APPROX-1,APPROX-1,0.00022527355303035993,0.00022527355303035993,True,True
conv,mixed,0.005,rising,1,med,0.351178631291262,APPROX-1,APPROX-1,0.000191841786795383,0.000191841786795383,True,True
conv,mixed,0.005,rising,2,low,0.3294253109968434,APPROX-1,APPROX-1,0.0002231433935549377,0.0002231433935549377,True,True
conv,mixed,0.005,rising,3,low,0.47861525248460074,APPROX-1,APPROX-1,0.0001890403217402217,0.0001890403217402217,True,True
conv,mixed,0.005,rising,4,high,1.323697469057076,EXACT,APPROX-1,0.0,0.0009107742016632646,True,True
conv,mixed,0.005,rising,5,high,1.3316124410195014,EXACT,APPROX-1,0.0,0.0008141578081743893,True,True
conv,mixed,0.005,rising,6,high,1.5326903550024347,EXACT,APPROX-1,0.0,0.0014327829041287212,True,True
conv,mixed,0.005,rising,7,high,0.3966715891669871,APPROX-1,APPROX-1,0.00021053969097192276,0.00021053969097192276,True,True
conv,mixed,0.005,rising,8,low,0.40197288725081676,APPROX-1,APPROX-1,0.00019878800948700017,0.00019878800948700017,True,True
conv,mixed,0.005,rising,9,low,0.45771173812729543,APPROX-1,APPROX-1,0.00020362893450752667,0.00020362893450752667,True,True
conv,mixed,0.005,rising,10,low,0.4129759831744617,APPROX-1,APPROX-1,0.00023934772674717014,0.00023934772674717014,True,True
conv,mixed,0.005,rising,11,high,1.563368556626761,EXACT,APPROX-1,0.0,0.0015718481179935076,True,True
conv,mixed,0.005,rising,12,high,0.4657979175718348,APPROX-1,APPROX-1,0.00023467511540956225,0.00023467511540956225,True,True
conv,mixed,0.005,rising,13,low,0.4441942275433906,APPROX-1,APPROX-1,0.00020303598178436662,0.00020303598178436662,True,True
conv,mixed,0.005,rising,14,low,0.4128264288619761,APPROX-1,APPROX-1,0.00019959466121748426,0.00019959466121748426,True,True
conv,mixed,0.005,rising,15,low,0.3526085209998297,APPROX-1,APPROX-1,0.0001955177159775145,0.0001955177159775145,True,True
conv,mixed,0.005,rising,16,med,0.5162137251763332,APPROX-1,APPROX-1,0.00021062288120069828,0.00021062288120069828,True,True
conv,mixed,0.005,rising,17,high,1.6944324150196004,APPROX-1,APPROX-1,0.0012488810252839777,0.0012488810252839777,True,True
conv,mixed,0.005,rising,18,high,0.3395969342916578,APPROX-1,APPROX-1,0.0002300526101063401,0.0002300526101063401,True,True
conv,mixed,0.005,rising,19,low,0.3545174946471576,APPROX-1,APPROX-1,0.00023641995102436055,0.00023641995102436055,True,True
conv,mixed,0.005,rising,20,high,0.3847498654718362,APPROX-1,APPROX-1,0.00026519206383334874,0.00026519206383334874,True,True
conv,mixed,0.005,rising,21,low,0.3956848521980303,APPROX-1,APPROX-1,0.0002528036082944333,0.0002528036082944333,True,True
conv,mixed,0.005,rising,22,med,0.42642129658347677,APPROX-1,APPROX-1,0.0002446711441422772,0.0002446711441422772,True,True
conv,mixed,0.005,rising,23,low,0.4888567097422302,APPROX-1,APPROX-1,0.00023864130785979643,0.00023864130785979643,True,True
conv,mixed,0.005,rising,24,high,0.41232880415917356,APPROX-1,APPROX-1,0.00022666376299002752,0.00022666376299002752,True,True
conv,mixed,0.005,rising,25,low,0.37569010306170664,APPROX-1,APPROX-1,0.00020718168136345187,0.00020718168136345187,True,True
conv,mixed,0.005,rising,26,med,0.3548688960045067,APPROX-1,APPROX-1,0.00019124483988806803,0.00019124483988806803,True,True
conv,mixed,0.005,rising,27,med,0.35376079151357714,APPROX-1,APPROX-1,0.0002172425914628836,0.0002172425914628836,True,True
conv,mixed,0.005,rising,28,med,0.43209722335643347,APPROX-1,APPROX-1,0.0002153319968638587,0.0002153319968638587,True,True
conv,mixed,0.005,rising,29,med,0.5283484692130972,APPROX-1,APPROX-1,0.0002342388270407748,0.0002342388270407748,True,True
conv,mixed,0.005,rising,30,low,0.4634486771893556,APPROX-1,APPROX-1,0.00020730663781472796,0.00020730663781472796,True,True
conv,mixed,0.005,constant_med,0,med,0.37182167071773653,APPROX-1,APPROX-1,0.00022527355303035993,0.00022527355303035993,True,True
conv,mixed,0.005,constant_med,1,med,0.351178631291262,APPROX-1,APPROX-1,0.000191841786795383,0.000191841786795383,True,True
conv,mixed,0.005,constant_med,2,low,0.3294253109968434,APPROX-1,APPROX-1,0.0002231433935549377,0.0002231433935549377,True,True
conv,mixed,0.005,constant_med,3,low,0.47861525248460074,APPROX-1,APPROX-1,0.0001890403217402217,0.0001890403217402217,True,True
conv,mixed,0.005,constant_med,4,high,1.323697469057076,APPROX-1,APPROX-1,0.0009107742016632646,0.0009107742016632646,True,True
conv,mixed,0.005,constant_med,5,high,1.3316124410195014,APPROX-1,APPROX-1,0.0008141578081743893,0.0008141578081743893,True,True
conv,mixed,0.005,constant_med,6,high,1.5326903550024347,EXACT,APPROX-1,0.0,0.0014327829041287212,True,True
conv,mixed,0.005,constant_med,7,high,0.3966715891669871,APPROX-1,APPROX-1,0.00021053969097192276,0.00021053969097192276,True,True
conv,mixed,0.005,constant_med,8,low,0.40197288725081676,APPROX-1,APPROX-1,0.00019878800948700017,0.00019878800948700017,True,True
conv,mixed,0.005,constant_med,9,low,0.45771173812729543,APPROX-1,APPROX-1,0.00020362893450752667,0.00020362893450752667,True,True
conv,mixed,0.005,constant_med,10,low,0.4129759831744617,APPROX-1,APPROX-1,0.00023934772674717014,0.00023934772674717014,True,True
conv,mixed,0.005,constant_med,11,high,1.563368556626761,EXACT,APPROX-1,0.0,0.0015718481179935076,True,True
conv,mixed,0.005,constant_med,12,high,0.4657979175718348,APPROX-1,APPROX-1,0.00023467511540956225,0.00023467511540956225,True,True
conv,mixed,0.005,constant_med,13,low,0.4441942275433906,APPROX-1,APPROX-1,0.00020303598178436662,0.00020303598178436662,True,True
conv,mixed,0.005,constant_med,14,low,0.4128264288619761,APPROX-1,APPROX-1,0.00019959466121748426,0.00019959466121748426,True,True
conv,mixed,0.005,constant_med,15,low,0.3526085209998297,APPROX-1,APPROX-1,0.0001955177159775145,0.0001955177159775145,True,True
conv,mixed,0.005,constant_med,16,med,0.5162137251763332,APPROX-1,APPROX-1,0.00021062288120069828,0.00021062288120069828,True,True
conv,mixed,0.005,constant_med,17,high,1.6944324150196004,EXACT,APPROX-1,0.0,0.0012488810252839777,True,True
conv,mixed,0.005,constant_med,18,high,0.3395969342916578,APPROX-1,APPROX-1,0.0002300526101063401,0.0002300526101063401,True,True
conv,mixed,0.005,constant_med,19,low,0.3545174946471576,APPROX-1,APPROX-1,0.00023641995102436055,0.00023641995102436055,True,True
conv,mixed,0.005,constant_med,20,high,0.3847498654718362,APPROX-1,APPROX-1,0.00026519206383334874,0.00026519206383334874,True,True
conv,mixed,0.005,constant_med,21,low,0.3956848521980303,APPROX-1,APPROX-1,0.0002528036082944333,0.0002528036082944333,True,True
conv,mixed,0.005,constant_med,22,med,0.42642129658347677,APPROX-1,APPROX-1,0.0002446711441422772,0.0002446711441422772,True,True
conv,mixed,0.005,constant_med,23,low,0.4888567097422302,APPROX-1,APPROX-1,0.00023864130785979643,0.00023864130785979643,True,True
conv,mixed,0.005,constant_med,24,high,0.41232880415917356,APPROX-1,APPROX-1,0.00022666376299002752,0.00022666376299002752,True,True
conv,mixed,0.005,constant_med,25,low,0.37569010306170664,APPROX-1,APPROX-1,0.00020718168136345187,0.00020718168136345187,True,True
conv,mixed,0.005,constant_med,26,med,0.3548688960045067,APPROX-1,APPROX-1,0.00019124483988806803,0.00019124483988806803,True,True
conv,mixed,0.005,constant_med,27,med,0.35376079151357714,APPROX-1,APPROX-1,0.0002172425914628836,0.0002172425914628836,True,True
conv,mixed,0.005,constant_med,28,med,0.43209722335643347,APPROX-1,APPROX-1,0.0002153319968638587,0.0002153319968638587,True,True
conv,mixed,0.005,constant_med,29,med,0.5283484692130972,APPROX-1,APPROX-1,0.0002342388270407748,0.0002342388270407748,True,True
conv,mixed,0.005,constant_med,30,low,0.4634486771893556,APPROX-1,APPROX-1,0.00020730663781472796,0.00020730663781472796,True,True
conv,mixed,0.01,oscillating,0,med,0.37182167071773653,APPROX-1,APPROX-1,0.00022527355303035993,0.00022527355303035993,True,True
conv,mixed,0.01,oscillating,1,med,0.351178631291262,APPROX-1,APPROX-1,0.000191841786795383,0.000191841786795383,True,True
conv,mixed,0.01,oscillating,2,low,0.3294253109968434,APPROX-1,APPROX-1,0.0002231433935549377,0.0002231433935549377,True,True
conv,mixed,0.01,oscillating,3,low,0.47861525248460074,APPROX-2,APPROX-1,0.005730372117875552,0.0001890403217402217,True,True
conv,mixed,0.01,oscillating,4,high,1.323697469057076,APPROX-1,APPROX-1,0.0009107742016632646,0.0009107742016632646,True,True
conv,mixed,0.01,oscillating,5,high,1.3316124410195014,APPROX-1,APPROX-1,0.0008141578081743893,0.0008141578081743893,True,True
conv,mixed,0.01,oscillating,6,high,1.5326903550024347,APPROX-1,APPROX-1,0.0014327829041287212,0.0014327829041287212,True,True
conv,mixed,0.01,oscillating,7,high,0.3966715891669871,APPROX-1,APPROX-1,0.00021053969097192276,0.00021053969097192276,True,True
conv,mixed,0.01,oscillating,8,low,0.40197288725081676,APPROX-1,APPROX-1,0.00019878800948700017,0.00019878800948700017,True,True
conv,mixed,0.01,oscillating,9,low,0.45771173812729543,APPROX-1,APPROX-1,0.00020362893450752667,0.00020362893450752667,True,True
conv,mixed,0.01,oscillating,10,low,0.4129759831744617,APPROX-1,APPROX-1,0.00023934772674717014,0.00023934772674717014,True,True
conv,mixed,0.01,oscillating,11,high,1.563368556626761,APPROX-1,APPROX-1,0.0015718481179935076,0.0015718481179935076,True,True
conv,mixed,0.01,oscillating,12,high,0.4657979175718348,APPROX-1,APPROX-1,0.00023467511540956225,0.00023467511540956225,True,True
conv,mixed,0.01,oscillating,13,low,0.4441942275433906,APPROX-1,APPROX-1,0.00020303598178436662,0.00020303598178436662,True,True
conv,mixed,0.01,oscillating,14,low,0.4128264288619761,APPROX-1,APPROX-1,0.00019959466121748426,0.00019959466121748426,True,True
conv,mixed,0.01,oscillating,15,low,0.3526085209998297,APPROX-1,APPROX-1,0.0001955177159775145,0.0001955177159775145,True,True
conv,mixed,0.01,oscillating,16,med,0.5162137251763332,APPROX-1,APPROX-1,0.00021062288120069828,0.00021062288120069828,True,True
conv,mixed,0.01,oscillating,17,high,1.6944324150196004,APPROX-1,APPROX-1,0.0012488810252839777,0.0012488810252839777,True,True
conv,mixed,0.01,oscillating,18,high,0.3395969342916578,APPROX-1,APPROX-1,0.0002300526101063401,0.0002300526101063401,True,True
conv,mixed,0.01,oscillating,19,low,0.3545174946471576,APPROX-2,APPROX-1,0.005228102476747932,0.00023641995102436055,True,True
conv,mixed,0.01,oscillating,20,high,0.3847498654718362,APPROX-2,APPROX-1,0.005545834852435456,0.00026519206383334874,True,True
conv,mixed,0.01,oscillating,21,low,0.3956848521980303,APPROX-2,APPROX-1,0.005050598270523328,0.0002528036082944333,True,True
conv,mixed,0.01,oscillating,22,med,0.42642129658347677,APPROX-1,APPROX-1,0.0002446711441422772,0.0002446711441422772,True,True
conv,mixed,0.01,oscillating,23,low,0.4888567097422302,APPROX-1,APPROX-1,0.00023864130785979643,0.00023864130785979643,True,True
conv,mixed,0.01,oscillating,24,high,0.41232880415917356,APPROX-1,APPROX-1,0.00022666376299002752,0.00022666376299002752,True,True
conv,mixed,0.01,oscillating,25,low,0.37569010306170664,APPROX-1,APPROX-1,0.00020718168136345187,0.00020718168136345187,True,True
conv,mixed,0.01,oscillating,26,med,0.3548688960045067,APPROX-1,APPROX-1,0.00019124483988806803,0.00019124483988806803,True,True
conv,mixed,0.01,oscillating,27,med,0.35376079151357714,APPROX-1,APPROX-1,0.0002172425914628836,0.0002172425914628836,True,True
conv,mixed,0.01,oscillating,28,med,0.43209722335643347,APPROX-1,APPROX-1,0.0002153319968638587,0.0002153319968638587,True,True
conv,mixed,0.01,oscillating,29,med,0.5283484692130972,APPROX-1,APPROX-1,0.0002342388270407748,0.0002342388270407748,True,True
conv,mixed,0.01,oscillating,30,low,0.4634486771893556,APPROX-1,APPROX-1,0.00020730663781472796,0.00020730663781472796,True,True
conv,mixed,0.01,rising,0,med,0.37182167071773653,APPROX-1,APPROX-1,0.00022527355303035993,0.00022527355303035993,True,True
conv,mixed,0.01,rising,1,med,0.351178631291262,APPROX-1,APPROX-1,0.000191841786795383,0.000191841786795383,True,True
conv,mixed,0.01,rising,2,low,0.3294253109968434,APPROX-1,APPROX-1,0.0002231433935549377,0.0002231433935549377,True,True
conv,mixed,0.01,rising,3,low,0.47861525248460074,APPROX-1,APPROX-1,0.0001890403217402217,0.0001890403217402217,True,True
conv,mixed,0.01,rising,4,high,1.323697469057076,APPROX-1,APPROX-1,0.0009107742016632646,0.0009107742016632646,True,True
conv,mixed,0.01,rising,5,high,1.3316124410195014,APPROX-1,APPROX-1,0.0008141578081743893,0.0008141578081743893,True,True
conv,mixed,0.01,rising,6,high,1.5326903550024347,APPROX-1,APPROX-1,0.0014327829041287212,0.0014327829041287212,True,True
conv,mixed,0.01,rising,7,high,0.3966715891669871,APPROX-1,APPROX-1,0.00021053969097192276,0.00021053969097192276,True,True
conv,mixed,0.01,rising,8,low,0.40197288725081676,APPROX-1,APPROX-1,0.00019878800948700017,0.00019878800948700017,True,True
conv,mixed,0.01,rising,9,low,0.45771173812729543,APPROX-1,APPROX-1,0.00020362893450752667,0.00020362893450752667,True,True
conv,mixed,0.01,rising,10,low,0.4129759831744617,APPROX-1,APPROX-1,0.00023934772674717014,0.00023934772674717014,True,True
conv,mixed,0.01,rising,11,high,1.563368556626761,APPROX-1,APPROX-1,0.0015718481179935076,0.0015718481179935076,True,True
conv,mixed,0.01,rising,12,high,0.4657979175718348,APPROX-1,APPROX-1,0.00023467511540956225,0.00023467511540956225,True,True
conv,mixed,0.01,rising,13,low,0.4441942275433906,APPROX-1,APPROX-1,0.00020303598178436662,0.00020303598178436662,True,True
conv,mixed,0.01,rising,14,low,0.4128264288619761,APPROX-1,APPROX-1,0.00019959466121748426,0.00019959466121748426,True,True
conv,mixed,0.01,rising,15,low,0.3526085209998297,APPROX-1,APPROX-1,0.0001955177159775145,0.0001955177159775145,True,True
conv,mixed,0.01,rising,16,med,0.5162137251763332,APPROX-1,APPROX-1,0.00021062288120069828,0.00021062288120069828,True,True
conv,mixed,0.01,rising,17,high,1.6944324150196004,APPROX-1,APPROX-1,0.0012488810252839777,0.0012488810252839777,True,True
conv,mixed,0.01,rising,18,high,0.3395969342916578,APPROX-1,APPROX-1,0.0002300526101063401,0.0002300526101063401,True,True
conv,mixed,0.01,rising,19,low,0.3545174946471576,APPROX-1,APPROX-1,0.00023641995102436055,0.00023641995102436055,True,True
conv,mixed,0.01,rising,20,high,0.3847498654718362,APPROX-1,APPROX-1,0.00026519206383334874,0.00026519206383334874,True,True
conv,mixed,0.01,rising,21,low,0.3956848521980303,APPROX-1,APPROX-1,0.0002528036082944333,0.0002528036082944333,True,True
conv,mixed,0.01,rising,22,med,0.42642129658347677,APPROX-1,APPROX-1,0.0002446711441422772,0.0002446711441422772,True,True
conv,mixed,0.01,rising,23,low,0.4888567097422302,APPROX-1,APPROX-1,0.00023864130785979643,0.00023864130785979643,True,True
conv,mixed,0.01,rising,24,high,0.41232880415917356,APPROX-1,APPROX-1,0.00022666376299002752,0.00022666376299002752,True,True
conv,mixed,0.01,rising,25,low,0.37569010306170664,APPROX-1,APPROX-1,0.00020718168136345187,0.00020718168136345187,True,True
conv,mixed,0.01,rising,26,med,0.3548688960045067,APPROX-1,APPROX-1,0.00019124483988806803,0.00019124483988806803,True,True
conv,mixed,0.01,rising,27,med,0.35376079151357714,APPROX-1,APPROX-1,0.0002172425914628836,0.0002172425914628836,True,True
conv,mixed,0.01,rising,28,med,0.43209722335643347,APPROX-1,APPROX-1,0.0002153319968638587,0.0002153319968638587,True,True
conv,mixed,0.01,rising,29,med,0.5283484692130972,APPROX-1,APPROX-1,0.0002342388270407748,0.0002342388270407748,True,True
conv,mixed,0.01,rising,30,low,0.4634486771893556,APPROX-2,APPROX-1,0.005296705902245362,0.00020730663781472796,True,True
conv,mixed,0.01,constant_med,0,med,0.37182167071773653,APPROX-1,APPROX-1,0.00022527355303035993,0.00022527355303035993,True,True
conv,mixed,0.01,constant_med,1,med,0.351178631291262,APPROX-1,APPROX-1,0.000191841786795383,0.000191841786795383,True,True
conv,mixed,0.01,constant_med,2,low,0.3294253109968434,APPROX-1,APPROX-1,0.0002231433935549377,0.0002231433935549377,True,True
conv,mixed,0.01,constant_med,3,low,0.47861525248460074,APPROX-1,APPROX-1,0.0001890403217402217,0.0001890403217402217,True,True
conv,mixed,0.01,constant_med,4,high,1.323697469057076,APPROX-1,APPROX-1,0.0009107742016632646,0.0009107742016632646,True,True
conv,mixed,0.01,constant_med,5,high,1.3316124410195014,APPROX-1,APPROX-1,0.0008141578081743893,0.0008141578081743893,True,True
conv,mixed,0.01,constant_med,6,high,1.5326903550024347,APPROX-1,APPROX-1,0.0014327829041287212,0.0014327829041287212,True,True
conv,mixed,0.01,constant_med,7,high,0.3966715891669871,APPROX-1,APPROX-1,0.00021053969097192276,0.00021053969097192276,True,True
conv,mixed,0.01,constant_med,8,low,0.40197288725081676,APPROX-1,APPROX-1,0.00019878800948700017,0.00019878800948700017,True,True
conv,mixed,0.01,constant_med,9,low,0.45771173812729543,APPROX-1,APPROX-1,0.00020362893450752667,0.00020362893450752667,True,True
conv,mixed,0.01,constant_med,10,low,0.4129759831744617,APPROX-1,APPROX-1,0.00023934772674717014,0.00023934772674717014,True,True
conv,mixed,0.01,constant_med,11,high,1.563368556626761,APPROX-1,APPROX-1,0.0015718481179935076,0.0015718481179935076,True,True
conv,mixed,0.01,constant_med,12,high,0.4657979175718348,APPROX-1,APPROX-1,0.00023467511540956225,0.00023467511540956225,True,True
conv,mixed,0.01,constant_med,13,low,0.4441942275433906,APPROX-1,APPROX-1,0.00020303598178436662,0.00020303598178436662,True,True
conv,mixed,0.01,constant_med,14,low,0.4128264288619761,APPROX-1,APPROX-1,0.00019959466121748426,0.00019959466121748426,True,True
conv,mixed,0.01,constant_med,15,low,0.3526085209998297,APPROX-1,APPROX-1,0.0001955177159775145,0.0001955177159775145,True,True
conv,mixed,0.01,constant_med,16,med,0.5162137251763332,APPROX-1,APPROX-1,0.00021062288120069828,0.00021062288120069828,True,True
conv,mixed,0.01,constant_med,17,high,1.6944324150196004,APPROX-1,APPROX-1,0.0012488810252839777,0.0012488810252839777,True,True
conv,mixed,0.01,constant_med,18,high,0.3395969342916578,APPROX-1,APPROX-1,0.0002300526101063401,0.0002300526101063401,True,True
conv,mixed,0.01,constant_med,19,low,0.3545174946471576,APPROX-1,APPROX-1,0.00023641995102436055,0.00023641995102436055,True,True
conv,mixed,0.01,constant_med,20,high,0.3847498654718362,APPROX-1,APPROX-1,0.00026519206383334874,0.00026519206383334874,True,True
conv,mixed,0.01,constant_med,21,low,0.3956848521980303,APPROX-1,APPROX-1,0.0002528036082944333,0.0002528036082944333,True,True
conv,mixed,0.01,constant_med,22,med,0.42642129658347677,APPROX-1,APPROX-1,0.0002446711441422772,0.0002446711441422772,True,True
conv,mixed,0.01,constant_med,23,low,0.4888567097422302,APPROX-1,APPROX-1,0.00023864130785979643,0.00023864130785979643,True,True
conv,mixed,0.01,constant_med,24,high,0.41232880415917356,APPROX-1,APPROX-1,0.00022666376299002752,0.00022666376299002752,True,True
conv,mixed,0.01,constant_med,25,low,0.37569010306170664,APPROX-1,APPROX-1,0.00020718168136345187,0.00020718168136345187,True,True
conv,mixed,0.01,constant_med,26,med,0.3548688960045067,APPROX-1,APPROX-1,0.00019124483988806803,0.00019124483988806803,True,True
conv,mixed,0.01,constant_med,27,med,0.35376079151357714,APPROX-1,APPROX-1,0.0002172425914628836,0.0002172425914628836,True,True
conv,mixed,0.01,constant_med,28,med,0.43209722335643347,APPROX-1,APPROX-1,0.0002153319968638587,0.0002153319968638587,True,True
conv,mixed,0.01,constant_med,29,med,0.5283484692130972,APPROX-1,APPROX-1,0.0002342388270407748,0.0002342388270407748,True,True
conv,mixed,0.01,constant_med,30,low,0.4634486771893556,APPROX-1,APPROX-1,0.00020730663781472796,0.00020730663781472796,True,True
conv,mixed,0.02,oscillating,0,med,0.37182167071773653,APPROX-1,APPROX-1,0.00022527355303035993,0.00022527355303035993,True,True
conv,mixed,0.02,oscillating,1,med,0.351178631291262,APPROX-1,APPROX-1,0.000191841786795383,0.000191841786795383,True,True
conv,mixed,0.02,oscillating,2,low,0.3294253109968434,APPROX-2,APPROX-1,0.005221042790506167,0.0002231433935549377,True,True
conv,mixed,0.02,oscillating,3,low,0.47861525248460074,APPROX-2,APPROX-2,0.005730372117875552,0.005730372117875552,True,True
conv,mixed,0.02,oscillating,4,high,1.323697469057076,APPROX-1,APPROX-2,0.0009107742016632646,0.013380633139034781,True,True
conv,mixed,0.02,oscillating,5,high,1.3316124410195014,APPROX-1,APPROX-2,0.0008141578081743893,0.013600666109274337,True,True
conv,mixed,0.02,oscillating,6,high,1.5326903550024347,APPROX-1,APPROX-2,0.0014327829041287212,0.023467373088278797,True,False
conv,mixed,0.02,oscillating,7,high,0.3966715891669871,APPROX-1,APPROX-1,0.00021053969097192276,0.00021053969097192276,True,True
conv,mixed,0.02,oscillating,8,low,0.40197288725081676,APPROX-1,APPROX-1,0.00019878800948700017,0.00019878800948700017,True,True
conv,mixed,0.02,oscillating,9,low,0.45771173812729543,APPROX-1,APPROX-1,0.00020362893450752667,0.00020362893450752667,True,True
conv,mixed,0.02,oscillating,10,low,0.4129759831744617,APPROX-1,APPROX-1,0.00023934772674717014,0.00023934772674717014,True,True
conv,mixed,0.02,oscillating,11,high,1.563368556626761,APPROX-1,APPROX-1,0.0015718481179935076,0.0015718481179935076,True,True
conv,mixed,0.02,oscillating,12,high,0.4657979175718348,APPROX-1,APPROX-1,0.00023467511540956225,0.00023467511540956225,True,True
conv,mixed,0.02,oscillating,13,low,0.4441942275433906,APPROX-1,APPROX-1,0.00020303598178436662,0.00020303598178436662,True,True
conv,mixed,0.02,oscillating,14,low,0.4128264288619761,APPROX-1,APPROX-1,0.00019959466121748426,0.00019959466121748426,True,True
conv,mixed,0.02,oscillating,15,low,0.3526085209998297,APPROX-1,APPROX-1,0.0001955177159775145,0.0001955177159775145,True,True
conv,mixed,0.02,oscillating,16,med,0.5162137251763332,APPROX-1,APPROX-1,0.00021062288120069828,0.00021062288120069828,True,True
conv,mixed,0.02,oscillating,17,high,1.6944324150196004,APPROX-1,APPROX-1,0.0012488810252839777,0.0012488810252839777,True,True
conv,mixed,0.02,oscillating,18,high,0.3395969342916578,APPROX-2,APPROX-2,0.0049166702703471715,0.0049166702703471715,True,True
conv,mixed,0.02,oscillating,19,low,0.3545174946471576,APPROX-2,APPROX-2,0.005228102476747932,0.005228102476747932,True,True
conv,mixed,0.02,oscillating,20,high,0.3847498654718362,APPROX-2,APPROX-2,0.005545834852435456,0.005545834852435456,True,True
conv,mixed,0.02,oscillating,21,low,0.3956848521980303,APPROX-2,APPROX-2,0.005050598270523328,0.005050598270523328,True,True
conv,mixed,0.02,oscillating,22,med,0.42642129658347677,APPROX-2,APPROX-1,0.004398104919186692,0.0002446711441422772,True,True
conv,mixed,0.02,oscillating,23,low,0.4888567097422302,APPROX-1,APPROX-1,0.00023864130785979643,0.00023864130785979643,True,True
conv,mixed,0.02,oscillating,24,high,0.41232880415917356,APPROX-1,APPROX-1,0.00022666376299002752,0.00022666376299002752,True,True
conv,mixed,0.02,oscillating,25,low,0.37569010306170664,APPROX-1,APPROX-1,0.00020718168136345187,0.00020718168136345187,True,True
conv,mixed,0.02,oscillating,26,med,0.3548688960045067,APPROX-1,APPROX-1,0.00019124483988806803,0.00019124483988806803,True,True
conv,mixed,0.02,oscillating,27,med,0.35376079151357714,APPROX-1,APPROX-1,0.0002172425914628836,0.0002172425914628836,True,True
conv,mixed,0.02,oscillating,28,med,0.43209722335643347,APPROX-1,APPROX-1,0.0002153319968638587,0.0002153319968638587,True,True
conv,mixed,0.02,oscillating,29,med,0.5283484692130972,APPROX-1,APPROX-1,0.0002342388270407748,0.0002342388270407748,True,True
conv,mixed,0.02,oscillating,30,low,0.4634486771893556,APPROX-1,APPROX-1,0.00020730663781472796,0.00020730663781472796,True,True
conv,mixed,0.02,rising,0,med,0.37182167071773653,APPROX-1,APPROX-1,0.00022527355303035993,0.00022527355303035993,True,True
conv,mixed,0.02,rising,1,med,0.351178631291262,APPROX-1,APPROX-1,0.000191841786795383,0.000191841786795383,True,True
conv,mixed,0.02,rising,2,low,0.3294253109968434,APPROX-1,APPROX-1,0.0002231433935549377,0.0002231433935549377,True,True
conv,mixed,0.02,rising,3,low,0.47861525248460074,APPROX-1,APPROX-1,0.0001890403217402217,0.0001890403217402217,True,True
conv,mixed,0.02,rising,4,high,1.323697469057076,APPROX-1,APPROX-1,0.0009107742016632646,0.0009107742016632646,True,True
conv,mixed,0.02,rising,5,high,1.3316124410195014,APPROX-1,APPROX-1,0.0008141578081743893,0.0008141578081743893,True,True
conv,mixed,0.02,rising,6,high,1.5326903550024347,APPROX-1,APPROX-1,0.0014327829041287212,0.0014327829041287212,True,True
conv,mixed,0.02,rising,7,high,0.3966715891669871,APPROX-1,APPROX-1,0.00021053969097192276,0.00021053969097192276,True,True
conv,mixed,0.02,rising,8,low,0.40197288725081676,APPROX-1,APPROX-1,0.00019878800948700017,0.00019878800948700017,True,True
conv,mixed,0.02,rising,9,low,0.45771173812729543,APPROX-1,APPROX-1,0.00020362893450752667,0.00020362893450752667,True,True
conv,mixed,0.02,rising,10,low,0.4129759831744617,APPROX-1,APPROX-1,0.00023934772674717014,0.00023934772674717014,True,True
conv,mixed,0.02,rising,11,high,1.563368556626761,APPROX-1,APPROX-1,0.0015718481179935076,0.0015718481179935076,True,True
conv,mixed,0.02,rising,12,high,0.4657979175718348,APPROX-1,APPROX-1,0.00023467511540956225,0.00023467511540956225,True,True
conv,mixed,0.02,rising,13,low,0.4441942275433906,APPROX-1,APPROX-1,0.00020303598178436662,0.00020303598178436662,True,True
conv,mixed,0.02,rising,14,low,0.4128264288619761,APPROX-1,APPROX-1,0.00019959466121748426,0.00019959466121748426,True,True
conv,mixed,0.02,rising,15,low,0.3526085209998297,APPROX-1,APPROX-1,0.0001955177159775145,0.0001955177159775145,True,True
conv,mixed,0.02,rising,16,med,0.5162137251763332,APPROX-1,APPROX-1,0.00021062288120069828,0.00021062288120069828,True,True
conv,mixed,0.02,rising,17,high,1.6944324150196004,APPROX-1,APPROX-1,0.0012488810252839777,0.0012488810252839777,True,True
conv,mixed,0.02,rising,18,high,0.3395969342916578,APPROX-1,APPROX-1,0.0002300526101063401,0.0002300526101063401,True,True
conv,mixed,0.02,rising,19,low,0.3545174946471576,APPROX-1,APPROX-1,0.00023641995102436055,0.00023641995102436055,True,True
conv,mixed,0.02,rising,20,high,0.3847498654718362,APPROX-1,APPROX-1,0.00026519206383334874,0.00026519206383334874,True,True
conv,mixed,0.02,rising,21,low,0.3956848521980303,APPROX-1,APPROX-1,0.0002528036082944333,0.0002528036082944333,True,True
conv,mixed,0.02,rising,22,med,0.42642129658347677,APPROX-1,APPROX-1,0.0002446711441422772,0.0002446711441422772,True,True
conv,mixed,0.02,rising,23,low,0.4888567097422302,APPROX-1,APPROX-1,0.00023864130785979643,0.00023864130785979643,True,True
conv,mixed,0.02,rising,24,high,0.41232880415917356,APPROX-1,APPROX-1,0.00022666376299002752,0.00022666376299002752,True,True
conv,mixed,0.02,rising,25,low,0.37569010306170664,APPROX-1,APPROX-1,0.00020718168136345187,0.00020718168136345187,True,True
conv,mixed,0.02,rising,26,med,0.3548688960045067,APPROX-2,APPROX-1,0.004854551182916287,0.00019124483988806803,True,True
conv,mixed,0.02,rising,27,med,0.35376079151357714,APPROX-2,APPROX-1,0.004733715904690349,0.0002172425914628836,True,True
conv,mixed,0.02,rising,28,med,0.43209722335643347,APPROX-1,APPROX-1,0.0002153319968638587,0.0002153319968638587,True,True
conv,mixed,0.02,rising,29,med,0.5283484692130972,APPROX-2,APPROX-2,0.0053192792120431015,0.0053192792120431015,True,True
conv,mixed,0.02,rising,30,low,0.4634486771893556,APPROX-2,APPROX-2,0.005296705902245362,0.005296705902245362,True,True
conv,mixed,0.02,constant_med,0,med,0.37182167071773653,APPROX-1,APPROX-1,0.00022527355303035993,0.00022527355303035993,True,True
conv,mixed,0.02,constant_med,1,med,0.351178631291262,APPROX-1,APPROX-1,0.000191841786795383,0.000191841786795383,True,True
conv,mixed,0.02,constant_med,2,low,0.3294253109968434,APPROX-1,APPROX-1,0.0002231433935549377,0.0002231433935549377,True,True
conv,mixed,0.02,constant_med,3,low,0.47861525248460074,APPROX-1,APPROX-1,0.0001890403217402217,0.0001890403217402217,True,True
conv,mixed,0.02,constant_med,4,high,1.323697469057076,APPROX-1,APPROX-1,0.0009107742016632646,0.0009107742016632646,True,True
conv,mixed,0.02,constant_med,5,high,1.3316124410195014,APPROX-1,APPROX-1,0.0008141578081743893,0.0008141578081743893,True,True
conv,mixed,0.02,constant_med,6,high,1.5326903550024347,APPROX-1,APPROX-1,0.0014327829041287212,0.0014327829041287212,True,True
conv,mixed,0.02,constant_med,7,high,0.3966715891669871,APPROX-1,APPROX-1,0.00021053969097192276,0.00021053969097192276,True,True
conv,mixed,0.02,constant_med,8,low,0.40197288725081676,APPROX-1,APPROX-1,0.00019878800948700017,0.00019878800948700017,True,True
conv,mixed,0.02,constant_med,9,low,0.45771173812729543,APPROX-1,APPROX-1,0.00020362893450752667,0.00020362893450752667,True,True
conv,mixed,0.02,constant_med,10,low,0.4129759831744617,APPROX-1,APPROX-1,0.00023934772674717014,0.00023934772674717014,True,True
conv,mixed,0.02,constant_med,11,high,1.563368556626761,APPROX-1,APPROX-1,0.0015718481179935076,0.0015718481179935076,True,True
conv,mixed,0.02,constant_med,12,high,0.4657979175718348,APPROX-1,APPROX-1,0.00023467511540956225,0.00023467511540956225,True,True
conv,mixed,0.02,constant_med,13,low,0.4441942275433906,APPROX-1,APPROX-1,0.00020303598178436662,0.00020303598178436662,True,True
conv,mixed,0.02,constant_med,14,low,0.4128264288619761,APPROX-1,APPROX-1,0.00019959466121748426,0.00019959466121748426,True,True
conv,mixed,0.02,constant_med,15,low,0.3526085209998297,APPROX-1,APPROX-1,0.0001955177159775145,0.0001955177159775145,True,True
conv,mixed,0.02,constant_med,16,med,0.5162137251763332,APPROX-1,APPROX-1,0.00021062288120069828,0.00021062288120069828,True,True
conv,mixed,0.02,constant_med,17,high,1.6944324150196004,APPROX-1,APPROX-1,0.0012488810252839777,0.0012488810252839777,True,True
conv,mixed,0.02,constant_med,18,high,0.3395969342916578,APPROX-1,APPROX-1,0.0002300526101063401,0.0002300526101063401,True,True
conv,mixed,0.02,constant_med,19,low,0.3545174946471576,APPROX-1,APPROX-1,0.00023641995102436055,0.00023641995102436055,True,True
conv,mixed,0.02,constant_med,20,high,0.3847498654718362,APPROX-1,APPROX-1,0.00026519206383334874,0.00026519206383334874,True,True
conv,mixed,0.02,constant_med,21,low,0.3956848521980303,APPROX-1,APPROX-1,0.0002528036082944333,0.0002528036082944333,True,True
conv,mixed,0.02,constant_med,22,med,0.42642129658347677,APPROX-1,APPROX-1,0.0002446711441422772,0.0002446711441422772,True,True
conv,mixed,0.02,constant_med,23,low,0.4888567097422302,APPROX-1,APPROX-1,0.00023864130785979643,0.00023864130785979643,True,True
conv,mixed,0.02,constant_med,24,high,0.41232880415917356,APPROX-1,APPROX-1,0.00022666376299002752,0.00022666376299002752,True,True
conv,mixed,0.02,constant_med,25,low,0.37569010306170664,APPROX-1,APPROX-1,0.00020718168136345187,0.00020718168136345187,True,True
conv,mixed,0.02,constant_med,26,med,0.3548688960045067,APPROX-1,APPROX-1,0.00019124483988806803,0.00019124483988806803,True,True
conv,mixed,0.02,constant_med,27,med,0.35376079151357714,APPROX-1,APPROX-1,0.0002172425914628836,0.0002172425914628836,True,True
conv,mixed,0.02,constant_med,28,med,0.43209722335643347,APPROX-1,APPROX-1,0.0002153319968638587,0.0002153319968638587,True,True
conv,mixed,0.02,constant_med,29,med,0.5283484692130972,APPROX-1,APPROX-1,0.0002342388270407748,0.0002342388270407748,True,True
conv,mixed,0.02,constant_med,30,low,0.4634486771893556,APPROX-1,APPROX-1,0.00020730663781472796,0.00020730663781472796,True,True
conv,mixed,0.05,oscillating,0,med,0.37182167071773653,APPROX-2,APPROX-1,0.004735868914084153,0.00022527355303035993,True,True
conv,mixed,0.05,oscillating,1,med,0.351178631291262,APPROX-2,APPROX-2,0.00499037364481868,0.00499037364481868,True,True
conv,mixed,0.05,oscillating,2,low,0.3294253109968434,APPROX-2,APPROX-2,0.005221042790506167,0.005221042790506167,True,True
conv,mixed,0.05,oscillating,3,low,0.47861525248460074,APPROX-2,APPROX-2,0.005730372117875552,0.005730372117875552,True,True
conv,mixed,0.05,oscillating,4,high,1.323697469057076,APPROX-2,APPROX-3,0.013380633139034781,0.05023638080848493,True,False
conv,mixed,0.05,oscillating,5,high,1.3316124410195014,APPROX-2,APPROX-2,0.013600666109274337,0.013600666109274337,True,True
conv,mixed,0.05,oscillating,6,high,1.5326903550024347,APPROX-2,APPROX-2,0.023467373088278797,0.023467373088278797,True,True
conv,mixed,0.05,oscillating,7,high,0.3966715891669871,APPROX-2,APPROX-2,0.0056847716816037135,0.0056847716816037135,True,True
conv,mixed,0.05,oscillating,8,low,0.40197288725081676,APPROX-1,APPROX-1,0.00019878800948700017,0.00019878800948700017,True,True
conv,mixed,0.05,oscillating,9,low,0.45771173812729543,APPROX-1,APPROX-1,0.00020362893450752667,0.00020362893450752667,True,True
conv,mixed,0.05,oscillating,10,low,0.4129759831744617,APPROX-1,APPROX-1,0.00023934772674717014,0.00023934772674717014,True,True
conv,mixed,0.05,oscillating,11,high,1.563368556626761,APPROX-1,APPROX-1,0.0015718481179935076,0.0015718481179935076,True,True
conv,mixed,0.05,oscillating,12,high,0.4657979175718348,APPROX-1,APPROX-1,0.00023467511540956225,0.00023467511540956225,True,True
conv,mixed,0.05,oscillating,13,low,0.4441942275433906,APPROX-1,APPROX-1,0.00020303598178436662,0.00020303598178436662,True,True
conv,mixed,0.05,oscillating,14,low,0.4128264288619761,APPROX-1,APPROX-1,0.00019959466121748426,0.00019959466121748426,True,True
conv,mixed,0.05,oscillating,15,low,0.3526085209998297,APPROX-1,APPROX-1,0.0001955177159775145,0.0001955177159775145,True,True
conv,mixed,0.05,oscillating,16,med,0.5162137251763332,APPROX-1,APPROX-1,0.00021062288120069828,0.00021062288120069828,True,True
conv,mixed,0.05,oscillating,17,high,1.6944324150196004,APPROX-1,APPROX-2,0.0012488810252839777,0.017704133008031003,True,True
conv,mixed,0.05,oscillating,18,high,0.3395969342916578,APPROX-2,APPROX-2,0.0049166702703471715,0.0049166702703471715,True,True
conv,mixed,0.05,oscillating,19,low,0.3545174946471576,APPROX-3,APPROX-3,0.016994827120426017,0.016994827120426017,True,True
conv,mixed,0.05,oscillating,20,high,0.3847498654718362,APPROX-3,APPROX-3,0.020253005194418597,0.020253005194418597,True,True
conv,mixed,0.05,oscillating,21,low,0.3956848521980303,APPROX-2,APPROX-2,0.005050598270523328,0.005050598270523328,True,True
conv,mixed,0.05,oscillating,22,med,0.42642129658347677,APPROX-2,APPROX-2,0.004398104919186692,0.004398104919186692,True,True
conv,mixed,0.05,oscillating,23,low,0.4888567097422302,APPROX-2,APPROX-2,0.005387047042912233,0.005387047042912233,True,True
conv,mixed,0.05,oscillating,24,high,0.41232880415917356,APPROX-1,APPROX-1,0.00022666376299002752,0.00022666376299002752,True,True
conv,mixed,0.05,oscillating,25,low,0.37569010306170664,APPROX-1,APPROX-1,0.00020718168136345187,0.00020718168136345187,True,True
conv,mixed,0.05,oscillating,26,med,0.3548688960045067,APPROX-1,APPROX-1,0.00019124483988806803,0.00019124483988806803,True,True
conv,mixed,0.05,oscillating,27,med,0.35376079151357714,APPROX-1,APPROX-1,0.0002172425914628836,0.0002172425914628836,True,True
conv,mixed,0.05,oscillating,28,med,0.43209722335643347,APPROX-1,APPROX-1,0.0002153319968638587,0.0002153319968638587,True,True
conv,mixed,0.05,oscillating,29,med,0.5283484692130972,APPROX-1,APPROX-1,0.0002342388270407748,0.0002342388270407748,True,True
conv,mixed,0.05,oscillating,30,low,0.4634486771893556,APPROX-1,APPROX-1,0.00020730663781472796,0.00020730663781472796,True,True
conv,mixed,0.05,rising,0,med,0.37182167071773653,APPROX-1,APPROX-1,0.00022527355303035993,0.00022527355303035993,True,True
conv,mixed,0.05,rising,1,med,0.351178631291262,APPROX-1,APPROX-1,0.000191841786795383,0.000191841786795383,True,True
conv,mixed,0.05,rising,2,low,0.3294253109968434,APPROX-1,APPROX-1,0.0002231433935549377,0.0002231433935549377,True,True
conv,mixed,0.05,rising,3,low,0.47861525248460074,APPROX-1,APPROX-1,0.0001890403217402217,0.0001890403217402217,True,True
conv,mixed,0.05,rising,4,high,1.323697469057076,APPROX-1,APPROX-1,0.0009107742016632646,0.0009107742016632646,True,True
conv,mixed,0.05,rising,5,high,1.3316124410195014,APPROX-1,APPROX-1,0.0008141578081743893,0.0008141578081743893,True,True
conv,mixed,0.05,rising,6,high,1.5326903550024347,APPROX-1,APPROX-1,0.0014327829041287212,0.0014327829041287212,True,True
conv,mixed,0.05,rising,7,high,0.3966715891669871,APPROX-1,APPROX-1,0.00021053969097192276,0.00021053969097192276,True,True
conv,mixed,0.05,rising,8,low,0.40197288725081676,APPROX-1,APPROX-1,0.00019878800948700017,0.00019878800948700017,True,True
conv,mixed,0.05,rising,9,low,0.45771173812729543,APPROX-1,APPROX-1,0.00020362893450752667,0.00020362893450752667,True,True
conv,mixed,0.05,rising,10,low,0.4129759831744617,APPROX-1,APPROX-1,0.00023934772674717014,0.00023934772674717014,True,True
conv,mixed,0.05,rising,11,high,1.563368556626761,APPROX-1,APPROX-1,0.0015718481179935076,0.0015718481179935076,True,True
conv,mixed,0.05,rising,12,high,0.4657979175718348,APPROX-1,APPROX-1,0.00023467511540956225,0.00023467511540956225,True,True
conv,mixed,0.05,rising,13,low,0.4441942275433906,APPROX-1,APPROX-1,0.00020303598178436662,0.00020303598178436662,True,True
conv,mixed,0.05,rising,14,low,0.4128264288619761,APPROX-1,APPROX-1,0.00019959466121748426,0.00019959466121748426,True,True
conv,mixed,0.05,rising,15,low,0.3526085209998297,APPROX-2,APPROX-1,0.0056784533840210484,0.0001955177159775145,True,True
conv,mixed,0.05,rising,16,med,0.5162137251763332,APPROX-1,APPROX-1,0.00021062288120069828,0.00021062288120069828,True,True
conv,mixed,0.05,rising,17,high,1.6944324150196004,APPROX-1,APPROX-1,0.0012488810252839777,0.0012488810252839777,True,True
conv,mixed,0.05,rising,18,high,0.3395969342916578,APPROX-2,APPROX-1,0.0049166702703471715,0.0002300526101063401,True,True
conv,mixed,0.05,rising,19,low,0.3545174946471576,APPROX-2,APPROX-2,0.005228102476747932,0.005228102476747932,True,True
conv,mixed,0.05,rising,20,high,0.3847498654718362,APPROX-2,APPROX-2,0.005545834852435456,0.005545834852435456,True,True
conv,mixed,0.05,rising,21,low,0.3956848521980303,APPROX-2,APPROX-2,0.005050598270523328,0.005050598270523328,True,True
conv,mixed,0.05,rising,22,med,0.42642129658347677,APPROX-2,APPROX-2,0.004398104919186692,0.004398104919186692,True,True
conv,mixed,0.05,rising,23,low,0.4888567097422302,APPROX-2,APPROX-2,0.005387047042912233,0.005387047042912233,True,True
conv,mixed,0.05,rising,24,high,0.41232880415917356,APPROX-2,APPROX-2,0.005317637754994079,0.005317637754994079,True,True
conv,mixed,0.05,rising,25,low,0.37569010306170664,APPROX-2,APPROX-2,0.005228985868338466,0.005228985868338466,True,True
conv,mixed,0.05,rising,26,med,0.3548688960045067,APPROX-2,APPROX-2,0.004854551182916287,0.004854551182916287,True,True
conv,mixed,0.05,rising,27,med,0.35376079151357714,APPROX-2,APPROX-2,0.004733715904690349,0.004733715904690349,True,True
conv,mixed,0.05,rising,28,med,0.43209722335643347,APPROX-2,APPROX-2,0.004784309179182158,0.004784309179182158,True,True
conv,mixed,0.05,rising,29,med,0.5283484692130972,APPROX-2,APPROX-2,0.0053192792120431015,0.0053192792120431015,True,True
conv,mixed,0.05,rising,30,low,0.4634486771893556,APPROX-3,APPROX-3,0.016962617006251353,0.016962617006251353,True,True
conv,mixed,0.05,constant_med,0,med,0.37182167071773653,APPROX-2,APPROX-1,0.004735868914084153,0.00022527355303035993,True,True
conv,mixed,0.05,constant_med,1,med,0.351178631291262,APPROX-2,APPROX-1,0.00499037364481868,0.000191841786795383,True,True
conv,mixed,0.05,constant_med,2,low,0.3294253109968434,APPROX-2,APPROX-1,0.005221042790506167,0.0002231433935549377,True,True
conv,mixed,0.05,constant_med,3,low,0.47861525248460074,APPROX-1,APPROX-1,0.0001890403217402217,0.0001890403217402217,True,True
conv,mixed,0.05,constant_med,4,high,1.323697469057076,APPROX-1,APPROX-1,0.0009107742016632646,0.0009107742016632646,True,True
conv,mixed,0.05,constant_med,5,high,1.3316124410195014,APPROX-1,APPROX-1,0.0008141578081743893,0.0008141578081743893,True,True
conv,mixed,0.05,constant_med,6,high,1.5326903550024347,APPROX-1,APPROX-1,0.0014327829041287212,0.0014327829041287212,True,True
conv,mixed,0.05,constant_med,7,high,0.3966715891669871,APPROX-2,APPROX-1,0.0056847716816037135,0.00021053969097192276,True,True
conv,mixed,0.05,constant_med,8,low,0.40197288725081676,APPROX-2,APPROX-1,0.005093491257835508,0.00019878800948700017,True,True
conv,mixed,0.05,constant_med,9,low,0.45771173812729543,APPROX-1,APPROX-1,0.00020362893450752667,0.00020362893450752667,True,True
conv,mixed,0.05,constant_med,10,low,0.4129759831744617,APPROX-2,APPROX-1,0.005396336537059908,0.00023934772674717014,True,True
conv,mixed,0.05,constant_med,11,high,1.563368556626761,APPROX-1,APPROX-1,0.0015718481179935076,0.0015718481179935076,True,True
conv,mixed,0.05,constant_med,12,high,0.4657979175718348,APPROX-1,APPROX-1,0.00023467511540956225,0.00023467511540956225,True,True
conv,mixed,0.05,constant_med,13,low,0.4441942275433906,APPROX-1,APPROX-1,0.00020303598178436662,0.00020303598178436662,True,True
conv,mixed,0.05,constant_med,14,low,0.4128264288619761,APPROX-2,APPROX-1,0.004677494264793641,0.00019959466121748426,True,True
conv,mixed,0.05,constant_med,15,low,0.3526085209998297,APPROX-2,APPROX-1,0.0056784533840210484,0.0001955177159775145,True,True
conv,mixed,0.05,constant_med,16,med,0.5162137251763332,APPROX-1,APPROX-1,0.00021062288120069828,0.00021062288120069828,True,True
conv,mixed,0.05,constant_med,17,high,1.6944324150196004,APPROX-1,APPROX-1,0.0012488810252839777,0.0012488810252839777,True,True
conv,mixed,0.05,constant_med,18,high,0.3395969342916578,APPROX-2,APPROX-1,0.0049166702703471715,0.0002300526101063401,True,True
conv,mixed,0.05,constant_med,19,low,0.3545174946471576,APPROX-2,APPROX-1,0.005228102476747932,0.00023641995102436055,True,True
conv,mixed,0.05,constant_med,20,high,0.3847498654718362,APPROX-2,APPROX-1,0.005545834852435456,0.00026519206383334874,True,True
conv,mixed,0.05,constant_med,21,low,0.3956848521980303,APPROX-2,APPROX-1,0.005050598270523328,0.0002528036082944333,True,True
conv,mixed,0.05,constant_med,22,med,0.42642129658347677,APPROX-2,APPROX-1,0.004398104919186692,0.0002446711441422772,True,True
conv,mixed,0.05,constant_med,23,low,0.4888567097422302,APPROX-1,APPROX-1,0.00023864130785979643,0.00023864130785979643,True,True
conv,mixed,0.05,constant_med,24,high,0.41232880415917356,APPROX-2,APPROX-1,0.005317637754994079,0.00022666376299002752,True,True
conv,mixed,0.05,constant_med,25,low,0.37569010306170664,APPROX-2,APPROX-1,0.005228985868338466,0.00020718168136345187,True,True
conv,mixed,0.05,constant_med,26,med,0.3548688960045067,APPROX-2,APPROX-1,0.004854551182916287,0.00019124483988806803,True,True
conv,mixed,0.05,constant_med,27,med,0.35376079151357714,APPROX-2,APPROX-1,0.004733715904690349,0.0002172425914628836,True,True
conv,mixed,0.05,constant_med,28,med,0.43209722335643347,APPROX-1,APPROX-1,0.0002153319968638587,0.0002153319968638587,True,True
conv,mixed,0.05,constant_med,29,med,0.5283484692130972,APPROX-1,APPROX-1,0.0002342388270407748,0.0002342388270407748,True,True
conv,mixed,0.05,constant_med,30,low,0.4634486771893556,APPROX-1,APPROX-1,0.00020730663781472796,0.00020730663781472796,True,True
conv,mixed,0.1,oscillating,0,med,0.37182167071773653,APPROX-2,APPROX-2,0.004735868914084153,0.004735868914084153,True,True
conv,mixed,0.1,oscillating,1,med,0.351178631291262,APPROX-2,APPROX-2,0.00499037364481868,0.00499037364481868,True,True
conv,mixed,0.1,oscillating,2,low,0.3294253109968434,APPROX-2,APPROX-2,0.005221042790506167,0.005221042790506167,True,True
conv,mixed,0.1,oscillating,3,low,0.47861525248460074,APPROX-3,APPROX-2,0.019307001494022195,0.005730372117875552,True,True
conv,mixed,0.1,oscillating,4,high,1.323697469057076,APPROX-2,APPROX-3,0.013380633139034781,0.05023638080848493,True,True
conv,mixed,0.1,oscillating,5,high,1.3316124410195014,APPROX-2,APPROX-2,0.013600666109274337,0.013600666109274337,True,True
conv,mixed,0.1,oscillating,6,high,1.5326903550024347,APPROX-2,APPROX-3,0.023467373088278797,0.08734376832417971,True,True
conv,mixed,0.1,oscillating,7,high,0.3966715891669871,APPROX-2,APPROX-2,0.0056847716816037135,0.0056847716816037135,True,True
conv,mixed,0.1,oscillating,8,low,0.40197288725081676,APPROX-2,APPROX-2,0.005093491257835508,0.005093491257835508,True,True
conv,mixed,0.1,oscillating,9,low,0.45771173812729543,APPROX-2,APPROX-2,0.005058817126456884,0.005058817126456884,True,True
conv,mixed,0.1,oscillating,10,low,0.4129759831744617,APPROX-2,APPROX-1,0.005396336537059908,0.00023934772674717014,True,True
conv,mixed,0.1,oscillating,11,high,1.563368556626761,APPROX-1,APPROX-1,0.0015718481179935076,0.0015718481179935076,True,True
conv,mixed,0.1,oscillating,12,high,0.4657979175718348,APPROX-1,APPROX-1,0.00023467511540956225,0.00023467511540956225,True,True
conv,mixed,0.1,oscillating,13,low,0.4441942275433906,APPROX-2,APPROX-1,0.005236321663649312,0.00020303598178436662,True,True
conv,mixed,0.1,oscillating,14,low,0.4128264288619761,APPROX-2,APPROX-1,0.004677494264793641,0.00019959466121748426,True,True
conv,mixed,0.1,oscillating,15,low,0.3526085209998297,APPROX-2,APPROX-1,0.0056784533840210484,0.0001955177159775145,True,True
conv,mixed,0.1,oscillating,16,med,0.5162137251763332,APPROX-2,APPROX-2,0.005723660416014085,0.005723660416014085,True,True
conv,mixed,0.1,oscillating,17,high,1.6944324150196004,APPROX-1,APPROX-2,0.0012488810252839777,0.017704133008031003,True,True
conv,mixed,0.1,oscillating,18,high,0.3395969342916578,APPROX-2,APPROX-2,0.0049166702703471715,0.0049166702703471715,True,True
conv,mixed,0.1,oscillating,19,low,0.3545174946471576,APPROX-3,APPROX-3,0.016994827120426017,0.016994827120426017,True,True
conv,mixed,0.1,oscillating,20,high,0.3847498654718362,APPROX-3,APPROX-3,0.020253005194418597,0.020253005194418597,True,True
conv,mixed,0.1,oscillating,21,low,0.3956848521980303,APPROX-3,APPROX-2,0.017329487500399244,0.005050598270523328,True,True
conv,mixed,0.1,oscillating,22,med,0.42642129658347677,APPROX-2,APPROX-2,0.004398104919186692,0.004398104919186692,True,True
conv,mixed,0.1,oscillating,23,low,0.4888567097422302,APPROX-2,APPROX-2,0.005387047042912233,0.005387047042912233,True,True
conv,mixed,0.1,oscillating,24,high,0.41232880415917356,APPROX-2,APPROX-2,0.005317637754994079,0.005317637754994079,True,True
conv,mixed,0.1,oscillating,25,low,0.37569010306170664,APPROX-2,APPROX-2,0.005228985868338466,0.005228985868338466,True,True
conv,mixed,0.1,oscillating,26,med,0.3548688960045067,APPROX-2,APPROX-1,0.004854551182916287,0.00019124483988806803,True,True
conv,mixed,0.1,oscillating,27,med,0.35376079151357714,APPROX-2,APPROX-1,0.004733715904690349,0.0002172425914628836,True,True
conv,mixed,0.1,oscillating,28,med,0.43209722335643347,APPROX-1,APPROX-1,0.0002153319968638587,0.0002153319968638587,True,True
conv,mixed,0.1,oscillating,29,med,0.5283484692130972,APPROX-1,APPROX-1,0.0002342388270407748,0.0002342388270407748,True,True
conv,mixed,0.1,oscillating,30,low,0.4634486771893556,APPROX-2,APPROX-2,0.005296705902245362,0.005296705902245362,True,True
conv,mixed,0.1,rising,0,med,0.37182167071773653,APPROX-2,APPROX-1,0.004735868914084153,0.00022527355303035993,True,True
conv,mixed,0.1,rising,1,med,0.351178631291262,APPROX-2,APPROX-1,0.00499037364481868,0.000191841786795383,True,True
conv,mixed,0.1,rising,2,low,0.3294253109968434,APPROX-2,APPROX-1,0.005221042790506167,0.0002231433935549377,True,True
conv,mixed,0.1,rising,3,low,0.47861525248460074,APPROX-2,APPROX-1,0.005730372117875552,0.0001890403217402217,True,True
conv,mixed,0.1,rising,4,high,1.323697469057076,APPROX-1,APPROX-1,0.0009107742016632646,0.0009107742016632646,True,True
conv,mixed,0.1,rising,5,high,1.3316124410195014,APPROX-1,APPROX-1,0.0008141578081743893,0.0008141578081743893,True,True
conv,mixed,0.1,rising,6,high,1.5326903550024347,APPROX-1,APPROX-2,0.0014327829041287212,0.023467373088278797,True,True
conv,mixed,0.1,rising,7,high,0.3966715891669871,APPROX-2,APPROX-2,0.0056847716816037135,0.0056847716816037135,True,True
conv,mixed,0.1,rising,8,low,0.40197288725081676,APPROX-2,APPROX-1,0.005093491257835508,0.00019878800948700017,True,True
conv,mixed,0.1,rising,9,low,0.45771173812729543,APPROX-2,APPROX-2,0.005058817126456884,0.005058817126456884,True,True
conv,mixed,0.1,rising,10,low,0.4129759831744617,APPROX-2,APPROX-2,0.005396336537059908,0.005396336537059908,True,True
conv,mixed,0.1,rising,11,high,1.563368556626761,APPROX-1,APPROX-2,0.0015718481179935076,0.022092857707992984,True,True
conv,mixed,0.1,rising,12,high,0.4657979175718348,APPROX-2,APPROX-2,0.0058255156566283176,0.0058255156566283176,True,True
conv,mixed,0.1,rising,13,low,0.4441942275433906,APPROX-2,APPROX-2,0.005236321663649312,0.005236321663649312,True,True
conv,mixed,0.1,rising,14,low,0.4128264288619761,APPROX-2,APPROX-2,0.004677494264793641,0.004677494264793641,True,True
conv,mixed,0.1,rising,15,low,0.3526085209998297,APPROX-2,APPROX-2,0.0056784533840210484,0.0056784533840210484,True,True
conv,mixed,0.1,rising,16,med,0.5162137251763332,APPROX-2,APPROX-2,0.005723660416014085,0.005723660416014085,True,True
conv,mixed,0.1,rising,17,high,1.6944324150196004,APPROX-1,APPROX-2,0.0012488810252839777,0.017704133008031003,True,True
conv,mixed,0.1,rising,18,high,0.3395969342916578,APPROX-2,APPROX-2,0.0049166702703471715,0.0049166702703471715,True,True
conv,mixed,0.1,rising,19,low,0.3545174946471576,APPROX-2,APPROX-2,0.005228102476747932,0.005228102476747932,True,True
conv,mixed,0.1,rising,20,high,0.3847498654718362,APPROX-2,APPROX-2,0.005545834852435456,0.005545834852435456,True,True
conv,mixed,0.1,rising,21,low,0.3956848521980303,APPROX-2,APPROX-2,0.005050598270523328,0.005050598270523328,True,True
conv,mixed,0.1,rising,22,med,0.42642129658347677,APPROX-2,APPROX-2,0.004398104919186692,0.004398104919186692,True,True
conv,mixed,0.1,rising,23,low,0.4888567097422302,APPROX-2,APPROX-2,0.005387047042912233,0.005387047042912233,True,True
conv,mixed,0.1,rising,24,high,0.41232880415917356,APPROX-2,APPROX-2,0.005317637754994079,0.005317637754994079,True,True
conv,mixed,0.1,rising,25,low,0.37569010306170664,APPROX-2,APPROX-2,0.005228985868338466,0.005228985868338466,True,True
conv,mixed,0.1,rising,26,med,0.3548688960045067,APPROX-2,APPROX-2,0.004854551182916287,0.004854551182916287,True,True
conv,mixed,0.1,rising,27,med,0.35376079151357714,APPROX-2,APPROX-2,0.004733715904690349,0.004733715904690349,True,True
conv,mixed,0.1,rising,28,med,0.43209722335643347,APPROX-2,APPROX-2,0.004784309179182158,0.004784309179182158,True,True
conv,mixed,0.1,rising,29,med,0.5283484692130972,APPROX-2,APPROX-2,0.0053192792120431015,0.0053192792120431015,True,True
conv,mixed,0.1,rising,30,low,0.4634486771893556,APPROX-3,APPROX-3,0.016962617006251353,0.016962617006251353,True,True
conv,mixed,0.1,constant_med,0,med,0.37182167071773653,APPROX-2,APPROX-2,0.004735868914084153,0.004735868914084153,True,True
conv,mixed,0.1,constant_med,1,med,0.351178631291262,APPROX-2,APPROX-2,0.00499037364481868,0.00499037364481868,True,True
conv,mixed,0.1,constant_med,2,low,0.3294253109968434,APPROX-2,APPROX-2,0.005221042790506167,0.005221042790506167,True,True
conv,mixed,0.1,constant_med,3,low,0.47861525248460074,APPROX-2,APPROX-2,0.005730372117875552,0.005730372117875552,True,True
conv,mixed,0.1,constant_med,4,high,1.323697469057076,APPROX-1,APPROX-2,0.0009107742016632646,0.013380633139034781,True,True
conv,mixed,0.1,constant_med,5,high,1.3316124410195014,APPROX-1,APPROX-2,0.0008141578081743893,0.013600666109274337,True,True
conv,mixed,0.1,constant_med,6,high,1.5326903550024347,APPROX-1,APPROX-2,0.0014327829041287212,0.023467373088278797,True,True
conv,mixed,0.1,constant_med,7,high,0.3966715891669871,APPROX-2,APPROX-2,0.0056847716816037135,0.0056847716816037135,True,True
conv,mixed,0.1,constant_med,8,low,0.40197288725081676,APPROX-2,APPROX-2,0.005093491257835508,0.005093491257835508,True,True
conv,mixed,0.1,constant_med,9,low,0.45771173812729543,APPROX-2,APPROX-2,0.005058817126456884,0.005058817126456884,True,True
conv,mixed,0.1,constant_med,10,low,0.4129759831744617,APPROX-2,APPROX-2,0.005396336537059908,0.005396336537059908,True,True
conv,mixed,0.1,constant_med,11,high,1.563368556626761,APPROX-1,APPROX-2,0.0015718481179935076,0.022092857707992984,True,True
conv,mixed,0.1,constant_med,12,high,0.4657979175718348,APPROX-2,APPROX-2,0.0058255156566283176,0.0058255156566283176,True,True
conv,mixed,0.1,constant_med,13,low,0.4441942275433906,APPROX-2,APPROX-2,0.005236321663649312,0.005236321663649312,True,True
conv,mixed,0.1,constant_med,14,low,0.4128264288619761,APPROX-2,APPROX-2,0.004677494264793641,0.004677494264793641,True,True
conv,mixed,0.1,constant_med,15,low,0.3526085209998297,APPROX-2,APPROX-2,0.0056784533840210484,0.0056784533840210484,True,True
conv,mixed,0.1,constant_med,16,med,0.5162137251763332,APPROX-2,APPROX-2,0.005723660416014085,0.005723660416014085,True,True
conv,mixed,0.1,constant_med,17,high,1.6944324150196004,APPROX-1,APPROX-2,0.0012488810252839777,0.017704133008031003,True,True
conv,mixed,0.1,constant_med,18,high,0.3395969342916578,APPROX-2,APPROX-2,0.0049166702703471715,0.0049166702703471715,True,True
conv,mixed,0.1,constant_med,19,low,0.3545174946471576,APPROX-2,APPROX-2,0.005228102476747932,0.005228102476747932,True,True
conv,mixed,0.1,constant_med,20,high,0.3847498654718362,APPROX-2,APPROX-2,0.005545834852435456,0.005545834852435456,True,True
conv,mixed,0.1,constant_med,21,low,0.3956848521980303,APPROX-2,APPROX-2,0.005050598270523328,0.005050598270523328,True,True
conv,mixed,0.1,constant_med,22,med,0.42642129658347677,APPROX-2,APPROX-2,0.004398104919186692,0.004398104919186692,True,True
conv,mixed,0.1,constant_med,23,low,0.4888567097422302,APPROX-2,APPROX-2,0.005387047042912233,0.005387047042912233,True,True
conv,mixed,0.1,constant_med,24,high,0.41232880415917356,APPROX-2,APPROX-2,0.005317637754994079,0.005317637754994079,True,True
conv,mixed,0.1,constant_med,25,low,0.37569010306170664,APPROX-2,APPROX-2,0.005228985868338466,0.005228985868338466,True,True
conv,mixed,0.1,constant_med,26,med,0.3548688960045067,APPROX-2,APPROX-2,0.004854551182916287,0.004854551182916287,True,True
conv,mixed,0.1,constant_med,27,med,0.35376079151357714,APPROX-2,APPROX-2,0.004733715904690349,0.004733715904690349,True,True
conv,mixed,0.1,constant_med,28,med,0.43209722335643347,APPROX-2,APPROX-2,0.004784309179182158,0.004784309179182158,True,True
conv,mixed,0.1,constant_med,29,med,0.5283484692130972,APPROX-2,APPROX-2,0.0053192792120431015,0.0053192792120431015,True,True
conv,mixed,0.1,constant_med,30,low,0.4634486771893556,APPROX-2,APPROX-2,0.005296705902245362,0.005296705902245362,True,True
conv,high,0.005,oscillating,0,high,1.7023416055003235,APPROX-1,APPROX-1,0.0012301954957595917,0.0012301954957595917,True,True
conv,high,0.005,oscillating,1,high,0.414188942551976,APPROX-1,APPROX-1,0.000219434135977,0.000219434135977,True,True
conv,high,0.005,oscillating,2,low,0.4708076966740241,APPROX-1,APPROX-1,0.00018340475067545254,0.00018340475067545254,True,True
conv,high,0.005,oscillating,3,med,0.4659518200897057,APPROX-1,APPROX-1,0.00022315579014119466,0.00022315579014119466,True,True
conv,high,0.005,oscillating,4,high,1.1015433095110467,APPROX-1,APPROX-1,0.0009873776312504569,0.0009873776312504569,True,True
conv,high,0.005,oscillating,5,high,1.1708075089284289,APPROX-1,APPROX-1,0.0011759571208942259,0.0011759571208942259,True,True
conv,high,0.005,oscillating,6,high,0.9890466500735421,APPROX-1,APPROX-1,0.0009458729254207848,0.0009458729254207848,True,True
conv,high,0.005,oscillating,7,high,0.4238986582938221,APPROX-1,APPROX-1,0.0002707604807997102,0.0002707604807997102,True,True
conv,high,0.005,oscillating,8,med,0.46926478382459846,APPROX-1,APPROX-1,0.00022884881578295118,0.00022884881578295118,True,True
conv,high,0.005,oscillating,9,med,0.46960167754818966,APPROX-1,APPROX-1,0.0002270018266087482,0.0002270018266087482,True,True
conv,high,0.005,oscillating,10,med,0.5814283462926462,APPROX-1,APPROX-1,0.0002625256127267451,0.0002625256127267451,True,True
conv,high,0.005,oscillating,11,high,1.018843075932732,EXACT,APPROX-1,0.0,0.0010674967803647331,True,True
conv,high,0.005,oscillating,12,high,0.35740229019841036,APPROX-1,APPROX-1,0.00022233803225984528,0.00022233803225984528,True,True
conv,high,0.005,oscillating,13,low,0.28849351570245635,APPROX-1,APPROX-1,0.0001915659782887386,0.0001915659782887386,True,True
conv,high,0.005,oscillating,14,med,0.5974472620923541,APPROX-1,APPROX-1,0.00018205699441593704,0.00018205699441593704,True,True
conv,high,0.005,oscillating,15,low,0.527691030935771,APPROX-1,APPROX-1,0.00021274323307399418,0.00021274323307399418,True,True
conv,high,0.005,oscillating,16,high,0.9311298169440945,APPROX-1,APPROX-1,0.0016329885367872621,0.0016329885367872621,True,True
conv,high,0.005,oscillating,17,high,1.0785559565279947,APPROX-1,APPROX-1,0.0015104165003606413,0.0015104165003606413,True,True
conv,high,0.005,oscillating,18,high,0.4070327738814007,APPROX-1,APPROX-1,0.0002378624638390546,0.0002378624638390546,True,True
conv,high,0.005,oscillating,19,med,0.37287115584165703,APPROX-1,APPROX-1,0.000207669668782862,0.000207669668782862,True,True
conv,high,0.005,oscillating,20,high,0.6047006992519567,APPROX-1,APPROX-1,0.0002627897989836126,0.0002627897989836126,True,True
conv,high,0.005,oscillating,21,med,0.46659671927647023,APPROX-1,APPROX-1,0.00025523104860641454,0.00025523104860641454,True,True
conv,high,0.005,oscillating,22,high,0.3009195096829759,APPROX-1,APPROX-1,0.00026636589336208864,0.00026636589336208864,True,True
conv,high,0.005,oscillating,23,med,0.4217843918471309,APPROX-1,APPROX-1,0.00024579765543530853,0.00024579765543530853,True,True
conv,high,0.005,oscillating,24,high,0.4983408804859582,APPROX-1,APPROX-1,0.0002609833256784769,0.0002609833256784769,True,True
conv,high,0.005,oscillating,25,med,0.49544451004514434,APPROX-1,APPROX-1,0.00024778610168225897,0.00024778610168225897,True,True
conv,high,0.005,oscillating,26,high,0.786136966515807,APPROX-1,APPROX-1,0.0012692652678029815,0.0012692652678029815,True,True
conv,high,0.005,oscillating,27,high,0.9030093788950135,EXACT,APPROX-1,0.0,0.0009196868462496218,True,True
conv,high,0.005,oscillating,28,high,0.744731692601038,APPROX-1,APPROX-1,0.0007415461007707787,0.0007415461007707787,True,True
conv,high,0.005,oscillating,29,high,0.37201936130291635,APPROX-1,APPROX-1,0.00023039196092769281,0.00023039196092769281,True,True
conv,high,0.005,oscillating,30,med,0.3768096485640041,APPROX-1,APPROX-1,0.00021311582366088225,0.00021311582366088225,True,True
conv,high,0.005,rising,0,high,1.7023416055003235,EXACT,APPROX-1,0.0,0.0012301954957595917,True,True
conv,high,0.005,rising,1,high,0.414188942551976,APPROX-1,APPROX-1,0.000219434135977,0.000219434135977,True,True
conv,high,0.005,rising,2,low,0.4708076966740241,APPROX-1,APPROX-1,0.00018340475067545254,0.00018340475067545254,True,True
conv,high,0.005,rising,3,med,0.4659518200897057,APPROX-1,APPROX-1,0.00022315579014119466,0.00022315579014119466,True,True
conv,high,0.005,rising,4,high,1.1015433095110467,EXACT,APPROX-1,0.0,0.0009873776312504569,True,True
conv,high,0.005,rising,5,high,1.1708075089284289,EXACT,APPROX-1,0.0,0.0011759571208942259,True,True
conv,high,0.005,rising,6,high,0.9890466500735421,APPROX-1,APPROX-1,0.0009458729254207848,0.0009458729254207848,True,True
conv,high,0.005,rising,7,high,0.4238986582938221,APPROX-1,APPROX-1,0.0002707604807997102,0.0002707604807997102,True,True
conv,high,0.005,rising,8,med,0.46926478382459846,APPROX-1,APPROX-1,0.00022884881578295118,0.00022884881578295118,True,True
conv,high,0.005,rising,9,med,0.46960167754818966,APPROX-1,APPROX-1,0.0002270018266087482,0.0002270018266087482,True,True
conv,high,0.005,rising,10,med,0.5814283462926462,APPROX-1,APPROX-1,0.0002625256127267451,0.0002625256127267451,True,True
conv,high,0.005,rising,11,high,1.018843075932732,APPROX-1,APPROX-1,0.0010674967803647331,0.0010674967803647331,True,True
conv,high,0.005,rising,12,high,0.35740229019841036,APPROX-1,APPROX-1,0.00022233803225984528,0.00022233803225984528,True,True
conv,high,0.005,rising,13,low,0.28849351570245635,APPROX-1,APPROX-1,0.0001915659782887386,0.0001915659782887386,True,True
conv,high,0.005,rising,14,med,0.5974472620923541,APPROX-1,APPROX-1,0.00018205699441593704,0.00018205699441593704,True,True
conv,high,0.005,rising,15,low,0.527691030935771,APPROX-1,APPROX-1,0.00021274323307399418,0.00021274323307399418,True,True
conv,high,0.005,rising,16,high,0.9311298169440945,APPROX-1,APPROX-1,0.0016329885367872621,0.0016329885367872621,True,True
conv,high,0.005,rising,17,high,1.0785559565279947,APPROX-1,APPROX-1,0.0015104165003606413,0.0015104165003606413,True,True
conv,high,0.005,rising,18,high,0.4070327738814007,APPROX-1,APPROX-1,0.0002378624638390546,0.0002378624638390546,True,True
conv,high,0.005,rising,19,med,0.37287115584165703,APPROX-1,APPROX-1,0.000207669668782862,0.000207669668782862,True,True
conv,high,0.005,rising,20,high,0.6047006992519567,APPROX-1,APPROX-1,0.0002627897989836126,0.0002627897989836126,True,True
conv,high,0.005,rising,21,med,0.46659671927647023,APPROX-1,APPROX-1,0.00025523104860641454,0.00025523104860641454,True,True
conv,high,0.005,rising,22,high,0.3009195096829759,APPROX-1,APPROX-1,0.00026636589336208864,0.00026636589336208864,True,True
conv,high,0.005,rising,23,med,0.4217843918471309,APPROX-1,APPROX-1,0.00024579765543530853,0.00024579765543530853,True,True
conv,high,0.005,rising,24,high,0.4983408804859582,APPROX-1,APPROX-1,0.0002609833256784769,0.0002609833256784769,True,True
conv,high,0.005,rising,25,med,0.49544451004514434,APPROX-1,APPROX-1,0.00024778610168225897,0.00024778610168225897,True,True
conv,high,0.005,rising,26,high,0.786136966515807,APPROX-1,APPROX-1,0.0012692652678029815,0.0012692652678029815,True,True
conv,high,0.005,rising,27,high,0.9030093788950135,APPROX-1,APPROX-1,0.0009196868462496218,0.0009196868462496218,True,True
conv,high,0.005,rising,28,high,0.744731692601038,APPROX-1,APPROX-1,0.0007415461007707787,0.0007415461007707787,True,True
conv,high,0.005,rising,29,high,0.37201936130291635,APPROX-1,APPROX-1,0.00023039196092769281,0.00023039196092769281,True,True
conv,high,0.005,rising,30,med,0.3768096485640041,APPROX-1,APPROX-1,0.00021311582366088225,0.00021311582366088225,True,True
conv,high,0.005,constant_med,0,high,1.7023416055003235,EXACT,APPROX-1,0.0,0.0012301954957595917,True,True
conv,high,0.005,constant_med,1,high,0.414188942551976,APPROX-1,APPROX-1,0.000219434135977,0.000219434135977,True,True
conv,high,0.005,constant_med,2,low,0.4708076966740241,APPROX-1,APPROX-1,0.00018340475067545254,0.00018340475067545254,True,True
conv,high,0.005,constant_med,3,med,0.4659518200897057,APPROX-1,APPROX-1,0.00022315579014119466,0.00022315579014119466,True,True
conv,high,0.005,constant_med,4,high,1.1015433095110467,APPROX-1,APPROX-1,0.0009873776312504569,0.0009873776312504569,True,True
conv,high,0.005,constant_med,5,high,1.1708075089284289,APPROX-1,APPROX-1,0.0011759571208942259,0.0011759571208942259,True,True
conv,high,0.005,constant_med,6,high,0.9890466500735421,APPROX-1,APPROX-1,0.0009458729254207848,0.0009458729254207848,True,True
conv,high,0.005,constant_med,7,high,0.4238986582938221,APPROX-1,APPROX-1,0.0002707604807997102,0.0002707604807997102,True,True
conv,high,0.005,constant_med,8,med,0.46926478382459846,APPROX-1,APPROX-1,0.00022884881578295118,0.00022884881578295118,True,True
conv,high,0.005,constant_med,9,med,0.46960167754818966,APPROX-1,APPROX-1,0.0002270018266087482,0.0002270018266087482,True,True
conv,high,0.005,constant_med,10,med,0.5814283462926462,APPROX-1,APPROX-1,0.0002625256127267451,0.0002625256127267451,True,True
conv,high,0.005,constant_med,11,high,1.018843075932732,APPROX-1,APPROX-1,0.0010674967803647331,0.0010674967803647331,True,True
conv,high,0.005,constant_med,12,high,0.35740229019841036,APPROX-1,APPROX-1,0.00022233803225984528,0.00022233803225984528,True,True
conv,high,0.005,constant_med,13,low,0.28849351570245635,APPROX-1,APPROX-1,0.0001915659782887386,0.0001915659782887386,True,True
conv,high,0.005,constant_med,14,med,0.5974472620923541,APPROX-1,APPROX-1,0.00018205699441593704,0.00018205699441593704,True,True
conv,high,0.005,constant_med,15,low,0.527691030935771,APPROX-1,APPROX-1,0.00021274323307399418,0.00021274323307399418,True,True
conv,high,0.005,constant_med,16,high,0.9311298169440945,APPROX-1,APPROX-1,0.0016329885367872621,0.0016329885367872621,True,True
conv,high,0.005,constant_med,17,high,1.0785559565279947,APPROX-1,APPROX-1,0.0015104165003606413,0.0015104165003606413,True,True
conv,high,0.005,constant_med,18,high,0.4070327738814007,APPROX-1,APPROX-1,0.0002378624638390546,0.0002378624638390546,True,True
conv,high,0.005,constant_med,19,med,0.37287115584165703,APPROX-1,APPROX-1,0.000207669668782862,0.000207669668782862,True,True
conv,high,0.005,constant_med,20,high,0.6047006992519567,APPROX-1,APPROX-1,0.0002627897989836126,0.0002627897989836126,True,True
conv,high,0.005,constant_med,21,med,0.46659671927647023,APPROX-1,APPROX-1,0.00025523104860641454,0.00025523104860641454,True,True
conv,high,0.005,constant_med,22,high,0.3009195096829759,APPROX-1,APPROX-1,0.00026636589336208864,0.00026636589336208864,True,True
conv,high,0.005,constant_med,23,med,0.4217843918471309,APPROX-1,APPROX-1,0.00024579765543530853,0.00024579765543530853,True,True
conv,high,0.005,constant_med,24,high,0.4983408804859582,APPROX-1,APPROX-1,0.0002609833256784769,0.0002609833256784769,True,True
conv,high,0.005,constant_med,25,med,0.49544451004514434,APPROX-1,APPROX-1,0.00024778610168225897,0.00024778610168225897,True,True
conv,high,0.005,constant_med,26,high,0.786136966515807,APPROX-1,APPROX-1,0.0012692652678029815,0.0012692652678029815,True,True
conv,high,0.005,constant_med,27,high,0.9030093788950135,APPROX-1,APPROX-1,0.0009196868462496218,0.0009196868462496218,True,True
conv,high,0.005,constant_med,28,high,0.744731692601038,APPROX-1,APPROX-1,0.0007415461007707787,0.0007415461007707787,True,True
conv,high,0.005,constant_med,29,high,0.37201936130291635,APPROX-1,APPROX-1,0.00023039196092769281,0.00023039196092769281,True,True
conv,high,0.005,constant_med,30,med,0.3768096485640041,APPROX-1,APPROX-1,0.00021311582366088225,0.00021311582366088225,True,True
conv,high,0.01,oscillating,0,high,1.7023416055003235,APPROX-1,APPROX-1,0.0012301954957595917,0.0012301954957595917,True,True
conv,high,0.01,oscillating,1,high,0.414188942551976,APPROX-1,APPROX-1,0.000219434135977,0.000219434135977,True,True
conv,high,0.01,oscillating,2,low,0.4708076966740241,APPROX-1,APPROX-1,0.00018340475067545254,0.00018340475067545254,True,True
conv,high,0.01,oscillating,3,med,0.4659518200897057,APPROX-2,APPROX-1,0.004010164949184232,0.00022315579014119466,True,True
conv,high,0.01,oscillating,4,high,1.1015433095110467,APPROX-1,APPROX-1,0.0009873776312504569,0.0009873776312504569,True,True
conv,high,0.01,oscillating,5,high,1.1708075089284289,APPROX-1,APPROX-1,0.0011759571208942259,0.0011759571208942259,True,True
conv,high,0.01,oscillating,6,high,0.9890466500735421,APPROX-1,APPROX-1,0.0009458729254207848,0.0009458729254207848,True,True
conv,high,0.01,oscillating,7,high,0.4238986582938221,APPROX-1,APPROX-1,0.0002707604807997102,0.0002707604807997102,True,True
conv,high,0.01,oscillating,8,med,0.46926478382459846,APPROX-1,APPROX-1,0.00022884881578295118,0.00022884881578295118,True,True
conv,high,0.01,oscillating,9,med,0.46960167754818966,APPROX-1,APPROX-1,0.0002270018266087482,0.0002270018266087482,True,True
conv,high,0.01,oscillating,10,med,0.5814283462926462,APPROX-1,APPROX-1,0.0002625256127267451,0.0002625256127267451,True,True
conv,high,0.01,oscillating,11,high,1.018843075932732,APPROX-1,APPROX-1,0.0010674967803647331,0.0010674967803647331,True,True
conv,high,0.01,oscillating,12,high,0.35740229019841036,APPROX-1,APPROX-1,0.00022233803225984528,0.00022233803225984528,True,True
conv,high,0.01,oscillating,13,low,0.28849351570245635,APPROX-1,APPROX-1,0.0001915659782887386,0.0001915659782887386,True,True
conv,high,0.01,oscillating,14,med,0.5974472620923541,APPROX-1,APPROX-1,0.00018205699441593704,0.00018205699441593704,True,True
conv,high,0.01,oscillating,15,low,0.527691030935771,APPROX-1,APPROX-1,0.00021274323307399418,0.00021274323307399418,True,True
conv,high,0.01,oscillating,16,high,0.9311298169440945,APPROX-1,APPROX-1,0.0016329885367872621,0.0016329885367872621,True,True
conv,high,0.01,oscillating,17,high,1.0785559565279947,APPROX-1,APPROX-1,0.0015104165003606413,0.0015104165003606413,True,True
conv,high,0.01,oscillating,18,high,0.4070327738814007,APPROX-1,APPROX-1,0.0002378624638390546,0.0002378624638390546,True,True
conv,high,0.01,oscillating,19,med,0.37287115584165703,APPROX-2,APPROX-1,0.0051478164722554695,0.000207669668782862,True,True
conv,high,0.01,oscillating,20,high,0.6047006992519567,APPROX-1,APPROX-1,0.0002627897989836126,0.0002627897989836126,True,True
conv,high,0.01,oscillating,21,med,0.46659671927647023,APPROX-1,APPROX-1,0.00025523104860641454,0.00025523104860641454,True,True
conv,high,0.01,oscillating,22,high,0.3009195096829759,APPROX-1,APPROX-1,0.00026636589336208864,0.00026636589336208864,True,True
conv,high,0.01,oscillating,23,med,0.4217843918471309,APPROX-1,APPROX-1,0.00024579765543530853,0.00024579765543530853,True,True
conv,high,0.01,oscillating,24,high,0.4983408804859582,APPROX-1,APPROX-1,0.0002609833256784769,0.0002609833256784769,True,True
conv,high,0.01,oscillating,25,med,0.49544451004514434,APPROX-1,APPROX-1,0.00024778610168225897,0.00024778610168225897,True,True
conv,high,0.01,oscillating,26,high,0.786136966515807,APPROX-1,APPROX-1,0.0012692652678029815,0.0012692652678029815,True,True
conv,high,0.01,oscillating,27,high,0.9030093788950135,APPROX-1,APPROX-1,0.0009196868462496218,0.0009196868462496218,True,True
conv,high,0.01,oscillating,28,high,0.744731692601038,APPROX-1,APPROX-1,0.0007415461007707787,0.0007415461007707787,True,True
conv,high,0.01,oscillating,29,high,0.37201936130291635,APPROX-1,APPROX-1,0.00023039196092769281,0.00023039196092769281,True,True
conv,high,0.01,oscillating,30,med,0.3768096485640041,APPROX-1,APPROX-1,0.00021311582366088225,0.00021311582366088225,True,True
conv,high,0.01,rising,0,high,1.7023416055003235,APPROX-1,APPROX-1,0.0012301954957595917,0.0012301954957595917,True,True
conv,high,0.01,rising,1,high,0.414188942551976,APPROX-1,APPROX-1,0.000219434135977,0.000219434135977,True,True
conv,high,0.01,rising,2,low,0.4708076966740241,APPROX-1,APPROX-1,0.00018340475067545254,0.00018340475067545254,True,True
conv,high,0.01,rising,3,med,0.4659518200897057,APPROX-1,APPROX-1,0.00022315579014119466,0.00022315579014119466,True,True
conv,high,0.01,rising,4,high,1.1015433095110467,APPROX-1,APPROX-1,0.0009873776312504569,0.0009873776312504569,True,True
conv,high,0.01,rising,5,high,1.1708075089284289,APPROX-1,APPROX-1,0.0011759571208942259,0.0011759571208942259,True,True
conv,high,0.01,rising,6,high,0.9890466500735421,APPROX-1,APPROX-1,0.0009458729254207848,0.0009458729254207848,True,True
conv,high,0.01,rising,7,high,0.4238986582938221,APPROX-1,APPROX-1,0.0002707604807997102,0.0002707604807997102,True,True
conv,high,0.01,rising,8,med,0.46926478382459846,APPROX-1,APPROX-1,0.00022884881578295118,0.00022884881578295118,True,True
conv,high,0.01,rising,9,med,0.46960167754818966,APPROX-1,APPROX-1,0.0002270018266087482,0.0002270018266087482,True,True
conv,high,0.01,rising,10,med,0.5814283462926462,APPROX-1,APPROX-1,0.0002625256127267451,0.0002625256127267451,True,True
conv,high,0.01,rising,11,high,1.018843075932732,APPROX-1,APPROX-1,0.0010674967803647331,0.0010674967803647331,True,True
conv,high,0.01,rising,12,high,0.35740229019841036,APPROX-1,APPROX-1,0.00022233803225984528,0.00022233803225984528,True,True
conv,high,0.01,rising,13,low,0.28849351570245635,APPROX-1,APPROX-1,0.0001915659782887386,0.0001915659782887386,True,True
conv,high,0.01,rising,14,med,0.5974472620923541,APPROX-1,APPROX-1,0.00018205699441593704,0.00018205699441593704,True,True
conv,high,0.01,rising,15,low,0.527691030935771,APPROX-1,APPROX-1,0.00021274323307399418,0.00021274323307399418,True,True
conv,high,0.01,rising,16,high,0.9311298169440945,APPROX-1,APPROX-1,0.0016329885367872621,0.0016329885367872621,True,True
conv,high,0.01,rising,17,high,1.0785559565279947,APPROX-1,APPROX-1,0.0015104165003606413,0.0015104165003606413,True,True
conv,high,0.01,rising,18,high,0.4070327738814007,APPROX-1,APPROX-1,0.0002378624638390546,0.0002378624638390546,True,True
conv,high,0.01,rising,19,med,0.37287115584165703,APPROX-1,APPROX-1,0.000207669668782862,0.000207669668782862,True,True
conv,high,0.01,rising,20,high,0.6047006992519567,APPROX-1,APPROX-1,0.0002627897989836126,0.0002627897989836126,True,True
conv,high,0.01,rising,21,med,0.46659671927647023,APPROX-1,APPROX-1,0.00025523104860641454,0.00025523104860641454,True,True
conv,high,0.01,rising,22,high,0.3009195096829759,APPROX-1,APPROX-1,0.00026636589336208864,0.00026636589336208864,True,True
conv,high,0.01,rising,23,med,0.4217843918471309,APPROX-1,APPROX-1,0.00024579765543530853,0.00024579765543530853,True,True
conv,high,0.01,rising,24,high,0.4983408804859582,APPROX-1,APPROX-1,0.0002609833256784769,0.0002609833256784769,True,True
conv,high,0.01,rising,25,med,0.49544451004514434,APPROX-1,APPROX-1,0.00024778610168225897,0.00024778610168225897,True,True
conv,high,0.01,rising,26,high,0.786136966515807,APPROX-1,APPROX-1,0.0012692652678029815,0.0012692652678029815,True,True
conv,high,0.01,rising,27,high,0.9030093788950135,APPROX-1,APPROX-1,0.0009196868462496218,0.0009196868462496218,True,True
conv,high,0.01,rising,28,high,0.744731692601038,APPROX-1,APPROX-1,0.0007415461007707787,0.0007415461007707787,True,True
conv,high,0.01,rising,29,high,0.37201936130291635,APPROX-2,APPROX-1,0.004847325902643577,0.00023039196092769281,True,True
conv,high,0.01,rising,30,med,0.3768096485640041,APPROX-2,APPROX-1,0.0045051581454706,0.00021311582366088225,True,True
conv,high,0.01,constant_med,0,high,1.7023416055003235,APPROX-1,APPROX-1,0.0012301954957595917,0.0012301954957595917,True,True
conv,high,0.01,constant_med,1,high,0.414188942551976,APPROX-1,APPROX-1,0.000219434135977,0.000219434135977,True,True
conv,high,0.01,constant_med,2,low,0.4708076966740241,APPROX-1,APPROX-1,0.00018340475067545254,0.00018340475067545254,True,True
conv,high,0.01,constant_med,3,med,0.4659518200897057,APPROX-1,APPROX-1,0.00022315579014119466,0.00022315579014119466,True,True
conv,high,0.01,constant_med,4,high,1.1015433095110467,APPROX-1,APPROX-1,0.0009873776312504569,0.0009873776312504569,True,True
conv,high,0.01,constant_med,5,high,1.1708075089284289,APPROX-1,APPROX-1,0.0011759571208942259,0.0011759571208942259,True,True
conv,high,0.01,constant_med,6,high,0.9890466500735421,APPROX-1,APPROX-1,0.0009458729254207848,0.0009458729254207848,True,True
conv,high,0.01,constant_med,7,high,0.4238986582938221,APPROX-1,APPROX-1,0.0002707604807997102,0.0002707604807997102,True,True
conv,high,0.01,constant_med,8,med,0.46926478382459846,APPROX-1,APPROX-1,0.00022884881578295118,0.00022884881578295118,True,True
conv,high,0.01,constant_med,9,med,0.46960167754818966,APPROX-1,APPROX-1,0.0002270018266087482,0.0002270018266087482,True,True
conv,high,0.01,constant_med,10,med,0.5814283462926462,APPROX-1,APPROX-1,0.0002625256127267451,0.0002625256127267451,True,True
conv,high,0.01,constant_med,11,high,1.018843075932732,APPROX-1,APPROX-1,0.0010674967803647331,0.0010674967803647331,True,True
conv,high,0.01,constant_med,12,high,0.35740229019841036,APPROX-1,APPROX-1,0.00022233803225984528,0.00022233803225984528,True,True
conv,high,0.01,constant_med,13,low,0.28849351570245635,APPROX-1,APPROX-1,0.0001915659782887386,0.0001915659782887386,True,True
conv,high,0.01,constant_med,14,med,0.5974472620923541,APPROX-1,APPROX-1,0.00018205699441593704,0.00018205699441593704,True,True
conv,high,0.01,constant_med,15,low,0.527691030935771,APPROX-1,APPROX-1,0.00021274323307399418,0.00021274323307399418,True,True
conv,high,0.01,constant_med,16,high,0.9311298169440945,APPROX-1,APPROX-1,0.0016329885367872621,0.0016329885367872621,True,True
conv,high,0.01,constant_med,17,high,1.0785559565279947,APPROX-1,APPROX-1,0.0015104165003606413,0.0015104165003606413,True,True
conv,high,0.01,constant_med,18,high,0.4070327738814007,APPROX-1,APPROX-1,0.0002378624638390546,0.0002378624638390546,True,True
conv,high,0.01,constant_med,19,med,0.37287115584165703,APPROX-1,APPROX-1,0.000207669668782862,0.000207669668782862,True,True
conv,high,0.01,constant_med,20,high,0.6047006992519567,APPROX-1,APPROX-1,0.0002627897989836126,0.0002627897989836126,True,True
conv,high,0.01,constant_med,21,med,0.46659671927647023,APPROX-1,APPROX-1,0.00025523104860641454,0.00025523104860641454,True,True
conv,high,0.01,constant_med,22,high,0.3009195096829759,APPROX-1,APPROX-1,0.00026636589336208864,0.00026636589336208864,True,True
conv,high,0.01,constant_med,23,med,0.4217843918471309,APPROX-1,APPROX-1,0.00024579765543530853,0.00024579765543530853,True,True
conv,high,0.01,constant_med,24,high,0.4983408804859582,APPROX-1,APPROX-1,0.0002609833256784769,0.0002609833256784769,True,True
conv,high,0.01,constant_med,25,med,0.49544451004514434,APPROX-1,APPROX-1,0.00024778610168225897,0.00024778610168225897,True,True
conv,high,0.01,constant_med,26,high,0.786136966515807,APPROX-1,APPROX-1,0.0012692652678029815,0.0012692652678029815,True,True
conv,high,0.01,constant_med,27,high,0.9030093788950135,APPROX-1,APPROX-1,0.0009196868462496218,0.0009196868462496218,True,True
conv,high,0.01,constant_med,28,high,0.744731692601038,APPROX-1,APPROX-1,0.0007415461007707787,0.0007415461007707787,True,True
conv,high,0.01,constant_med,29,high,0.37201936130291635,APPROX-1,APPROX-1,0.00023039196092769281,0.00023039196092769281,True,True
conv,high,0.01,constant_med,30,med,0.3768096485640041,APPROX-1,APPROX-1,0.00021311582366088225,0.00021311582366088225,True,True
conv,high,0.02,oscillating,0,high,1.7023416055003235,APPROX-1,APPROX-1,0.0012301954957595917,0.0012301954957595917,True,True
conv,high,0.02,oscillating,1,high,0.414188942551976,APPROX-1,APPROX-1,0.000219434135977,0.000219434135977,True,True
conv,high,0.02,oscillating,2,low,0.4708076966740241,APPROX-2,APPROX-1,0.005544391998109995,0.00018340475067545254,True,True
conv,high,0.02,oscillating,3,med,0.4659518200897057,APPROX-2,APPROX-2,0.004010164949184232,0.004010164949184232,True,True
conv,high,0.02,oscillating,4,high,1.1015433095110467,APPROX-1,APPROX-2,0.0009873776312504569,0.01718642082126913,True,True
conv,high,0.02,oscillating,5,high,1.1708075089284289,APPROX-1,APPROX-2,0.0011759571208942259,0.017445807961836084,True,True
conv,high,0.02,oscillating,6,high,0.9890466500735421,APPROX-2,APPROX-2,0.013134552159884856,0.013134552159884856,True,True
conv,high,0.02,oscillating,7,high,0.4238986582938221,APPROX-1,APPROX-1,0.0002707604807997102,0.0002707604807997102,True,True
conv,high,0.02,oscillating,8,med,0.46926478382459846,APPROX-1,APPROX-1,0.00022884881578295118,0.00022884881578295118,True,True
conv,high,0.02,oscillating,9,med,0.46960167754818966,APPROX-1,APPROX-1,0.0002270018266087482,0.0002270018266087482,True,True
conv,high,0.02,oscillating,10,med,0.5814283462926462,APPROX-1,APPROX-1,0.0002625256127267451,0.0002625256127267451,True,True
conv,high,0.02,oscillating,11,high,1.018843075932732,APPROX-1,APPROX-1,0.0010674967803647331,0.0010674967803647331,True,True
conv,high,0.02,oscillating,12,high,0.35740229019841036,APPROX-1,APPROX-1,0.00022233803225984528,0.00022233803225984528,True,True
conv,high,0.02,oscillating,13,low,0.28849351570245635,APPROX-1,APPROX-1,0.0001915659782887386,0.0001915659782887386,True,True
conv,high,0.02,oscillating,14,med,0.5974472620923541,APPROX-1,APPROX-1,0.00018205699441593704,0.00018205699441593704,True,True
conv,high,0.02,oscillating,15,low,0.527691030935771,APPROX-1,APPROX-1,0.00021274323307399418,0.00021274323307399418,True,True
conv,high,0.02,oscillating,16,high,0.9311298169440945,APPROX-1,APPROX-1,0.0016329885367872621,0.0016329885367872621,True,True
conv,high,0.02,oscillating,17,high,1.0785559565279947,APPROX-1,APPROX-1,0.0015104165003606413,0.0015104165003606413,True,True
conv,high,0.02,oscillating,18,high,0.4070327738814007,APPROX-2,APPROX-2,0.0053839424396191935,0.0053839424396191935,True,True
conv,high,0.02,oscillating,19,med,0.37287115584165703,APPROX-2,APPROX-2,0.0051478164722554695,0.0051478164722554695,True,True
conv,high,0.02,oscillating,20,high,0.6047006992519567,APPROX-2,APPROX-2,0.005070822324030859,0.005070822324030859,True,True
conv,high,0.02,oscillating,21,med,0.46659671927647023,APPROX-2,APPROX-2,0.0053550587011004765,0.0053550587011004765,True,True
conv,high,0.02,oscillating,22,high,0.3009195096829759,APPROX-2,APPROX-1,0.005505079449769182,0.00026636589336208864,True,True
conv,high,0.02,oscillating,23,med,0.4217843918471309,APPROX-1,APPROX-1,0.00024579765543530853,0.00024579765543530853,True,True
conv,high,0.02,oscillating,24,high,0.4983408804859582,APPROX-1,APPROX-1,0.0002609833256784769,0.0002609833256784769,True,True
conv,high,0.02,oscillating,25,med,0.49544451004514434,APPROX-1,APPROX-1,0.00024778610168225897,0.00024778610168225897,True,True
conv,high,0.02,oscillating,26,high,0.786136966515807,APPROX-1,APPROX-1,0.0012692652678029815,0.0012692652678029815,True,True
conv,high,0.02,oscillating,27,high,0.9030093788950135,APPROX-1,APPROX-1,0.0009196868462496218,0.0009196868462496218,True,True
conv,high,0.02,oscillating,28,high,0.744731692601038,APPROX-1,APPROX-1,0.0007415461007707787,0.0007415461007707787,True,True
conv,high,0.02,oscillating,29,high,0.37201936130291635,APPROX-1,APPROX-1,0.00023039196092769281,0.00023039196092769281,True,True
conv,high,0.02,oscillating,30,med,0.3768096485640041,APPROX-1,APPROX-1,0.00021311582366088225,0.00021311582366088225,True,True
conv,high,0.02,rising,0,high,1.7023416055003235,APPROX-1,APPROX-1,0.0012301954957595917,0.0012301954957595917,True,True
conv,high,0.02,rising,1,high,0.414188942551976,APPROX-1,APPROX-1,0.000219434135977,0.000219434135977,True,True
conv,high,0.02,rising,2,low,0.4708076966740241,APPROX-1,APPROX-1,0.00018340475067545254,0.00018340475067545254,True,True
conv,high,0.02,rising,3,med,0.4659518200897057,APPROX-1,APPROX-1,0.00022315579014119466,0.00022315579014119466,True,True
conv,high,0.02,rising,4,high,1.1015433095110467,APPROX-1,APPROX-1,0.0009873776312504569,0.0009873776312504569,True,True
conv,high,0.02,rising,5,high,1.1708075089284289,APPROX-1,APPROX-1,0.0011759571208942259,0.0011759571208942259,True,True
conv,high,0.02,rising,6,high,0.9890466500735421,APPROX-1,APPROX-1,0.0009458729254207848,0.0009458729254207848,True,True
conv,high,0.02,rising,7,high,0.4238986582938221,APPROX-1,APPROX-1,0.0002707604807997102,0.0002707604807997102,True,True
conv,high,0.02,rising,8,med,0.46926478382459846,APPROX-1,APPROX-1,0.00022884881578295118,0.00022884881578295118,True,True
conv,high,0.02,rising,9,med,0.46960167754818966,APPROX-1,APPROX-1,0.0002270018266087482,0.0002270018266087482,True,True
conv,high,0.02,rising,10,med,0.5814283462926462,APPROX-1,APPROX-1,0.0002625256127267451,0.0002625256127267451,True,True
conv,high,0.02,rising,11,high,1.018843075932732,APPROX-1,APPROX-1,0.0010674967803647331,0.0010674967803647331,True,True
conv,high,0.02,rising,12,high,0.35740229019841036,APPROX-1,APPROX-1,0.00022233803225984528,0.00022233803225984528,True,True
conv,high,0.02,rising,13,low,0.28849351570245635,APPROX-1,APPROX-1,0.0001915659782887386,0.0001915659782887386,True,True
conv,high,0.02,rising,14,med,0.5974472620923541,APPROX-1,APPROX-1,0.00018205699441593704,0.00018205699441593704,True,True
conv,high,0.02,rising,15,low,0.527691030935771,APPROX-1,APPROX-1,0.00021274323307399418,0.00021274323307399418,True,True
conv,high,0.02,rising,16,high,0.9311298169440945,APPROX-1,APPROX-1,0.0016329885367872621,0.0016329885367872621,True,True
conv,high,0.02,rising,17,high,1.0785559565279947,APPROX-1,APPROX-1,0.0015104165003606413,0.0015104165003606413,True,True
conv,high,0.02,rising,18,high,0.4070327738814007,APPROX-1,APPROX-1,0.0002378624638390546,0.0002378624638390546,True,True
conv,high,0.02,rising,19,med,0.37287115584165703,APPROX-1,APPROX-1,0.000207669668782862,0.000207669668782862,True,True
conv,high,0.02,rising,20,high,0.6047006992519567,APPROX-1,APPROX-1,0.0002627897989836126,0.0002627897989836126,True,True
conv,high,0.02,rising,21,med,0.46659671927647023,APPROX-1,APPROX-1,0.00025523104860641454,0.00025523104860641454,True,True
conv,high,0.02,rising,22,high,0.3009195096829759,APPROX-1,APPROX-1,0.00026636589336208864,0.00026636589336208864,True,True
conv,high,0.02,rising,23,med,0.4217843918471309,APPROX-1,APPROX-1,0.00024579765543530853,0.00024579765543530853,True,True
conv,high,0.02,rising,24,high,0.4983408804859582,APPROX-1,APPROX-1,0.0002609833256784769,0.0002609833256784769,True,True
conv,high,0.02,rising,25,med,0.49544451004514434,APPROX-1,APPROX-1,0.00024778610168225897,0.00024778610168225897,True,True
conv,high,0.02,rising,26,high,0.786136966515807,APPROX-1,APPROX-1,0.0012692652678029815,0.0012692652678029815,True,True
conv,high,0.02,rising,27,high,0.9030093788950135,APPROX-1,APPROX-1,0.0009196868462496218,0.0009196868462496218,True,True
conv,high,0.02,rising,28,high,0.744731692601038,APPROX-1,APPROX-1,0.0007415461007707787,0.0007415461007707787,True,True
conv,high,0.02,rising,29,high,0.37201936130291635,APPROX-2,APPROX-2,0.004847325902643577,0.004847325902643577,True,True
conv,high,0.02,rising,30,med,0.3768096485640041,APPROX-2,APPROX-2,0.0045051581454706,0.0045051581454706,True,True
conv,high,0.02,constant_med,0,high,1.7023416055003235,APPROX-1,APPROX-1,0.0012301954957595917,0.0012301954957595917,True,True
conv,high,0.02,constant_med,1,high,0.414188942551976,APPROX-1,APPROX-1,0.000219434135977,0.000219434135977,True,True
conv,high,0.02,constant_med,2,low,0.4708076966740241,APPROX-1,APPROX-1,0.00018340475067545254,0.00018340475067545254,True,True
conv,high,0.02,constant_med,3,med,0.4659518200897057,APPROX-1,APPROX-1,0.00022315579014119466,0.00022315579014119466,True,True
conv,high,0.02,constant_med,4,high,1.1015433095110467,APPROX-1,APPROX-1,0.0009873776312504569,0.0009873776312504569,True,True
conv,high,0.02,constant_med,5,high,1.1708075089284289,APPROX-1,APPROX-1,0.0011759571208942259,0.0011759571208942259,True,True
conv,high,0.02,constant_med,6,high,0.9890466500735421,APPROX-1,APPROX-1,0.0009458729254207848,0.0009458729254207848,True,True
conv,high,0.02,constant_med,7,high,0.4238986582938221,APPROX-1,APPROX-1,0.0002707604807997102,0.0002707604807997102,True,True
conv,high,0.02,constant_med,8,med,0.46926478382459846,APPROX-1,APPROX-1,0.00022884881578295118,0.00022884881578295118,True,True
conv,high,0.02,constant_med,9,med,0.46960167754818966,APPROX-1,APPROX-1,0.0002270018266087482,0.0002270018266087482,True,True
conv,high,0.02,constant_med,10,med,0.5814283462926462,APPROX-1,APPROX-1,0.0002625256127267451,0.0002625256127267451,True,True
conv,high,0.02,constant_med,11,high,1.018843075932732,APPROX-1,APPROX-1,0.0010674967803647331,0.0010674967803647331,True,True
conv,high,0.02,constant_med,12,high,0.35740229019841036,APPROX-1,APPROX-1,0.00022233803225984528,0.00022233803225984528,True,True
conv,high,0.02,constant_med,13,low,0.28849351570245635,APPROX-1,APPROX-1,0.0001915659782887386,0.0001915659782887386,True,True
conv,high,0.02,constant_med,14,med,0.5974472620923541,APPROX-1,APPROX-1,0.00018205699441593704,0.00018205699441593704,True,True
conv,high,0.02,constant_med,15,low,0.527691030935771,APPROX-1,APPROX-1,0.00021274323307399418,0.00021274323307399418,True,True
conv,high,0.02,constant_med,16,high,0.9311298169440945,APPROX-1,APPROX-1,0.0016329885367872621,0.0016329885367872621,True,True
conv,high,0.02,constant_med,17,high,1.0785559565279947,APPROX-1,APPROX-1,0.0015104165003606413,0.0015104165003606413,True,True
conv,high,0.02,constant_med,18,high,0.4070327738814007,APPROX-1,APPROX-1,0.0002378624638390546,0.0002378624638390546,True,True
conv,high,0.02,constant_med,19,med,0.37287115584165703,APPROX-1,APPROX-1,0.000207669668782862,0.000207669668782862,True,True
conv,high,0.02,constant_med,20,high,0.6047006992519567,APPROX-1,APPROX-1,0.0002627897989836126,0.0002627897989836126,True,True
conv,high,0.02,constant_med,21,med,0.46659671927647023,APPROX-1,APPROX-1,0.00025523104860641454,0.00025523104860641454,True,True
conv,high,0.02,constant_med,22,high,0.3009195096829759,APPROX-1,APPROX-1,0.00026636589336208864,0.00026636589336208864,True,True
conv,high,0.02,constant_med,23,med,0.4217843918471309,APPROX-1,APPROX-1,0.00024579765543530853,0.00024579765543530853,True,True
conv,high,0.02,constant_med,24,high,0.4983408804859582,APPROX-1,APPROX-1,0.0002609833256784769,0.0002609833256784769,True,True
conv,high,0.02,constant_med,25,med,0.49544451004514434,APPROX-1,APPROX-1,0.00024778610168225897,0.00024778610168225897,True,True
conv,high,0.02,constant_med,26,high,0.786136966515807,APPROX-1,APPROX-1,0.0012692652678029815,0.0012692652678029815,True,True
conv,high,0.02,constant_med,27,high,0.9030093788950135,APPROX-1,APPROX-1,0.0009196868462496218,0.0009196868462496218,True,True
conv,high,0.02,constant_med,28,high,0.744731692601038,APPROX-1,APPROX-1,0.0007415461007707787,0.0007415461007707787,True,True
conv,high,0.02,constant_med,29,high,0.37201936130291635,APPROX-1,APPROX-1,0.00023039196092769281,0.00023039196092769281,True,True
conv,high,0.02,constant_med,30,med,0.3768096485640041,APPROX-1,APPROX-1,0.00021311582366088225,0.00021311582366088225,True,True
conv,high,0.05,oscillating,0,high,1.7023416055003235,APPROX-1,APPROX-1,0.0012301954957595917,0.0012301954957595917,True,True
conv,high,0.05,oscillating,1,high,0.414188942551976,APPROX-2,APPROX-2,0.005672774361386268,0.005672774361386268,True,True
conv,high,0.05,oscillating,2,low,0.4708076966740241,APPROX-2,APPROX-2,0.005544391998109995,0.005544391998109995,True,True
conv,high,0.05,oscillating,3,med,0.4659518200897057,APPROX-2,APPROX-2,0.004010164949184232,0.004010164949184232,True,True
conv,high,0.05,oscillating,4,high,1.1015433095110467,APPROX-2,APPROX-3,0.01718642082126913,0.06344754659963242,True,False
conv,high,0.05,oscillating,5,high,1.1708075089284289,APPROX-2,APPROX-2,0.017445807961836084,0.017445807961836084,True,True
conv,high,0.05,oscillating,6,high,0.9890466500735421,APPROX-2,APPROX-2,0.013134552159884856,0.013134552159884856,True,True
conv,high,0.05,oscillating,7,high,0.4238986582938221,APPROX-2,APPROX-2,0.005047389463219423,0.005047389463219423,True,True
conv,high,0.05,oscillating,8,med,0.46926478382459846,APPROX-1,APPROX-1,0.00022884881578295118,0.00022884881578295118,True,True
conv,high,0.05,oscillating,9,med,0.46960167754818966,APPROX-1,APPROX-1,0.0002270018266087482,0.0002270018266087482,True,True
conv,high,0.05,oscillating,10,med,0.5814283462926462,APPROX-1,APPROX-1,0.0002625256127267451,0.0002625256127267451,True,True
conv,high,0.05,oscillating,11,high,1.018843075932732,APPROX-1,APPROX-1,0.0010674967803647331,0.0010674967803647331,True,True
conv,high,0.05,oscillating,12,high,0.35740229019841036,APPROX-1,APPROX-1,0.00022233803225984528,0.00022233803225984528,True,True
conv,high,0.05,oscillating,13,low,0.28849351570245635,APPROX-1,APPROX-1,0.0001915659782887386,0.0001915659782887386,True,True
conv,high,0.05,oscillating,14,med,0.5974472620923541,APPROX-1,APPROX-1,0.00018205699441593704,0.00018205699441593704,True,True
conv,high,0.05,oscillating,15,low,0.527691030935771,APPROX-1,APPROX-1,0.00021274323307399418,0.00021274323307399418,True,True
conv,high,0.05,oscillating,16,high,0.9311298169440945,APPROX-1,APPROX-1,0.0016329885367872621,0.0016329885367872621,True,True
conv,high,0.05,oscillating,17,high,1.0785559565279947,APPROX-1,APPROX-2,0.0015104165003606413,0.021381423571698782,True,True
conv,high,0.05,oscillating,18,high,0.4070327738814007,APPROX-2,APPROX-2,0.0053839424396191935,0.0053839424396191935,True,True
conv,high,0.05,oscillating,19,med,0.37287115584165703,APPROX-3,APPROX-3,0.015655020956729618,0.015655020956729618,True,True
conv,high,0.05,oscillating,20,high,0.6047006992519567,APPROX-3,APPROX-3,0.015072838491984462,0.015072838491984462,True,True
conv,high,0.05,oscillating,21,med,0.46659671927647023,APPROX-2,APPROX-2,0.0053550587011004765,0.0053550587011004765,True,True
conv,high,0.05,oscillating,22,high,0.3009195096829759,APPROX-2,APPROX-2,0.005505079449769182,0.005505079449769182,True,True
conv,high,0.05,oscillating,23,med,0.4217843918471309,APPROX-2,APPROX-2,0.0053724371651859785,0.0053724371651859785,True,True
conv,high,0.05,oscillating,24,high,0.4983408804859582,APPROX-1,APPROX-1,0.0002609833256784769,0.0002609833256784769,True,True
conv,high,0.05,oscillating,25,med,0.49544451004514434,APPROX-1,APPROX-1,0.00024778610168225897,0.00024778610168225897,True,True
conv,high,0.05,oscillating,26,high,0.786136966515807,APPROX-1,APPROX-1,0.0012692652678029815,0.0012692652678029815,True,True
conv,high,0.05,oscillating,27,high,0.9030093788950135,APPROX-1,APPROX-1,0.0009196868462496218,0.0009196868462496218,True,True
conv,high,0.05,oscillating,28,high,0.744731692601038,APPROX-1,APPROX-1,0.0007415461007707787,0.0007415461007707787,True,True
conv,high,0.05,oscillating,29,high,0.37201936130291635,APPROX-1,APPROX-1,0.00023039196092769281,0.00023039196092769281,True,True
conv,high,0.05,oscillating,30,med,0.3768096485640041,APPROX-1,APPROX-1,0.00021311582366088225,0.00021311582366088225,True,True
conv,high,0.05,rising,0,high,1.7023416055003235,APPROX-1,APPROX-1,0.0012301954957595917,0.0012301954957595917,True,True
conv,high,0.05,rising,1,high,0.414188942551976,APPROX-1,APPROX-1,0.000219434135977,0.000219434135977,True,True
conv,high,0.05,rising,2,low,0.4708076966740241,APPROX-1,APPROX-1,0.00018340475067545254,0.00018340475067545254,True,True
conv,high,0.05,rising,3,med,0.4659518200897057,APPROX-1,APPROX-1,0.00022315579014119466,0.00022315579014119466,True,True
conv,high,0.05,rising,4,high,1.1015433095110467,APPROX-1,APPROX-1,0.0009873776312504569,0.0009873776312504569,True,True
conv,high,0.05,rising,5,high,1.1708075089284289,APPROX-1,APPROX-1,0.0011759571208942259,0.0011759571208942259,True,True
conv,high,0.05,rising,6,high,0.9890466500735421,APPROX-1,APPROX-1,0.0009458729254207848,0.0009458729254207848,True,True
conv,high,0.05,rising,7,high,0.4238986582938221,APPROX-1,APPROX-1,0.0002707604807997102,0.0002707604807997102,True,True
conv,high,0.05,rising,8,med,0.46926478382459846,APPROX-1,APPROX-1,0.00022884881578295118,0.00022884881578295118,True,True
conv,high,0.05,rising,9,med,0.46960167754818966,APPROX-1,APPROX-1,0.0002270018266087482,0.0002270018266087482,True,True
conv,high,0.05,rising,10,med,0.5814283462926462,APPROX-1,APPROX-1,0.0002625256127267451,0.0002625256127267451,True,True
conv,high,0.05,rising,11,high,1.018843075932732,APPROX-1,APPROX-1,0.0010674967803647331,0.0010674967803647331,True,True
conv,high,0.05,rising,12,high,0.35740229019841036,APPROX-2,APPROX-1,0.005213635138364005,0.00022233803225984528,True,True
conv,high,0.05,rising,13,low,0.28849351570245635,APPROX-2,APPROX-1,0.004946997435886324,0.0001915659782887386,True,True
conv,high,0.05,rising,14,med,0.5974472620923541,APPROX-1,APPROX-1,0.00018205699441593704,0.00018205699441593704,True,True
conv,high,0.05,rising,15,low,0.527691030935771,APPROX-1,APPROX-1,0.00021274323307399418,0.00021274323307399418,True,True
conv,high,0.05,rising,16,high,0.9311298169440945,APPROX-1,APPROX-1,0.0016329885367872621,0.0016329885367872621,True,True
conv,high,0.05,rising,17,high,1.0785559565279947,APPROX-1,APPROX-1,0.0015104165003606413,0.0015104165003606413,True,True
conv,high,0.05,rising,18,high,0.4070327738814007,APPROX-2,APPROX-1,0.0053839424396191935,0.0002378624638390546,True,True
conv,high,0.05,rising,19,med,0.37287115584165703,APPROX-2,APPROX-1,0.0051478164722554695,0.000207669668782862,True,True
conv,high,0.05,rising,20,high,0.6047006992519567,APPROX-2,APPROX-2,0.005070822324030859,0.005070822324030859,True,True
conv,high,0.05,rising,21,med,0.46659671927647023,APPROX-2,APPROX-1,0.0053550587011004765,0.00025523104860641454,True,True
conv,high,0.05,rising,22,high,0.3009195096829759,APPROX-2,APPROX-2,0.005505079449769182,0.005505079449769182,True,True
conv,high,0.05,rising,23,med,0.4217843918471309,APPROX-2,APPROX-2,0.0053724371651859785,0.0053724371651859785,True,True
conv,high,0.05,rising,24,high,0.4983408804859582,APPROX-2,APPROX-2,0.004684875580292141,0.004684875580292141,True,True
conv,high,0.05,rising,25,med,0.49544451004514434,APPROX-2,APPROX-2,0.005122086826943906,0.005122086826943906,True,True
conv,high,0.05,rising,26,high,0.786136966515807,APPROX-2,APPROX-2,0.01606002901001005,0.01606002901001005,True,True
conv,high,0.05,rising,27,high,0.9030093788950135,APPROX-2,APPROX-2,0.015447031308757301,0.015447031308757301,True,True
conv,high,0.05,rising,28,high,0.744731692601038,APPROX-2,APPROX-2,0.011482504590014552,0.011482504590014552,True,True
conv,high,0.05,rising,29,high,0.37201936130291635,APPROX-2,APPROX-2,0.004847325902643577,0.004847325902643577,True,True
conv,high,0.05,rising,30,med,0.3768096485640041,APPROX-3,APPROX-3,0.013236496844647824,0.013236496844647824,True,True
conv,high,0.05,constant_med,0,high,1.7023416055003235,APPROX-1,APPROX-1,0.0012301954957595917,0.0012301954957595917,True,True
conv,high,0.05,constant_med,1,high,0.414188942551976,APPROX-2,APPROX-1,0.005672774361386268,0.000219434135977,True,True
conv,high,0.05,constant_med,2,low,0.4708076966740241,APPROX-1,APPROX-1,0.00018340475067545254,0.00018340475067545254,True,True
conv,high,0.05,constant_med,3,med,0.4659518200897057,APPROX-1,APPROX-1,0.00022315579014119466,0.00022315579014119466,True,True
conv,high,0.05,constant_med,4,high,1.1015433095110467,APPROX-1,APPROX-1,0.0009873776312504569,0.0009873776312504569,True,True
conv,high,0.05,constant_med,5,high,1.1708075089284289,APPROX-1,APPROX-1,0.0011759571208942259,0.0011759571208942259,True,True
conv,high,0.05,constant_med,6,high,0.9890466500735421,APPROX-1,APPROX-1,0.0009458729254207848,0.0009458729254207848,True,True
conv,high,0.05,constant_med,7,high,0.4238986582938221,APPROX-2,APPROX-1,0.005047389463219423,0.0002707604807997102,True,True
conv,high,0.05,constant_med,8,med,0.46926478382459846,APPROX-1,APPROX-1,0.00022884881578295118,0.00022884881578295118,True,True
conv,high,0.05,constant_med,9,med,0.46960167754818966,APPROX-1,APPROX-1,0.0002270018266087482,0.0002270018266087482,True,True
conv,high,0.05,constant_med,10,med,0.5814283462926462,APPROX-1,APPROX-1,0.0002625256127267451,0.0002625256127267451,True,True
conv,high,0.05,constant_med,11,high,1.018843075932732,APPROX-1,APPROX-1,0.0010674967803647331,0.0010674967803647331,True,True
conv,high,0.05,constant_med,12,high,0.35740229019841036,APPROX-2,APPROX-1,0.005213635138364005,0.00022233803225984528,True,True
conv,high,0.05,constant_med,13,low,0.28849351570245635,APPROX-2,APPROX-1,0.004946997435886324,0.0001915659782887386,True,True
conv,high,0.05,constant_med,14,med,0.5974472620923541,APPROX-1,APPROX-1,0.00018205699441593704,0.00018205699441593704,True,True
conv,high,0.05,constant_med,15,low,0.527691030935771,APPROX-1,APPROX-1,0.00021274323307399418,0.00021274323307399418,True,True
conv,high,0.05,constant_med,16,high,0.9311298169440945,APPROX-1,APPROX-1,0.0016329885367872621,0.0016329885367872621,True,True
conv,high,0.05,constant_med,17,high,1.0785559565279947,APPROX-1,APPROX-1,0.0015104165003606413,0.0015104165003606413,True,True
conv,high,0.05,constant_med,18,high,0.4070327738814007,APPROX-2,APPROX-1,0.0053839424396191935,0.0002378624638390546,True,True
conv,high,0.05,constant_med,19,med,0.37287115584165703,APPROX-2,APPROX-1,0.0051478164722554695,0.000207669668782862,True,True
conv,high,0.05,constant_med,20,high,0.6047006992519567,APPROX-1,APPROX-1,0.0002627897989836126,0.0002627897989836126,True,True
conv,high,0.05,constant_med,21,med,0.46659671927647023,APPROX-1,APPROX-1,0.00025523104860641454,0.00025523104860641454,True,True
conv,high,0.05,constant_med,22,high,0.3009195096829759,APPROX-2,APPROX-1,0.005505079449769182,0.00026636589336208864,True,True
conv,high,0.05,constant_med,23,med,0.4217843918471309,APPROX-2,APPROX-1,0.0053724371651859785,0.00024579765543530853,True,True
conv,high,0.05,constant_med,24,high,0.4983408804859582,APPROX-1,APPROX-1,0.0002609833256784769,0.0002609833256784769,True,True
conv,high,0.05,constant_med,25,med,0.49544451004514434,APPROX-1,APPROX-1,0.00024778610168225897,0.00024778610168225897,True,True
conv,high,0.05,constant_med,26,high,0.786136966515807,APPROX-1,APPROX-1,0.0012692652678029815,0.0012692652678029815,True,True
conv,high,0.05,constant_med,27,high,0.9030093788950135,APPROX-1,APPROX-1,0.0009196868462496218,0.0009196868462496218,True,True
conv,high,0.05,constant_med,28,high,0.744731692601038,APPROX-1,APPROX-1,0.0007415461007707787,0.0007415461007707787,True,True
conv,high,0.05,constant_med,29,high,0.37201936130291635,APPROX-2,APPROX-1,0.004847325902643577,0.00023039196092769281,True,True
conv,high,0.05,constant_med,30,med,0.3768096485640041,APPROX-2,APPROX-1,0.0045051581454706,0.00021311582366088225,True,True
conv,high,0.1,oscillating,0,high,1.7023416055003235,APPROX-1,APPROX-2,0.0012301954957595917,0.019412112341094207,True,True
conv,high,0.1,oscillating,1,high,0.414188942551976,APPROX-2,APPROX-2,0.005672774361386268,0.005672774361386268,True,True
conv,high,0.1,oscillating,2,low,0.4708076966740241,APPROX-2,APPROX-2,0.005544391998109995,0.005544391998109995,True,True
conv,high,0.1,oscillating,3,med,0.4659518200897057,APPROX-3,APPROX-2,0.015996000143532876,0.004010164949184232,True,True
conv,high,0.1,oscillating,4,high,1.1015433095110467,APPROX-3,APPROX-3,0.06344754659963242,0.06344754659963242,True,True
conv,high,0.1,oscillating,5,high,1.1708075089284289,APPROX-2,APPROX-2,0.017445807961836084,0.017445807961836084,True,True
conv,high,0.1,oscillating,6,high,0.9890466500735421,APPROX-2,APPROX-2,0.013134552159884856,0.013134552159884856,True,True
conv,high,0.1,oscillating,7,high,0.4238986582938221,APPROX-2,APPROX-2,0.005047389463219423,0.005047389463219423,True,True
conv,high,0.1,oscillating,8,med,0.46926478382459846,APPROX-2,APPROX-2,0.004538240061315678,0.004538240061315678,True,True
conv,high,0.1,oscillating,9,med,0.46960167754818966,APPROX-2,APPROX-1,0.0047176184853535644,0.0002270018266087482,True,True
conv,high,0.1,oscillating,10,med,0.5814283462926462,APPROX-1,APPROX-1,0.0002625256127267451,0.0002625256127267451,True,True
conv,high,0.1,oscillating,11,high,1.018843075932732,APPROX-1,APPROX-1,0.0010674967803647331,0.0010674967803647331,True,True
conv,high,0.1,oscillating,12,high,0.35740229019841036,APPROX-2,APPROX-1,0.005213635138364005,0.00022233803225984528,True,True
conv,high,0.1,oscillating,13,low,0.28849351570245635,APPROX-2,APPROX-1,0.004946997435886324,0.0001915659782887386,True,True
conv,high,0.1,oscillating,14,med,0.5974472620923541,APPROX-1,APPROX-1,0.00018205699441593704,0.00018205699441593704,True,True
conv,high,0.1,oscillating,15,low,0.527691030935771,APPROX-2,APPROX-1,0.005025889295699873,0.00021274323307399418,True,True
conv,high,0.1,oscillating,16,high,0.9311298169440945,APPROX-1,APPROX-2,0.0016329885367872621,0.023308739811141045,True,True
conv,high,0.1,oscillating,17,high,1.0785559565279947,APPROX-2,APPROX-2,0.021381423571698782,0.021381423571698782,True,True
conv,high,0.1,oscillating,18,high,0.4070327738814007,APPROX-2,APPROX-2,0.0053839424396191935,0.0053839424396191935,True,True
conv,high,0.1,oscillating,19,med,0.37287115584165703,APPROX-3,APPROX-3,0.015655020956729618,0.015655020956729618,True,True
conv,high,0.1,oscillating,20,high,0.6047006992519567,APPROX-3,APPROX-3,0.015072838491984462,0.015072838491984462,True,True
conv,high,0.1,oscillating,21,med,0.46659671927647023,APPROX-2,APPROX-2,0.0053550587011004765,0.0053550587011004765,True,True
conv,high,0.1,oscillating,22,high,0.3009195096829759,APPROX-2,APPROX-2,0.005505079449769182,0.005505079449769182,True,True
conv,high,0.1,oscillating,23,med,0.4217843918471309,APPROX-2,APPROX-2,0.0053724371651859785,0.0053724371651859785,True,True
conv,high,0.1,oscillating,24,high,0.4983408804859582,APPROX-2,APPROX-2,0.004684875580292141,0.004684875580292141,True,True
conv,high,0.1,oscillating,25,med,0.49544451004514434,APPROX-2,APPROX-1,0.005122086826943906,0.00024778610168225897,True,True
conv,high,0.1,oscillating,26,high,0.786136966515807,APPROX-1,APPROX-1,0.0012692652678029815,0.0012692652678029815,True,True
conv,high,0.1,oscillating,27,high,0.9030093788950135,APPROX-1,APPROX-1,0.0009196868462496218,0.0009196868462496218,True,True
conv,high,0.1,oscillating,28,high,0.744731692601038,APPROX-1,APPROX-1,0.0007415461007707787,0.0007415461007707787,True,True
conv,high,0.1,oscillating,29,high,0.37201936130291635,APPROX-2,APPROX-1,0.004847325902643577,0.00023039196092769281,True,True
conv,high,0.1,oscillating,30,med,0.3768096485640041,APPROX-2,APPROX-1,0.0045051581454706,0.00021311582366088225,True,True
conv,high,0.1,rising,0,high,1.7023416055003235,APPROX-1,APPROX-1,0.0012301954957595917,0.0012301954957595917,True,True
conv,high,0.1,rising,1,high,0.414188942551976,APPROX-2,APPROX-1,0.005672774361386268,0.000219434135977,True,True
conv,high,0.1,rising,2,low,0.4708076966740241,APPROX-2,APPROX-1,0.005544391998109995,0.00018340475067545254,True,True
conv,high,0.1,rising,3,med,0.4659518200897057,APPROX-2,APPROX-1,0.004010164949184232,0.00022315579014119466,True,True
conv,high,0.1,rising,4,high,1.1015433095110467,APPROX-1,APPROX-1,0.0009873776312504569,0.0009873776312504569,True,True
conv,high,0.1,rising,5,high,1.1708075089284289,APPROX-1,APPROX-1,0.0011759571208942259,0.0011759571208942259,True,True
conv,high,0.1,rising,6,high,0.9890466500735421,APPROX-1,APPROX-2,0.0009458729254207848,0.013134552159884856,True,True
conv,high,0.1,rising,7,high,0.4238986582938221,APPROX-2,APPROX-2,0.005047389463219423,0.005047389463219423,True,True
conv,high,0.1,rising,8,med,0.46926478382459846,APPROX-2,APPROX-1,0.004538240061315678,0.00022884881578295118,True,True
conv,high,0.1,rising,9,med,0.46960167754818966,APPROX-2,APPROX-2,0.0047176184853535644,0.0047176184853535644,True,True
conv,high,0.1,rising,10,med,0.5814283462926462,APPROX-2,APPROX-1,0.005028563913852894,0.0002625256127267451,True,True
conv,high,0.1,rising,11,high,1.018843075932732,APPROX-1,APPROX-2,0.0010674967803647331,0.015688882495415123,True,True
conv,high,0.1,rising,12,high,0.35740229019841036,APPROX-2,APPROX-2,0.005213635138364005,0.005213635138364005,True,True
conv,high,0.1,rising,13,low,0.28849351570245635,APPROX-2,APPROX-2,0.004946997435886324,0.004946997435886324,True,True
conv,high,0.1,rising,14,med,0.5974472620923541,APPROX-2,APPROX-2,0.004853435293355229,0.004853435293355229,True,True
conv,high,0.1,rising,15,low,0.527691030935771,APPROX-2,APPROX-2,0.005025889295699873,0.005025889295699873,True,True
conv,high,0.1,rising,16,high,0.9311298169440945,APPROX-1,APPROX-2,0.0016329885367872621,0.023308739811141045,True,True
conv,high,0.1,rising,17,high,1.0785559565279947,APPROX-1,APPROX-2,0.0015104165003606413,0.021381423571698782,True,True
conv,high,0.1,rising,18,high,0.4070327738814007,APPROX-2,APPROX-2,0.0053839424396191935,0.0053839424396191935,True,True
conv,high,0.1,rising,19,med,0.37287115584165703,APPROX-2,APPROX-2,0.0051478164722554695,0.0051478164722554695,True,True
conv,high,0.1,rising,20,high,0.6047006992519567,APPROX-2,APPROX-2,0.005070822324030859,0.005070822324030859,True,True
conv,high,0.1,rising,21,med,0.46659671927647023,APPROX-2,APPROX-2,0.0053550587011004765,0.0053550587011004765,True,True
conv,high,0.1,rising,22,high,0.3009195096829759,APPROX-2,APPROX-2,0.005505079449769182,0.005505079449769182,True,True
conv,high,0.1,rising,23,med,0.4217843918471309,APPROX-2,APPROX-2,0.0053724371651859785,0.0053724371651859785,True,True
conv,high,0.1,rising,24,high,0.4983408804859582,APPROX-2,APPROX-2,0.004684875580292141,0.004684875580292141,True,True
conv,high,0.1,rising,25,med,0.49544451004514434,APPROX-2,APPROX-2,0.005122086826943906,0.005122086826943906,True,True
conv,high,0.1,rising,26,high,0.786136966515807,APPROX-2,APPROX-2,0.01606002901001005,0.01606002901001005,True,True
conv,high,0.1,rising,27,high,0.9030093788950135,APPROX-2,APPROX-2,0.015447031308757301,0.015447031308757301,True,True
conv,high,0.1,rising,28,high,0.744731692601038,APPROX-2,APPROX-2,0.011482504590014552,0.011482504590014552,True,True
conv,high,0.1,rising,29,high,0.37201936130291635,APPROX-3,APPROX-2,0.015212618754235128,0.004847325902643577,True,True
conv,high,0.1,rising,30,med,0.3768096485640041,APPROX-3,APPROX-3,0.013236496844647824,0.013236496844647824,True,True
conv,high,0.1,constant_med,0,high,1.7023416055003235,APPROX-1,APPROX-2,0.0012301954957595917,0.019412112341094207,True,True
conv,high,0.1,constant_med,1,high,0.414188942551976,APPROX-2,APPROX-2,0.005672774361386268,0.005672774361386268,True,True
conv,high,0.1,constant_med,2,low,0.4708076966740241,APPROX-2,APPROX-2,0.005544391998109995,0.005544391998109995,True,True
conv,high,0.1,constant_med,3,med,0.4659518200897057,APPROX-2,APPROX-2,0.004010164949184232,0.004010164949184232,True,True
conv,high,0.1,constant_med,4,high,1.1015433095110467,APPROX-1,APPROX-2,0.0009873776312504569,0.01718642082126913,True,True
conv,high,0.1,constant_med,5,high,1.1708075089284289,APPROX-1,APPROX-2,0.0011759571208942259,0.017445807961836084,True,True
conv,high,0.1,constant_med,6,high,0.9890466500735421,APPROX-1,APPROX-2,0.0009458729254207848,0.013134552159884856,True,True
conv,high,0.1,constant_med,7,high,0.4238986582938221,APPROX-2,APPROX-2,0.005047389463219423,0.005047389463219423,True,True
conv,high,0.1,constant_med,8,med,0.46926478382459846,APPROX-2,APPROX-2,0.004538240061315678,0.004538240061315678,True,True
conv,high,0.1,constant_med,9,med,0.46960167754818966,APPROX-2,APPROX-2,0.0047176184853535644,0.0047176184853535644,True,True
conv,high,0.1,constant_med,10,med,0.5814283462926462,APPROX-2,APPROX-2,0.005028563913852894,0.005028563913852894,True,True
conv,high,0.1,constant_med,11,high,1.018843075932732,APPROX-1,APPROX-2,0.0010674967803647331,0.015688882495415123,True,True
conv,high,0.1,constant_med,12,high,0.35740229019841036,APPROX-2,APPROX-2,0.005213635138364005,0.005213635138364005,True,True
conv,high,0.1,constant_med,13,low,0.28849351570245635,APPROX-2,APPROX-2,0.004946997435886324,0.004946997435886324,True,True
conv,high,0.1,constant_med,14,med,0.5974472620923541,APPROX-2,APPROX-2,0.004853435293355229,0.004853435293355229,True,True
conv,high,0.1,constant_med,15,low,0.527691030935771,APPROX-2,APPROX-2,0.005025889295699873,0.005025889295699873,True,True
conv,high,0.1,constant_med,16,high,0.9311298169440945,APPROX-1,APPROX-2,0.0016329885367872621,0.023308739811141045,True,True
conv,high,0.1,constant_med,17,high,1.0785559565279947,APPROX-1,APPROX-2,0.0015104165003606413,0.021381423571698782,True,True
conv,high,0.1,constant_med,18,high,0.4070327738814007,APPROX-2,APPROX-2,0.0053839424396191935,0.0053839424396191935,True,True
conv,high,0.1,constant_med,19,med,0.37287115584165703,APPROX-2,APPROX-2,0.0051478164722554695,0.0051478164722554695,True,True
conv,high,0.1,constant_med,20,high,0.6047006992519567,APPROX-2,APPROX-2,0.005070822324030859,0.005070822324030859,True,True
conv,high,0.1,constant_med,21,med,0.46659671927647023,APPROX-2,APPROX-2,0.0053550587011004765,0.0053550587011004765,True,True
conv,high,0.1,constant_med,22,high,0.3009195096829759,APPROX-2,APPROX-2,0.005505079449769182,0.005505079449769182,True,True
conv,high,0.1,constant_med,23,med,0.4217843918471309,APPROX-2,APPROX-2,0.0053724371651859785,0.0053724371651859785,True,True
conv,high,0.1,constant_med,24,high,0.4983408804859582,APPROX-2,APPROX-2,0.004684875580292141,0.004684875580292141,True,True
conv,high,0.1,constant_med,25,med,0.49544451004514434,APPROX-2,APPROX-2,0.005122086826943906,0.005122086826943906,True,True
conv,high,0.1,constant_med,26,high,0.786136966515807,APPROX-2,APPROX-2,0.01606002901001005,0.01606002901001005,True,True
conv,high,0.1,constant_med,27,high,0.9030093788950135,APPROX-1,APPROX-2,0.0009196868462496218,0.015447031308757301,True,True
conv,high,0.1,constant_med,28,high,0.744731692601038,APPROX-2,APPROX-2,0.011482504590014552,0.011482504590014552,True,True
conv,high,0.1,constant_med,29,high,0.37201936130291635,APPROX-2,APPROX-2,0.004847325902643577,0.004847325902643577,True,True
conv,high,0.1,constant_med,30,med,0.3768096485640041,APPROX-2,APPROX-2,0.0045051581454706,0.0045051581454706,True,True
